sk_id_curr,Target
100001,0.23304988
100005,0.6831677
100013,0.18202618
100028,0.11886684
100038,0.67998725
100042,0.3494812
100057,0.19651103
100065,0.17425972
100066,0.08541987
100067,0.38217437
100074,0.31920844
100090,0.31392068
100091,0.66064006
100092,0.5724267
100106,0.43878952
101020,0.48715508
100107,0.6977279
100109,0.2507967
100117,0.31223089
100128,0.46136588
100141,0.15868299
100150,0.15844367
100168,0.06935642
100169,0.25547814
100170,0.4430237
100171,0.51271003
100172,0.37103432
100184,0.55686474
100187,0.48719323
100212,0.4240985
100222,0.43671653
100223,0.28150257
100232,0.1884923
100241,0.69377875
100245,0.15530254
100253,0.17626336
100256,0.50035304
100271,0.08407979
100278,0.7540976
100280,0.051360935
100306,0.56153864
100311,0.4305058
100312,0.2644431
100330,0.51886564
100331,0.29146945
100352,0.75613517
100358,0.5636474
100367,0.25761145
100382,0.65372455
100384,0.39884308
100385,0.48176557
100386,0.45094898
100399,0.19876982
100404,0.4255967
100416,0.17741884
100422,0.45712647
100426,0.3546038
100438,0.24554797
100444,0.61045367
100445,0.7160394
100446,0.5442561
100447,0.19343238
100450,0.3173141
100466,0.14859931
100483,0.19800597
100484,0.21134284
100494,0.26491806
100510,0.6753133
100512,0.18746407
100517,0.23884383
100548,0.17179227
100551,0.18794289
100552,0.4747071
100553,0.2478517
100561,0.64065886
100568,0.90427494
100569,0.23481938
100591,0.43480727
100592,0.26405138
100602,0.4665894
100607,0.444048
100613,0.5257298
100617,0.6537936
100618,0.51530886
100622,0.45322332
100625,0.66472
100677,0.7306095
101021,0.22105214
100699,0.24543129
100702,0.7971067
100711,0.3650636
100729,0.49329275
100740,0.76274765
100744,0.62465805
100745,0.29363593
100747,0.42371902
100751,0.80951124
100752,0.4765655
100753,0.7975604
100754,0.69667184
100760,0.36153483
100762,0.52287453
100763,0.3745815
100765,0.24970464
100770,0.27862954
100772,0.24012326
100777,0.25387615
100791,0.19496933
100792,0.103484936
100797,0.19655703
100823,0.2598188
100826,0.32295075
100830,0.25688648
100836,0.7319256
100872,0.41466138
100910,0.44406614
100913,0.31458372
100918,0.42645073
100931,0.11718913
100952,0.41698387
100953,0.37897483
100965,0.6665801
100970,0.30179855
100982,0.6307813
100983,0.87455124
100984,0.15130506
100987,0.4070604
100997,0.4108674
100998,0.6955855
101002,0.4282504
101005,0.74263453
101008,0.8120499
101024,0.29998702
101025,0.7370947
101026,0.33674502
101031,0.29387245
101041,0.20639399
101051,0.21734577
101055,0.3973618
101056,0.7967598
101057,0.23496556
101064,0.16543606
101079,0.48973516
101087,0.09802979
101090,0.23718244
101092,0.47872445
101097,0.66530335
101099,0.12877297
101107,0.6215834
101118,0.48571917
101125,0.5379961
101126,0.24137223
101128,0.14148517
101136,0.56958085
101140,0.7020883
101149,0.64679104
101160,0.51743597
101169,0.75507754
101181,0.19287753
101186,0.19638343
101190,0.4460026
101193,0.5403636
101194,0.5786115
101198,0.75707126
101200,0.15963662
101204,0.26416343
101211,0.50492895
101213,0.41268113
101223,0.41308174
101225,0.5084871
101237,0.5897314
101243,0.4919986
101244,0.6599512
101258,0.2748606
101259,0.81572044
101268,0.46766448
101269,0.1064266
101271,0.3452695
101279,0.27679455
101281,0.5072879
101287,0.28420544
101292,0.2984114
101294,0.1994993
101296,0.53161305
101297,0.17804994
101299,0.15534967
101301,0.32457802
101305,0.513507
101308,0.69223714
101318,0.10852286
101327,0.8478372
101329,0.16272007
101332,0.2764053
101337,0.31633988
101343,0.12408123
101345,0.13466224
101346,0.13998924
101353,0.19182184
101354,0.6601839
101355,0.72201294
101356,0.16412695
101362,0.4303425
101363,0.87965626
101365,0.3031233
101366,0.59278184
101367,0.6917855
101368,0.106076345
101374,0.61044884
101380,0.15442823
101383,0.26453114
101398,0.16026187
101399,0.7241921
101401,0.7296997
101412,0.42330632
101426,0.37062168
101427,0.8112305
101428,0.5484925
101429,0.7237885
101434,0.36519766
101440,0.6570856
101448,0.47510636
101449,0.32880563
101465,0.1417735
101467,0.21665306
101472,0.51979655
101478,0.4487335
101497,0.49115357
101504,0.31116652
101547,0.20894341
101548,0.60513717
101555,0.33197227
101570,0.17451996
101572,0.45689556
101578,0.25138268
101580,0.7560173
101588,0.6219622
101602,0.2794981
101610,0.5769196
101614,0.3806728
101616,0.19114405
101643,0.49414277
101644,0.23116197
101649,0.38330323
101650,0.42545336
101665,0.115032524
101667,0.4798024
101669,0.22484651
101674,0.54481554
101675,0.30682763
103570,0.8410392
101678,0.5815166
101682,0.19593097
101686,0.27447382
101697,0.68198466
101700,0.89296913
101711,0.27372614
101714,0.3114135
101715,0.8043765
101728,0.29973742
101732,0.42165193
101757,0.4403503
101758,0.3037729
101759,0.5568943
101762,0.1321654
101764,0.33504653
101780,0.70939875
101784,0.14317237
101789,0.16239913
101816,0.5547084
101819,0.2005408
101827,0.15067986
101863,0.43001413
101867,0.2836482
101870,0.287559
101873,0.8119669
101878,0.53706527
101879,0.29153726
101880,0.12681049
101887,0.2968341
101897,0.19450551
101901,0.53141594
101903,0.6298472
101920,0.17129095
101921,0.311109
101922,0.51382154
101961,0.5256996
101962,0.1756141
101971,0.29794008
101976,0.8188951
102002,0.6217899
102005,0.20636544
102007,0.8072291
102017,0.16560648
102019,0.88267446
102029,0.17754741
102051,0.6201041
102052,0.050388098
102054,0.23900066
102062,0.33592635
102067,0.59696114
102068,0.3612635
102070,0.30725637
102090,0.4733661
102092,0.28902072
102099,0.506612
102100,0.18921725
102112,0.5454505
102113,0.1938426
102122,0.50400466
102123,0.41539592
102125,0.42704338
102126,0.7431115
102146,0.347074
102147,0.4966367
102151,0.32477367
102158,0.79973716
102159,0.2873288
102162,0.34283283
102165,0.3685113
102166,0.2455294
102174,0.16334812
102193,0.6626119
102198,0.3287434
102205,0.5179407
102206,0.085106455
102218,0.19131494
102221,0.21714975
102230,0.4069781
102238,0.33403212
102248,0.2602361
102252,0.7769435
102259,0.52291113
102262,0.72919524
102273,0.37381196
102286,0.66483533
102293,0.249423
102294,0.32360116
102296,0.4338729
102298,0.48000783
102303,0.16197737
102309,0.5747971
102315,0.14471322
102340,0.38293555
102342,0.50289714
102344,0.43606153
102346,0.5457386
102347,0.15380852
102374,0.34392628
102380,0.2051439
102387,0.2075642
102393,0.49046835
102403,0.19431049
102413,0.29989985
102414,0.12789305
102415,0.15609258
102416,0.643795
102439,0.44481024
102441,0.2738109
102443,0.13364077
102444,0.42298993
102445,0.7108327
102448,0.26690128
102449,0.37152657
102450,0.66866124
102456,0.10279452
102458,0.57381064
102459,0.39607355
102465,0.07831293
102470,0.67905784
102471,0.48387986
102475,0.3361392
102476,0.70774627
102506,0.3297475
102509,0.29046366
102519,0.25757593
102522,0.21956031
102545,0.24107778
102549,0.2792675
103572,0.6637909
102562,0.07607575
102563,0.17076251
102568,0.55419505
102582,0.37213907
102592,0.20492451
102597,0.5220467
102605,0.21492793
102614,0.19724284
102617,0.34978947
102634,0.42351392
102652,0.07822662
103574,0.13821378
102655,0.021224666
102671,0.4566443
102694,0.7267104
102701,0.37698954
102703,0.1886857
102704,0.17504494
102713,0.047305543
102720,0.71691537
102731,0.30762747
102733,0.15129545
102749,0.23502257
102755,0.2563326
103575,0.24249329
102763,0.17685573
102770,0.28209668
102772,0.54482484
102799,0.78565824
102838,0.08791635
102854,0.20728168
102862,0.5231934
102863,0.20855144
102867,0.21532533
102868,0.05481277
102878,0.5502046
102887,0.31191584
102898,0.7958525
103594,0.26160786
102904,0.6904286
102912,0.43235156
102919,0.31207228
102927,0.49214017
102932,0.35597318
102933,0.50761825
102935,0.16485605
102958,0.40821132
102969,0.68212324
102971,0.33502457
102975,0.32300216
102979,0.4361416
102982,0.077847205
102987,0.6581615
102989,0.24051401
102995,0.4246932
102996,0.08292187
103000,0.3465601
103001,0.35883102
103004,0.3293802
103010,0.10289115
103025,0.7144344
103029,0.25976795
103046,0.46224797
103056,0.23933528
103062,0.44235185
103078,0.16120015
103083,0.13256003
132658,0.35791117
103092,0.31527692
103096,0.5911873
103097,0.73374724
103102,0.75589037
103112,0.32731023
103132,0.3025613
103144,0.45193365
103145,0.45611113
103146,0.096272506
103147,0.4149635
103158,0.15927243
103171,0.56106263
103173,0.24076387
103184,0.21525638
103195,0.733764
103196,0.23002198
103206,0.16693096
103230,0.65906096
103231,0.5684715
103232,0.27737105
103239,0.59562165
103240,0.6083875
103243,0.30332863
103252,0.5929983
103258,0.08205293
103259,0.7312039
103279,0.17082104
132664,0.445945
103280,0.064547926
103286,0.21945202
103287,0.75177765
103290,0.31195292
103298,0.2748009
103315,0.06353967
103319,0.42579225
103334,0.6302187
103336,0.40904993
103345,0.335234
103368,0.12783597
103371,0.76668584
103377,0.2982285
103398,0.11816464
103591,0.39048147
103404,0.39381206
103408,0.728075
103410,0.4409975
103418,0.18142295
103420,0.7041506
103432,0.44948697
103433,0.17522386
103436,0.23951632
103440,0.28334466
103453,0.4225163
103459,0.2758054
103460,0.2390157
103461,0.13114789
103462,0.27177805
103473,0.50996715
103474,0.13235396
103475,0.7232319
103478,0.60855454
103480,0.44746745
103484,0.20224823
103494,0.5845968
103513,0.36542982
103515,0.31037703
103516,0.7245482
103525,0.69476837
103541,0.79701275
103544,0.15917382
103562,0.80913854
103609,0.41178834
103613,0.4247446
103614,0.19006537
103615,0.18005997
103624,0.35343844
103625,0.6188659
103628,0.7461426
103629,0.22751132
103647,0.48328924
103648,0.41891295
103651,0.16718699
103658,0.12367126
113390,0.6163803
103668,0.4397093
103669,0.32003802
103676,0.3755962
103682,0.5414199
103683,0.22787987
103689,0.31775105
103725,0.34119022
103733,0.49442074
103744,0.2610899
103762,0.40816885
103771,0.80375195
103773,0.056730326
113391,0.41321698
103783,0.45224094
103784,0.27566493
103808,0.12594485
103812,0.55553496
103813,0.68157077
103814,0.52661735
103818,0.7876162
103824,0.28676105
103828,0.070841245
103830,0.7129672
103840,0.30379826
103842,0.47337914
103847,0.7219396
103848,0.60624385
103851,0.14003496
103854,0.50724214
103857,0.6131032
103861,0.13352123
103862,0.35213062
103865,0.28235507
103870,0.12323423
103876,0.13958384
103891,0.8235072
103908,0.43495545
103914,0.5456709
103918,0.4228702
103940,0.1820593
103963,0.4514478
103966,0.34592387
103971,0.67521805
103980,0.5737909
103984,0.4348331
103985,0.20098764
103998,0.7965775
104019,0.18505025
104026,0.25643334
104035,0.5327432
104044,0.41197696
104045,0.36678135
104047,0.8277803
104051,0.1563503
104058,0.5812649
104063,0.14613396
104066,0.7570188
104087,0.23997307
139769,0.66842175
104089,0.4593677
104095,0.496129
104098,0.5057786
104104,0.34881085
104110,0.756862
104120,0.53846395
104122,0.21728063
104131,0.33762446
104132,0.56510025
104135,0.25031358
104136,0.13446441
104149,0.47879067
104150,0.3680419
104156,0.85435826
104165,0.5314749
104175,0.21967539
104179,0.43147165
104184,0.57607627
104206,0.265802
104216,0.8707626
104230,0.79843616
104257,0.1302719
104272,0.29740274
104273,0.44871765
104278,0.3787009
165721,0.59114325
104294,0.52813727
104295,0.25897315
104297,0.23518492
104298,0.25633824
104308,0.17123285
104318,0.33832228
104319,0.43695265
104320,0.562804
104327,0.42575464
104334,0.43492413
104344,0.42070046
104350,0.31770796
104351,0.6837796
104354,0.21654293
104369,0.5676574
104376,0.65279025
104381,0.20952263
104384,0.5166716
104391,0.17843258
104394,0.32806373
104398,0.8155304
104402,0.0427065
104408,0.35700548
104409,0.16683535
104410,0.86777765
104412,0.39921874
104417,0.50251937
104424,0.55125177
104426,0.36305866
104435,0.449519
104445,0.19235538
104458,0.13768443
104460,0.33191642
104466,0.31299967
104472,0.5763418
104473,0.42968196
104479,0.19042197
104480,0.21077345
104482,0.5324707
104499,0.07118504
104501,0.08851622
104502,0.16766858
104506,0.39979202
104510,0.1826153
104512,0.50343996
104520,0.8047253
104528,0.44251406
104529,0.09046146
104541,0.40914714
104578,0.12589344
104584,0.6844882
104588,0.34960896
104602,0.73199826
104610,0.11702574
104611,0.66638446
104618,0.49815887
104620,0.27887332
104622,0.18805774
104624,0.25544214
104625,0.5531611
104634,0.5340593
104639,0.3468034
104646,0.33489388
104647,0.40086988
104652,0.16301505
104670,0.57410014
104677,0.13458423
104685,0.58851945
104691,0.2974666
165726,0.659812
104696,0.50351447
104699,0.083559096
104712,0.6185367
104714,0.23200879
104717,0.429755
104718,0.083634324
104740,0.41233844
104741,0.32443297
104743,0.06916157
104744,0.17909193
104747,0.5153803
104767,0.40640464
104772,0.6395863
104776,0.68803084
104779,0.19507912
104814,0.26652813
104815,0.29403734
104830,0.40363318
104831,0.47803262
104833,0.48016843
104839,0.09433287
104840,0.16959578
104860,0.6754394
104861,0.16582368
104866,0.43718958
104870,0.27584428
104877,0.51688695
104878,0.07347969
104879,0.2856121
104880,0.32469064
104899,0.34186652
104906,0.4504396
104907,0.532578
104913,0.5767044
104916,0.39624283
104921,0.4108047
104930,0.30896452
104931,0.8549772
104936,0.23049948
104937,0.25600505
104942,0.16901743
104943,0.36055785
104969,0.50911474
104972,0.7924031
104988,0.48421597
105013,0.26536867
105015,0.27360064
105019,0.39357242
105027,0.32471913
105030,0.45965943
105035,0.8104571
105041,0.23156121
105051,0.7434784
105056,0.22045405
105067,0.9108951
105071,0.35637426
105072,0.29369864
105074,0.61829334
105091,0.42587742
105101,0.361503
105103,0.37704882
105134,0.40297538
105139,0.20409931
105142,0.50153637
105146,0.44465557
105163,0.3383718
105168,0.4076323
105172,0.10405112
105176,0.75972897
105195,0.36421934
105196,0.7150894
105197,0.13244519
113393,0.50653785
105203,0.2732883
105223,0.4967914
105227,0.71604884
105228,0.11683397
105230,0.68420887
105231,0.75673705
105239,0.07817614
105242,0.5661327
105244,0.2996917
105245,0.2705086
105248,0.39064413
105249,0.30655968
105266,0.7113411
105271,0.70815974
105276,0.421294
105282,0.29998702
105292,0.59045357
105297,0.1128448
105332,0.40767065
105333,0.20275299
105343,0.26411676
105344,0.118978
105345,0.51957196
105357,0.32585016
105359,0.44070408
105366,0.40090007
113396,0.36318535
105367,0.3037075
105370,0.14846624
105377,0.4661952
105390,0.2797607
105399,0.107207075
105403,0.31469375
105404,0.36429128
105414,0.37229076
105417,0.4743341
105425,0.5530353
105452,0.3723226
105454,0.6180769
105456,0.27482042
105470,0.4075214
105471,0.19593908
105483,0.66747725
105493,0.60393465
105508,0.5515705
105514,0.3966356
105515,0.1345001
105528,0.83360046
105529,0.18959627
105531,0.34943157
105532,0.16689637
105558,0.096877314
105574,0.14409605
105578,0.10458172
105584,0.7709396
113397,0.23470333
105595,0.6506017
105617,0.5898848
105618,0.32715213
105621,0.31641304
105625,0.48538545
105629,0.3261654
105630,0.0753412
105634,0.25763747
105635,0.15322837
105641,0.42154893
105647,0.53800464
105648,0.46985754
105655,0.32256
113402,0.35728553
105657,0.24880497
105672,0.6166514
105678,0.7520009
105682,0.55427396
105691,0.389387
105692,0.23542568
105706,0.31209275
105712,0.32309136
105720,0.421232
105734,0.15017067
105735,0.33865467
105736,0.63500524
105737,0.20921588
105738,0.52218884
113403,0.33822122
105740,0.60906225
105744,0.44216064
105747,0.14897752
105749,0.6103019
105754,0.27635053
105758,0.42567077
105760,0.39650264
105767,0.6942787
105784,0.6703732
105791,0.16752496
105802,0.7029009
105807,0.69562155
105809,0.21986334
105816,0.42154714
105817,0.118723646
105824,0.5106507
105832,0.57681835
105856,0.18049154
105865,0.15485336
105899,0.762342
105906,0.13705878
105916,0.405438
105923,0.37499186
105937,0.548235
105965,0.19538362
197598,0.11678174
105966,0.34309986
105968,0.6660227
105973,0.20321208
105976,0.57862675
105978,0.6093405
105979,0.3038602
105991,0.6270772
105998,0.68880504
105999,0.3252213
106000,0.7067648
106001,0.2488683
106010,0.6209183
106011,0.1609084
106013,0.65756637
106015,0.2145874
106026,0.1581674
106032,0.16183376
106035,0.82427204
106040,0.5661514
106041,0.7578852
106044,0.12566742
106053,0.5721184
106054,0.09351484
106065,0.6989588
106081,0.3511577
106083,0.52020144
106087,0.17738602
106090,0.61684245
106101,0.17782533
106102,0.35859612
106109,0.37179893
106116,0.33141947
106150,0.08128048
106155,0.69211006
106166,0.20871462
106176,0.67184323
106189,0.31572768
106199,0.61814606
106205,0.59043676
106206,0.6814956
106211,0.17798546
203431,0.64520866
106214,0.35778674
106216,0.24748412
106217,0.36451828
106225,0.26682648
106249,0.35326323
106256,0.58774334
106258,0.33834228
106261,0.28219244
106262,0.62508184
106264,0.09443276
106271,0.34528518
106276,0.16718663
106277,0.5256226
106286,0.5287594
106293,0.30447692
106295,0.541035
106296,0.28483725
106297,0.5859631
106298,0.26938984
106311,0.4388781
106314,0.321534
106320,0.3048858
106334,0.4498472
106346,0.5294214
106347,0.21379706
106349,0.34667566
281955,0.5866804
106354,0.35230276
106360,0.19904137
106373,0.6903215
106377,0.3839359
106386,0.6805596
106387,0.33337578
106391,0.15887192
106401,0.7366437
106411,0.4343722
106413,0.8385948
106426,0.59886616
106427,0.48077866
106428,0.56296176
106434,0.60240436
113405,0.35350156
106438,0.32010967
106440,0.27252075
106441,0.22735351
106452,0.42964855
106453,0.48432198
106454,0.32917073
106457,0.68494916
106484,0.36865833
106488,0.49005473
106491,0.61779505
106514,0.6314954
106527,0.44514263
106528,0.3915626
106529,0.03455566
106534,0.68183345
106550,0.73677254
106577,0.24793468
106585,0.604587
106590,0.096072085
106607,0.29341915
106610,0.3782093
106611,0.365788
106612,0.3252824
106624,0.33696133
106631,0.089204766
106647,0.8011876
106660,0.70843995
106674,0.11795311
106687,0.12827976
106712,0.34157062
106713,0.28656632
106717,0.29472837
106720,0.32207343
106721,0.53073204
106724,0.4170766
106735,0.51156205
106739,0.39998925
106740,0.41519365
106754,0.3100134
106760,0.72035927
106761,0.46741378
106784,0.6622033
106787,0.51618594
106797,0.20874202
106798,0.46909195
106802,0.67291814
106803,0.38640875
106804,0.7793422
106805,0.044264223
106810,0.69337344
106812,0.719554
106813,0.31334665
106817,0.48158503
106822,0.2684014
106823,0.12372053
106827,0.21430641
106841,0.46828708
106851,0.7854833
106852,0.1680158
106853,0.8197001
106854,0.89157385
106861,0.40345496
106873,0.36945972
106877,0.40102878
106878,0.13506758
106881,0.56024784
106900,0.081828006
106906,0.28273407
106907,0.6983379
106914,0.6035886
106916,0.5053413
191301,0.48252937
106924,0.19870111
106931,0.20212021
106936,0.36644605
106937,0.5389724
106938,0.24297695
106939,0.22511034
106943,0.40049088
106944,0.7050995
106967,0.5671149
106980,0.3147496
106986,0.65589976
106987,0.17740448
106990,0.13514723
107013,0.13517125
107023,0.31252792
107033,0.3702729
107037,0.5779973
107048,0.18817842
107071,0.22044817
107081,0.075472504
107113,0.49435946
107130,0.14885813
107131,0.098925285
107145,0.7303465
107156,0.59091485
107219,0.44723004
107222,0.5408067
107223,0.7956047
107232,0.7554737
107245,0.6141992
107246,0.34542587
107247,0.45086032
107256,0.08704047
107259,0.14763029
107260,0.17127357
107279,0.6642303
107280,0.46833247
107281,0.16480991
107285,0.65500957
107329,0.18629439
107337,0.41794503
107349,0.50342023
107350,0.108943686
107351,0.14760967
107359,0.67690724
107391,0.6331217
107394,0.2933112
107395,0.18822663
107406,0.36468345
107416,0.499349
107417,0.20217183
107418,0.61561525
107419,0.31065792
107444,0.120402284
281956,0.5804591
107445,0.36410758
107446,0.665139
107460,0.6075274
107470,0.23207073
107475,0.55709046
107520,0.20916626
107526,0.42752123
107527,0.17749955
107530,0.12175124
107532,0.65772486
107534,0.3341954
107535,0.3941152
107554,0.7300947
107556,0.23473799
107559,0.4649525
107561,0.21835826
107564,0.48129302
107566,0.25713354
107571,0.4923074
107590,0.72864366
107602,0.6185646
107625,0.373833
107626,0.91163754
107635,0.14125195
107636,0.27248353
107645,0.29816377
107652,0.7989385
107655,0.5054623
107668,0.3282029
107670,0.31373027
107677,0.066000335
107680,0.7858649
107683,0.83206576
107684,0.16371866
107691,0.4559055
107692,0.45501834
107703,0.29002696
107709,0.1584744
107710,0.53066003
107721,0.6595922
107725,0.66186434
107727,0.44392624
107739,0.18138002
107740,0.38100222
107741,0.48819444
107747,0.19222921
107765,0.8757841
107768,0.18992195
107775,0.64557254
107782,0.8572287
107790,0.34823507
107801,0.27647367
107807,0.22852017
107811,0.32008877
107817,0.5505211
107826,0.24156977
107838,0.5991792
107839,0.30176726
107843,0.31205755
107847,0.5812474
107849,0.73182976
107850,0.59723556
107867,0.50674343
107871,0.46369717
107908,0.3209621
107913,0.3997554
107927,0.3341039
107931,0.32344052
107955,0.3160763
107962,0.6532806
107977,0.47460815
107978,0.25534993
107993,0.22299178
108010,0.47320184
108016,0.4023923
108018,0.79379034
108027,0.5703037
108045,0.6872592
108069,0.6558737
108082,0.31815502
108089,0.49543896
108092,0.17511402
108106,0.20419703
108112,0.48843867
108120,0.5218049
108122,0.7800169
108135,0.27530923
108170,0.10067246
108171,0.35405356
108177,0.067108564
108180,0.5762359
108183,0.29030204
108184,0.28226206
108185,0.37865672
108192,0.6205452
108195,0.68847567
108196,0.54953873
108218,0.15163934
108219,0.66405696
108243,0.5890251
108249,0.2006743
108251,0.20390785
108274,0.34267816
108280,0.87559646
108289,0.364325
108292,0.10830105
108295,0.23102179
108327,0.21275923
108332,0.28969938
108346,0.28057396
108349,0.6957249
108353,0.5306575
108362,0.3896487
108363,0.26003727
108377,0.8853393
108378,0.71249986
108381,0.08871575
108383,0.70805466
108390,0.51212764
108407,0.07808256
108408,0.24061123
108411,0.2679929
108412,0.3089133
108419,0.38775915
108436,0.7398721
108437,0.75074565
108438,0.3968993
108441,0.332914
108448,0.22676721
108449,0.36298102
108466,0.14989462
108467,0.6411108
108473,0.37188083
108474,0.5176734
108476,0.36260867
108479,0.24858803
108486,0.075045824
108493,0.1610695
108501,0.2535057
108506,0.70352185
108510,0.5432023
108511,0.26491567
108514,0.29771692
108517,0.18586019
108519,0.5211466
108522,0.050013084
108548,0.69456816
108554,0.2753296
108555,0.55283475
108559,0.42106348
108562,0.2539307
108571,0.41278067
108572,0.28513473
108579,0.4245816
108583,0.15331465
108584,0.11423466
108592,0.18946318
108602,0.21375844
108609,0.30396798
108613,0.51733506
108616,0.44850627
108618,0.43686503
108620,0.13134578
108643,0.221623
108649,0.21826658
108654,0.64480627
108655,0.15143357
108656,0.26535708
108667,0.45563966
191304,0.20415793
108668,0.5464754
108682,0.53869516
108690,0.5108146
108691,0.51241815
108692,0.45286652
108695,0.4374985
108699,0.23582132
108710,0.59639764
108718,0.79527617
108739,0.55552197
108740,0.17393756
444016,0.47273687
108741,0.07691986
108742,0.4917894
108763,0.05191723
108767,0.701628
108769,0.49860713
108779,0.7133301
108788,0.24214718
108801,0.42523167
108802,0.41894066
108810,0.4378762
108811,0.17535493
108813,0.124040484
108814,0.7044723
108825,0.34721088
108826,0.58752084
108830,0.5944218
108834,0.27086413
108852,0.20375389
108887,0.6801011
108901,0.52327156
108908,0.05212166
108910,0.3047311
108920,0.3294588
108922,0.20768857
108929,0.52978593
119594,0.0961156
108930,0.1729666
108937,0.47032407
108938,0.3785702
108943,0.56406534
108948,0.067852065
108953,0.31058356
108956,0.45449963
108965,0.1583236
108985,0.6214602
108986,0.6224044
108987,0.2870472
108990,0.08744897
108991,0.26345104
108993,0.81257606
109000,0.5043098
109001,0.49481308
109012,0.78172946
109014,0.2472507
109015,0.6159595
109021,0.22352047
109037,0.4194689
109042,0.617785
109044,0.32627207
109046,0.8661851
109064,0.024110544
109084,0.4973151
109086,0.4002003
109092,0.08302489
109093,0.6259079
109100,0.714423
109101,0.101645164
109110,0.2491506
109114,0.67460936
109126,0.7392513
109152,0.44263735
109162,0.51488924
109167,0.28780836
109168,0.61793953
109169,0.14610277
109179,0.374043
109184,0.5560691
109191,0.54227936
109192,0.39037102
119595,0.7912976
109193,0.075222366
109196,0.5090812
109206,0.5415224
109210,0.09001297
109244,0.4232057
109249,0.3312729
109273,0.17943683
109276,0.844702
109281,0.32724392
109287,0.44253078
109297,0.6994843
109298,0.3078579
109306,0.39599082
109309,0.47192392
109321,0.820785
109328,0.66032356
109336,0.2713527
109342,0.39517727
109346,0.23665346
109347,0.3013425
109348,0.72703224
109362,0.46740577
109363,0.30503157
109367,0.28603527
109370,0.06975172
119596,0.4338812
109393,0.5112853
109405,0.19993576
109413,0.4017745
109414,0.82292217
109421,0.27554432
109427,0.3692026
109428,0.2561871
109429,0.7081736
109437,0.11087814
109443,0.20646527
109461,0.549409
109468,0.36688092
109469,0.12876348
109471,0.50197357
109479,0.32948625
109484,0.17858045
109501,0.38900852
109505,0.31029937
109535,0.24362525
109539,0.13445787
109544,0.45281264
109545,0.06836763
109551,0.6064877
109553,0.24879467
109555,0.2711632
109561,0.45787585
119607,0.878181
109580,0.12326546
109583,0.77891314
109593,0.47273043
109604,0.56751657
109620,0.42452908
109635,0.12194643
109637,0.79757434
109638,0.65044963
109642,0.3015541
109649,0.21748148
109652,0.25000602
109656,0.25590354
109663,0.34860572
152934,0.2286579
109696,0.74086666
109700,0.6098532
109709,0.49895468
109735,0.15031715
109740,0.44200167
109741,0.6375095
109749,0.53655404
109764,0.12744421
109771,0.4153865
109772,0.11208823
109773,0.52425474
109798,0.2846541
109802,0.7220603
109804,0.54866004
109813,0.4852592
109818,0.47462437
109848,0.3839535
109850,0.3258795
109851,0.3065819
109855,0.15097556
109871,0.8335508
109877,0.5470641
109883,0.09029987
109886,0.1846149
109905,0.39159906
109936,0.82534355
109950,0.62609875
109958,0.36220884
109959,0.5986703
109969,0.15999672
109971,0.26665166
109984,0.20456788
109985,0.76429677
109988,0.25175282
109992,0.38108882
110005,0.3857984
110009,0.32682237
110011,0.82763296
110014,0.4989485
110026,0.19180952
110042,0.36299586
110058,0.08413096
110069,0.383367
110080,0.20320362
110087,0.44465813
110091,0.431906
110094,0.36825296
110098,0.5717936
110105,0.42196965
110117,0.26414284
110136,0.6059148
110138,0.7596172
110149,0.559138
110164,0.69855493
110202,0.49167347
110212,0.12228939
110226,0.06275578
110236,0.17213818
110249,0.07650809
110257,0.41474792
110258,0.07593744
110277,0.17751893
110282,0.28658345
110284,0.43477312
110286,0.45042634
110289,0.16033025
110304,0.11360537
110319,0.50539774
110324,0.34493542
110326,0.1542752
110335,0.21328768
110337,0.6210955
110338,0.451558
110343,0.27148476
110345,0.28315952
110347,0.6256617
110355,0.087919675
110359,0.4055193
110360,0.5879922
110364,0.4871285
110371,0.5843125
110372,0.25868928
110376,0.5101266
110379,0.6580927
110380,0.35162446
110393,0.4561042
110401,0.8003451
110406,0.20466298
110411,0.2778407
110416,0.21354844
110420,0.10401603
110443,0.20139524
110465,0.26316482
110468,0.39315584
110469,0.5566534
110471,0.7078349
110487,0.6619354
110491,0.54865617
110504,0.5133493
110547,0.29979205
110550,0.10250602
110559,0.43002668
110578,0.43000853
110582,0.62744856
110590,0.26220676
110598,0.22228327
110601,0.80100703
110602,0.21221972
110604,0.36096567
110625,0.7471664
110626,0.64077544
110636,0.70246464
110637,0.38628322
110638,0.6110307
110646,0.39305595
110648,0.33170617
110652,0.2837571
110681,0.33605042
110682,0.39190987
110687,0.49533132
110691,0.134114
110694,0.29570323
110695,0.34596354
110696,0.5547852
110708,0.16593574
110710,0.25607368
152936,0.17744213
110717,0.33840814
110730,0.34085074
110740,0.39938283
110742,0.2736988
110747,0.3296297
110761,0.36990723
110766,0.08108931
110769,0.15804283
110774,0.6010894
110803,0.17389616
110805,0.31211433
110809,0.72855645
110827,0.455937
110832,0.30912742
110839,0.512403
110859,0.6196255
110861,0.16398248
110863,0.63172644
110865,0.48628393
110881,0.45082286
110889,0.2641035
110891,0.19160868
110894,0.062806666
110895,0.63985765
110907,0.84897774
110914,0.4467926
110933,0.08803218
110934,0.09953037
110937,0.19216779
110953,0.20285882
110954,0.61197674
110958,0.72417915
110970,0.46131635
110974,0.4736039
110977,0.79793274
110989,0.1427453
110993,0.8895685
110994,0.68818897
111018,0.16923104
111019,0.18041901
111030,0.39791912
111032,0.44436294
111041,0.31276
111045,0.30552807
111048,0.045463987
111052,0.38437733
111070,0.74687016
111084,0.6900914
111091,0.47854125
111104,0.1004795
111108,0.30735633
111112,0.38445732
111127,0.07797745
111142,0.530785
111146,0.81736654
111165,0.3870074
111168,0.30147353
111169,0.844483
111172,0.15172172
111173,0.10852932
111174,0.5016635
111175,0.6375218
111176,0.37239006
111177,0.30232355
111180,0.2565551
111182,0.13641544
111192,0.19066454
111194,0.5404093
111196,0.67565316
111197,0.28080896
111198,0.21973608
111205,0.36430413
111207,0.36063433
197601,0.24648812
111222,0.10902064
111228,0.333378
111233,0.18522462
111256,0.21041423
111258,0.14118339
111262,0.198949
111263,0.5332332
111267,0.09744283
111269,0.3417587
111276,0.3230646
111277,0.73899865
111279,0.48978356
111290,0.18794978
111294,0.08274219
111295,0.5758725
111315,0.74362147
111318,0.436421
111327,0.22045305
111328,0.62798244
111332,0.43284738
111338,0.100032404
111343,0.7227279
111344,0.26089743
111345,0.8647851
111347,0.30226853
111356,0.14188266
111359,0.5727216
111367,0.22752084
111368,0.17746812
197603,0.31453964
111391,0.70426375
111408,0.075736105
111412,0.43388206
111419,0.6224912
111422,0.23051862
111423,0.8563301
111439,0.4422543
111452,0.9228426
111456,0.3745537
111467,0.2259439
111478,0.6452979
111482,0.24395944
111488,0.6230524
111503,0.44448632
111510,0.119725004
111512,0.12717426
111518,0.48179424
111532,0.38331333
111537,0.10488369
111541,0.53309244
111544,0.40963417
111550,0.10513016
111554,0.6474039
111560,0.79321027
111566,0.270252
111567,0.5558879
111592,0.20276271
111618,0.35937983
111620,0.32551566
111627,0.14515138
197607,0.294209
111641,0.6258839
111646,0.80721676
111652,0.41010615
111657,0.25251332
111664,0.3030138
111665,0.46906415
111669,0.27020442
111673,0.2951622
111687,0.10547264
111688,0.3093575
111689,0.13215826
111694,0.48196575
111695,0.25598872
111698,0.24436384
111703,0.07199832
111709,0.10810275
111712,0.2946794
111715,0.4079887
111724,0.44327092
111730,0.2706069
111747,0.24668519
111760,0.26988012
111761,0.14166093
111763,0.37779483
111776,0.16265021
197611,0.5951997
111777,0.15640286
111781,0.14310187
111793,0.33440322
111804,0.80911344
111810,0.6953634
111816,0.44468942
111818,0.43692005
111830,0.19357473
111832,0.37287372
111841,0.15722571
111842,0.28469053
111843,0.27405882
111846,0.52903223
111848,0.7315614
111856,0.24042574
111857,0.17080165
111877,0.13329302
111882,0.3072327
111883,0.43314606
111891,0.21467659
111893,0.18868418
111901,0.33565536
111912,0.4695089
111913,0.30831143
203433,0.5131832
111955,0.2656717
111958,0.2892052
111960,0.5805556
111967,0.28427467
112000,0.4755911
112003,0.52247447
112015,0.7881824
112019,0.805186
112020,0.3740339
112028,0.18412423
112029,0.57232505
112031,0.29426414
203459,0.37717515
112039,0.32354105
112042,0.25207677
112049,0.06453899
112052,0.6377717
112054,0.13014984
112055,0.18004315
112063,0.38711017
112070,0.26252037
112071,0.32080436
112080,0.11133569
112083,0.22168237
112085,0.3000386
209845,0.6880018
112089,0.56389654
112098,0.787943
112100,0.23539363
112105,0.55656725
112124,0.28282866
112126,0.53922606
112127,0.3215179
112128,0.29433393
112148,0.3452243
112149,0.24836746
112165,0.609635
112170,0.19494781
112171,0.34138438
112176,0.5055167
112186,0.24094757
112199,0.2648278
112203,0.31420037
112214,0.49961418
112215,0.27938834
112216,0.31848982
112224,0.55899936
112225,0.28436348
112231,0.64338714
112234,0.4198768
112235,0.2058603
112236,0.44963306
112254,0.51423717
112265,0.6507487
112271,0.29767862
112284,0.18015963
112287,0.32051346
112295,0.8469602
112303,0.45817906
112307,0.5237963
112310,0.2487179
112312,0.45405656
112313,0.13918899
112326,0.5845539
112333,0.25107267
112334,0.18314849
112339,0.22084162
112347,0.38241374
112350,0.3826829
112356,0.57391495
112357,0.21291718
112359,0.50123
112360,0.5309713
112371,0.75011706
112385,0.19344647
112392,0.3196258
112401,0.6324444
112405,0.25817835
112414,0.76479006
112429,0.22751899
112448,0.19252029
112467,0.6649412
112468,0.46399063
112469,0.55155176
112491,0.63677776
112500,0.4752627
112510,0.8061776
112535,0.53603274
112537,0.45885757
112551,0.1498076
112552,0.47309625
112556,0.6126564
112577,0.41048318
112590,0.5568242
112593,0.29979745
112596,0.65850294
112601,0.13945292
112604,0.65567374
112622,0.1899318
112655,0.12447483
112663,0.14416482
112667,0.087361984
112670,0.12330391
112676,0.48985174
112677,0.3051458
112679,0.13157406
112683,0.53707206
112688,0.27145937
112692,0.5331666
112696,0.7644093
112702,0.21379788
112709,0.06787996
242728,0.50102377
112720,0.31187046
112735,0.1942727
112738,0.52160364
112742,0.113009565
112748,0.073404215
112749,0.23446374
112766,0.3725191
112767,0.28703484
112769,0.4657933
112771,0.63271916
112775,0.50477564
112794,0.43073583
112795,0.20584236
112796,0.26849848
112815,0.1959578
112817,0.61091757
112821,0.46369225
112822,0.49939016
112829,0.6425302
112831,0.73087555
112835,0.23681547
112838,0.18967398
112842,0.31481034
112844,0.58800787
112845,0.07913407
112846,0.19732146
112847,0.15464577
112867,0.5673602
112868,0.32071596
112874,0.25234947
112879,0.18552557
112882,0.5298388
112886,0.50897956
112895,0.35516337
112896,0.4257353
112902,0.4169129
112904,0.30062273
112917,0.8664187
112932,0.6791566
112944,0.40862927
112946,0.61632985
112947,0.38275707
112948,0.3191383
112966,0.73792636
112967,0.077286206
112971,0.5552912
112973,0.487096
112974,0.17437254
112978,0.4946825
112988,0.35328248
112992,0.75097954
113003,0.21617866
113004,0.4099527
113007,0.81847984
113020,0.70885897
113025,0.6611008
113032,0.2284864
113042,0.66245353
113047,0.2063933
113066,0.34680176
113067,0.68340516
113071,0.6545154
113087,0.43055823
113108,0.09785359
113109,0.22149523
113123,0.29121092
113128,0.8682583
113134,0.5539855
113151,0.36949787
113175,0.7483721
113181,0.1960308
113188,0.68144864
113191,0.27200496
113193,0.61028415
113201,0.6386413
113209,0.33175445
113222,0.30173817
113248,0.13152969
113272,0.50609064
113276,0.101354256
113287,0.09667941
113302,0.17999804
113308,0.5418734
113316,0.67123365
152948,0.26584524
113318,0.2805125
113320,0.3507437
113322,0.7754419
113325,0.51713306
113326,0.6154284
113332,0.3867178
113346,0.75882065
113352,0.18133496
113361,0.1485228
113362,0.15028973
113365,0.28601265
113366,0.25472003
113368,0.15658647
113382,0.16363163
113385,0.31611603
113406,0.45063952
113410,0.8874357
113413,0.47651482
113418,0.3334349
113419,0.28633165
113435,0.69334084
113438,0.40612274
113447,0.11583716
113458,0.560939
113466,0.32737315
113475,0.24441248
113482,0.48219404
113490,0.294475
113505,0.29322872
113508,0.44021672
113520,0.33000597
113532,0.39819708
113535,0.19920985
113549,0.21211816
113557,0.50360835
113558,0.16171917
113561,0.23348604
113566,0.36822212
268550,0.24309501
113569,0.49832395
113574,0.27334574
113576,0.55741435
113577,0.6226463
113585,0.32202676
113587,0.7657211
113599,0.71266216
113601,0.3694249
113602,0.41574982
113605,0.29600534
113609,0.5916714
113611,0.40968147
113616,0.2777281
113627,0.9433582
113631,0.68848974
113643,0.31433734
113652,0.69597065
113657,0.23222762
113659,0.12759899
113672,0.52192473
113680,0.26131192
113692,0.50047207
113694,0.2832851
113695,0.63808095
113701,0.4083763
113733,0.19058366
113738,0.45390582
113740,0.5213191
113742,0.20547038
113777,0.14709048
113783,0.53541625
113788,0.3852975
113789,0.39084294
113791,0.6065647
113795,0.36549956
113799,0.48052546
113805,0.18431762
113820,0.52926457
113822,0.22523391
113824,0.19247778
113829,0.5168136
113832,0.12699656
113833,0.3209885
113841,0.23164003
113849,0.53160477
113862,0.52573144
113863,0.6130096
113864,0.20392695
113870,0.24547364
113875,0.318405
113882,0.25246114
113887,0.5655398
113894,0.3969049
113909,0.15433638
113930,0.6250313
113936,0.60111886
113939,0.2703224
113942,0.42017856
113943,0.7209764
113945,0.5923822
113947,0.08618989
113950,0.11710108
113951,0.7289443
113957,0.29484224
113966,0.55764085
113967,0.40441293
113977,0.36452782
113984,0.63786703
113986,0.49727443
113992,0.17554969
113998,0.07291531
113999,0.8536258
114003,0.39016986
114010,0.26186496
114011,0.7665504
114032,0.050655007
114047,0.5224783
114055,0.378279
114056,0.75625235
114064,0.5802274
114065,0.3065639
114067,0.48517725
114068,0.11085038
114075,0.2871256
114076,0.39752963
114077,0.10569417
281957,0.123692706
114094,0.3992785
114095,0.22857736
114109,0.5787455
114114,0.6021107
114116,0.17589985
114127,0.25293124
114158,0.36814338
114168,0.5355308
114169,0.6395351
114171,0.36230785
114180,0.8294898
114193,0.09944149
114198,0.23964247
114201,0.22041115
114202,0.62850404
114207,0.4046293
114210,0.5675517
114221,0.5163626
114222,0.4772907
114227,0.60004103
114250,0.16607082
114253,0.52063453
114265,0.6121215
114267,0.62443507
114273,0.7625942
114280,0.80331856
114281,0.36662394
114283,0.8919535
114291,0.7553639
114310,0.64991117
114316,0.0848228
114326,0.12281146
114327,0.15398437
114339,0.461529
114352,0.22369574
114359,0.69161385
114360,0.2911768
114382,0.47380137
114396,0.7150397
114397,0.2949071
114415,0.41711923
114425,0.33827126
114434,0.27654892
114456,0.69018894
114463,0.20256388
114469,0.114217915
114476,0.09332541
114480,0.062343188
114482,0.4873354
114492,0.1094891
114493,0.49503842
114501,0.4320115
114506,0.5104706
114510,0.26959017
114515,0.7738554
114524,0.5552464
114545,0.6924759
114546,0.15685059
114560,0.27359086
114562,0.4508134
114563,0.37830937
114566,0.66489375
114599,0.23696055
114601,0.036692567
114607,0.55879337
114612,0.15538722
114622,0.62110233
114625,0.8277571
114634,0.4322149
114635,0.35462135
114641,0.044480797
114644,0.5099249
114645,0.41786316
288005,0.19726847
114651,0.15678327
114653,0.06133633
114654,0.37144572
114667,0.2292459
114668,0.732432
114670,0.2531331
114686,0.44934037
114688,0.7158491
114690,0.44644225
114691,0.22146674
114700,0.33438778
114706,0.10152173
114740,0.49402636
114741,0.46438834
114755,0.058364797
114757,0.18918632
114767,0.25850984
114772,0.7477032
114780,0.5852235
114782,0.3072887
114791,0.10587338
114815,0.7165287
114823,0.29188684
114835,0.31234384
114838,0.052978255
114840,0.23311506
114842,0.37584758
114844,0.5077024
114850,0.7193427
114853,0.09913854
114856,0.79940504
114857,0.38266814
114858,0.5237927
114864,0.4492809
114871,0.2993321
114875,0.26778314
114879,0.3683194
114893,0.23750755
114912,0.41058934
114922,0.3932286
114930,0.14158969
114945,0.26801473
114951,0.10812263
114958,0.34463048
114962,0.39759612
114976,0.48274103
114978,0.31731394
114987,0.35716924
115002,0.17467937
115005,0.39202592
115023,0.7237326
115030,0.10296756
115033,0.66332585
115034,0.23797032
115038,0.12601511
115046,0.3783371
115049,0.6032432
115055,0.3921448
115059,0.4842046
115076,0.3554725
115078,0.40640172
115081,0.37280366
115085,0.22121558
115096,0.48951596
115101,0.256883
115114,0.31157798
115119,0.3177127
115121,0.26681772
115122,0.3995678
115144,0.27225766
115147,0.72295326
115151,0.17657608
115172,0.13701771
115175,0.37537074
115183,0.1139487
115185,0.60303193
115197,0.36908928
115200,0.30676487
115207,0.35550112
115217,0.052610517
115230,0.5702311
115237,0.24828045
115246,0.11434117
115251,0.16728729
115269,0.6216738
115290,0.4027448
115299,0.3404888
115309,0.7332793
115310,0.3692818
115311,0.12178951
115312,0.15553099
115323,0.104957625
115324,0.31918937
115341,0.6901037
115342,0.28160593
115343,0.08954197
115350,0.5265468
288012,0.47025126
115354,0.4063625
115360,0.46386525
115368,0.2001065
115373,0.2307402
115396,0.77024037
115400,0.60731626
115401,0.36966863
115404,0.10897702
115405,0.4902672
115406,0.18490013
115407,0.031974673
115412,0.1146232
115413,0.3230318
115415,0.38124096
314097,0.62787646
115423,0.29123616
115427,0.5614695
115428,0.09163222
115439,0.45628756
115440,0.7466608
115447,0.23567091
115450,0.35256523
115457,0.36703
115459,0.4723768
115463,0.14990069
115473,0.7018074
115477,0.27456295
115479,0.2168413
115480,0.51465726
115481,0.13873741
115485,0.45763066
115489,0.36202893
115495,0.11815782
115500,0.34985235
115521,0.44579196
115572,0.30090594
115580,0.30828342
115582,0.20021118
115586,0.0741989
115587,0.5205283
115588,0.3920909
115591,0.6031017
115592,0.25471225
115618,0.19126311
115619,0.53394455
115621,0.8500377
115632,0.6557836
115646,0.5208672
115658,0.19222413
115671,0.4154638
115680,0.14148113
115686,0.26346448
115688,0.13186662
115705,0.63095134
115707,0.15332627
115708,0.25444213
115726,0.84070456
288013,0.64465874
115759,0.39333346
115773,0.069101885
115777,0.14585508
115778,0.7560654
115781,0.079525836
115801,0.8608235
115804,0.40873924
115810,0.27649513
115812,0.61885864
115820,0.7429341
115827,0.27153492
115831,0.3503527
115841,0.28174707
115846,0.659564
115852,0.13873973
115857,0.15450455
115858,0.5738134
115860,0.29111296
115865,0.23192899
115867,0.6342162
115869,0.32352668
115877,0.39134732
115904,0.45625457
115913,0.4235774
115916,0.15735684
115928,0.30175617
115932,0.1561779
115933,0.23770794
115937,0.8296845
115938,0.2137812
115957,0.3288381
115958,0.24466442
115969,0.08289116
115980,0.34235662
115984,0.10944294
116006,0.34156817
116007,0.5411313
116008,0.44433567
116009,0.61708784
116011,0.16501893
116012,0.54564077
116015,0.8974243
116025,0.4938686
116047,0.12741905
116052,0.38591215
116068,0.16924357
116077,0.26157647
116084,0.20634635
116089,0.16004418
116093,0.2889353
116097,0.44766188
116102,0.47131503
116118,0.45049298
116119,0.17850527
116125,0.4316239
116128,0.30913705
116135,0.16501325
116140,0.71050316
116141,0.171954
116142,0.43233213
116153,0.43500277
116156,0.22181344
116157,0.18055889
116167,0.17099819
116168,0.54542345
116175,0.24672157
116187,0.26787323
116189,0.51472855
116191,0.5130186
116201,0.69271016
116210,0.53601956
116213,0.37946293
116215,0.6508375
116223,0.4237553
116226,0.168424
116228,0.16598974
116241,0.13047022
116247,0.2827786
116266,0.30180204
116276,0.75341624
116287,0.062113035
116289,0.4797122
116292,0.4127346
116306,0.25778154
116309,0.25643077
116312,0.23507747
116313,0.39773956
116335,0.25381023
116342,0.5012684
116348,0.18368624
116367,0.19349073
116380,0.5253183
116383,0.70936066
116389,0.6753411
116395,0.6248719
116397,0.25567067
116398,0.6894141
159579,0.50958544
116402,0.42746606
116404,0.32386166
116406,0.0773042
116424,0.5928912
116428,0.062698044
116436,0.26009816
116440,0.23041813
116448,0.33299506
116458,0.25241274
116466,0.35607466
116469,0.2911491
116473,0.34656104
116474,0.3335825
159581,0.106370196
116479,0.1848245
116480,0.2364236
116491,0.13655406
116493,0.2714149
116505,0.44223103
116511,0.2846021
116525,0.24211577
116535,0.43197584
116544,0.2503443
116546,0.13959834
116562,0.29493493
116565,0.23911104
116578,0.30688792
116579,0.26560664
116580,0.80440176
116582,0.12611744
116584,0.15350269
116586,0.25352865
116596,0.35662556
116597,0.40822017
116598,0.21619587
116604,0.86378366
116608,0.22987874
116609,0.407249
116613,0.1978972
116614,0.38377896
116615,0.56937575
116633,0.50881964
116637,0.38692236
116643,0.14756331
116647,0.4920537
116656,0.37816742
116659,0.3001142
116662,0.42637056
116676,0.36692023
116680,0.49857405
116681,0.33292562
116683,0.74238443
116684,0.3365679
116712,0.24649496
116720,0.31154087
116726,0.62953126
116729,0.22733113
116737,0.6515033
116745,0.2548577
116747,0.3065737
116766,0.09611116
116781,0.33131465
116783,0.3185072
116787,0.21647339
116788,0.787351
116789,0.079366885
116801,0.2028337
116803,0.2682028
116804,0.69045305
116806,0.41692585
116815,0.41008225
116817,0.2299105
116825,0.5207224
116828,0.17453791
116829,0.11536462
116853,0.6667573
116854,0.5431679
116859,0.47315723
116860,0.71775305
116865,0.35674158
116872,0.77039367
116880,0.66242236
116882,0.4595335
116893,0.59914607
116896,0.37774685
116906,0.14284696
116908,0.48455384
116925,0.11172927
116926,0.7186474
116948,0.36702654
116949,0.58491194
116955,0.36157855
116964,0.23811807
116974,0.19692302
116976,0.720939
116990,0.23992714
116993,0.16976427
116994,0.6784148
116997,0.6689806
117003,0.13464344
117007,0.4765594
117011,0.33698407
117012,0.33761713
117019,0.10575156
117021,0.07463331
117030,0.47818473
117036,0.31147105
117043,0.51135606
117054,0.2482677
117070,0.486049
117077,0.7806797
117087,0.32866895
117093,0.4033579
117105,0.15994805
117112,0.3860706
159594,0.4805085
117129,0.8857071
117135,0.70321316
117138,0.600831
117142,0.286063
117148,0.7292094
117157,0.4915149
117170,0.18818253
117171,0.090310805
117172,0.4472503
117178,0.3237196
117186,0.3749256
117187,0.6642426
117193,0.7045004
117194,0.5533452
117199,0.0755034
117207,0.34414935
117211,0.41284612
117216,0.8638634
117217,0.2953054
117218,0.32245126
117219,0.48041764
117224,0.3029192
117225,0.17272647
117239,0.56056255
117242,0.422674
117249,0.5141546
159598,0.2428239
117255,0.45787886
117257,0.6042409
117272,0.09124079
117284,0.6993421
117287,0.31000662
117293,0.16156302
117298,0.81507987
117299,0.20307218
117307,0.122664586
117321,0.41173628
117323,0.5028398
117326,0.1735385
301348,0.08268761
117327,0.66195196
117341,0.11391929
117350,0.5018407
117362,0.7022415
117375,0.34654018
117391,0.7053653
117392,0.47817507
117396,0.65243685
117399,0.37192547
117400,0.35610175
117402,0.32899484
117406,0.627014
117417,0.8921466
117418,0.41306955
117425,0.59708124
117428,0.2611259
117443,0.5189693
117448,0.21039703
117449,0.055307366
117450,0.70971227
117463,0.40832716
117467,0.3028619
117478,0.37170577
117480,0.7236824
117483,0.6434113
117484,0.52972656
117495,0.26087552
117498,0.106175676
117501,0.51564807
117503,0.5703102
117520,0.8664944
117524,0.6749564
117525,0.75866485
117526,0.5896369
117527,0.42288223
117531,0.2147731
117545,0.45124158
117547,0.8925229
117557,0.28332067
117563,0.4753279
117564,0.29450035
117598,0.72612804
117599,0.33994094
117610,0.16470803
117614,0.35400417
117616,0.70758986
117623,0.4610918
117625,0.8502941
117633,0.1744021
117634,0.4701205
117639,0.49390164
117652,0.2146867
117653,0.67274165
117660,0.5617592
117661,0.120366484
117662,0.39260978
117676,0.2583094
117677,0.67014164
117681,0.30489036
117684,0.19849965
117707,0.24926424
117736,0.80158585
117737,0.46096218
117741,0.41823974
117746,0.5362363
117753,0.6600132
117755,0.38735816
117775,0.33022234
117784,0.57336843
117786,0.27893332
117791,0.33416477
117801,0.61317104
117805,0.16310124
117816,0.10429682
117824,0.3398155
117835,0.38078097
117837,0.24892697
117847,0.5620453
117853,0.40442994
117854,0.3161684
117886,0.29892772
117900,0.13331856
117920,0.8144719
117924,0.24434584
117925,0.73433566
117934,0.2591226
117957,0.5274847
117959,0.6986965
117967,0.6454234
117969,0.68005615
117981,0.20691812
117982,0.27099147
117996,0.7093141
118000,0.7377489
118018,0.49364725
118025,0.4824728
118026,0.846738
118044,0.18168794
118045,0.68819237
118048,0.3770151
118055,0.15758727
118058,0.1506883
118060,0.6760616
118066,0.044031754
118071,0.37108088
118072,0.60506815
118082,0.23935895
118089,0.60012466
118106,0.29094735
118115,0.3215833
118127,0.90929854
118144,0.36879072
118150,0.2875119
118151,0.24180293
118157,0.75233525
118162,0.15302145
132668,0.20199499
118163,0.1497426
118166,0.24652445
118181,0.25361457
118191,0.17910579
118202,0.6783278
118205,0.34863353
118214,0.2828433
118251,0.6180474
118264,0.7532766
118271,0.82994854
118272,0.51185787
118276,0.7422396
118287,0.88457453
118291,0.07453408
118292,0.34148696
118294,0.19985205
118305,0.4545845
118312,0.38437068
118319,0.27429888
118321,0.124851435
118326,0.6813041
118342,0.47137028
118343,0.22532025
118353,0.3484999
118354,0.17924348
118358,0.2412373
118359,0.61135507
118365,0.4847539
118367,0.18138485
118368,0.14446256
118371,0.24591503
118378,0.44914445
118379,0.2926075
118383,0.31648636
118386,0.4619034
118387,0.19756
118400,0.32787457
118403,0.4783412
118428,0.48865923
118440,0.4483537
118459,0.35648915
118490,0.26637572
118491,0.2809203
118492,0.50124365
118498,0.55239505
118499,0.574585
118509,0.19544414
118518,0.25700346
118531,0.70369285
118532,0.19959274
118546,0.049365163
118548,0.2695977
118558,0.54057026
118560,0.67647743
118561,0.1317845
118562,0.6056209
118564,0.4360166
118569,0.6236629
118578,0.3644361
118585,0.30360997
118591,0.30000326
118592,0.561087
118594,0.38182762
118611,0.08775341
118614,0.22252569
118622,0.32051963
118641,0.3940455
314099,0.4460536
118642,0.31637767
118650,0.0929791
118666,0.32856366
118696,0.5854049
118697,0.13219392
118710,0.18570983
118717,0.6141956
118720,0.14025684
118735,0.11290781
118747,0.19306107
118750,0.45102894
118789,0.2867665
118791,0.49397433
118803,0.65503997
118804,0.48696274
118806,0.74984705
118809,0.49271634
118823,0.45406148
118842,0.39447704
118871,0.83994377
118874,0.66731226
118876,0.26677567
118886,0.686252
118888,0.40294805
118889,0.17169839
118894,0.6435338
118898,0.07847903
118905,0.7404248
118911,0.1361475
118915,0.19417347
118916,0.5560631
118925,0.28037494
118926,0.49098063
118929,0.49540502
118935,0.14578006
118947,0.44916138
118951,0.10177361
118953,0.26860705
118960,0.49952218
118973,0.4535835
119001,0.3951172
119003,0.66743696
119009,0.52564704
119011,0.28323764
119012,0.5032818
119014,0.24271548
119025,0.20121202
119047,0.56841403
119049,0.2076724
119057,0.574813
119062,0.19110993
119064,0.17701703
301356,0.31887808
119069,0.5859467
119079,0.11737476
119088,0.10041513
119091,0.8695737
119095,0.6318872
119104,0.4356947
119108,0.7160687
119109,0.401582
119115,0.5071141
119125,0.115782
119146,0.51497346
119148,0.34912944
119160,0.67797095
314107,0.4768324
119164,0.8985589
119169,0.3755708
119179,0.5327337
119187,0.33255887
119191,0.24984467
119205,0.08483651
119207,0.4214052
119208,0.11217603
119217,0.59246546
119230,0.29066402
119232,0.45489338
119236,0.8287926
119238,0.36197728
119240,0.444048
119250,0.62035954
119251,0.58623546
119252,0.4187877
119266,0.13220192
119267,0.27638954
119270,0.39633563
119272,0.66095006
119276,0.54558134
119281,0.21305592
119295,0.30598873
119313,0.580361
119318,0.26483497
119321,0.7055968
119340,0.432532
119341,0.12517184
326531,0.43137714
119344,0.4275848
119348,0.33592114
119353,0.2446371
119361,0.46350157
119362,0.9318526
119376,0.7117275
119383,0.3914713
119391,0.69957405
119394,0.39955783
119395,0.487473
119415,0.23004995
119430,0.6761765
119441,0.10913672
119454,0.41922984
326532,0.12528358
119468,0.37709954
119474,0.7338905
119492,0.3182868
119496,0.66609824
119500,0.5852889
119501,0.6343932
119510,0.2583745
119518,0.32109272
119524,0.5538633
119533,0.4629109
119540,0.6496738
119553,0.106404305
119573,0.30725107
119593,0.35008863
119609,0.37418708
119616,0.37661144
119618,0.38116506
119619,0.7843907
119628,0.31557697
119630,0.22140078
119632,0.28113705
119648,0.9052048
119671,0.45655105
119675,0.5366946
119683,0.44906616
119689,0.106404185
119697,0.44425243
119698,0.84695745
119702,0.8013165
119709,0.3217263
119715,0.09805444
119718,0.09298239
119719,0.71325564
119731,0.6329086
119736,0.5082006
119745,0.5545069
119749,0.06812651
119751,0.24674313
119757,0.61451936
119761,0.24863645
119762,0.58813053
119771,0.49501908
119778,0.31127045
119784,0.104527526
119788,0.1493539
119802,0.09508706
119803,0.62019277
119806,0.34482962
119810,0.24598257
119811,0.4752692
119813,0.7745984
119820,0.64029723
119821,0.87145036
119842,0.27678296
119843,0.13799018
119844,0.2946299
119861,0.14773382
119866,0.26547182
119868,0.16829598
119875,0.50859463
119896,0.8574005
119898,0.06729525
119921,0.403909
119922,0.4150875
119929,0.4508614
119934,0.26596528
119938,0.2677647
119947,0.10445038
119948,0.8269077
119967,0.5786126
119977,0.22612402
119980,0.42267343
119984,0.6668477
119989,0.6266578
119990,0.33623633
119994,0.36555353
119999,0.6496854
120004,0.34402242
120020,0.48694447
120030,0.15536484
120036,0.3970535
120050,0.82029873
120051,0.7399338
120053,0.48181725
120075,0.45411217
120076,0.19142547
184758,0.7109385
120088,0.1520157
120099,0.35837418
120101,0.38303205
120102,0.22839157
120108,0.120430976
120145,0.5807828
120146,0.54450196
120154,0.4859969
120156,0.32125232
120165,0.481037
120166,0.41460958
120176,0.21924105
120179,0.63516766
120182,0.20962167
120198,0.25641012
120205,0.5231065
120208,0.4927209
120214,0.103921115
120220,0.4862731
120227,0.44689602
120233,0.50862217
120240,0.1517793
120243,0.17313881
120266,0.25175613
120268,0.7107773
120280,0.42252505
120281,0.32859224
120284,0.15813592
120298,0.115906656
120304,0.39602846
120306,0.40978208
120320,0.54051566
120325,0.26411325
120326,0.3636768
120335,0.78866386
120341,0.0869524
120343,0.3474027
120388,0.19067487
120390,0.28109375
120404,0.07173492
120405,0.3947552
120408,0.6080779
120415,0.48046535
120421,0.8775459
120422,0.33556217
120433,0.32902664
120437,0.77757615
120440,0.22208756
120441,0.6733447
120449,0.549632
120457,0.6034162
120459,0.19255781
120460,0.13846974
120463,0.71008
120464,0.15163171
120470,0.6278732
120488,0.76754546
120535,0.22694692
120538,0.37926608
120539,0.7320625
120541,0.53252506
120562,0.3238379
120570,0.33963978
120580,0.40487412
120581,0.3466288
120591,0.89152855
120593,0.57675713
120598,0.23992357
120603,0.16116187
120607,0.76674044
184767,0.62911755
120642,0.20934
120647,0.18344899
120649,0.17553054
120664,0.20286784
120665,0.105025575
120671,0.53095335
120678,0.27188975
120679,0.11147758
120680,0.59310037
120681,0.46013
120691,0.6225261
120696,0.17994833
184770,0.55969924
120697,0.6914764
120713,0.6490458
120721,0.43243194
120725,0.47855097
120734,0.6583198
120740,0.74756473
120748,0.5961674
120755,0.4042874
120759,0.21400978
120761,0.27483523
120764,0.5281576
120770,0.6555131
120777,0.15437593
120796,0.11670507
120803,0.41097742
120809,0.3599623
120811,0.2042643
120826,0.4552348
120829,0.43335003
120832,0.31837034
120840,0.7854437
120857,0.47259763
120885,0.38639295
120891,0.17618346
120894,0.16598931
120905,0.76156723
120913,0.33421788
184773,0.13470384
120914,0.2173514
120918,0.3468623
120921,0.4154235
120923,0.46064213
120927,0.64252186
120928,0.56216
120934,0.79806817
120936,0.38371807
120942,0.36195856
120946,0.38959175
120947,0.25832868
120953,0.21276999
120955,0.10195347
120956,0.544978
120977,0.24320766
120980,0.6663395
120981,0.24212857
120982,0.062122192
120991,0.70873886
121011,0.34969202
121013,0.24405405
121018,0.43177634
121020,0.25210756
121037,0.093580194
121038,0.119505264
121039,0.3096478
121045,0.63159466
121046,0.2227631
178164,0.32286963
121059,0.7201909
121066,0.77995706
121078,0.69864136
121080,0.66056955
121081,0.21767506
121086,0.47669348
121099,0.52889323
121100,0.41283122
121107,0.4591483
121108,0.46503922
121111,0.2059932
121130,0.46250415
121131,0.6588266
121135,0.7151555
121152,0.12783845
121156,0.20804931
121160,0.3593108
121162,0.7456333
121175,0.77092123
121181,0.26262468
121186,0.34464413
121197,0.031641595
121201,0.8061876
121208,0.2558558
121215,0.574002
121220,0.8044542
121225,0.69921994
121227,0.19035113
121228,0.73577857
121243,0.49118808
121258,0.5988629
121259,0.32856676
121265,0.18403202
121279,0.23766372
121280,0.41616204
121281,0.6269872
121283,0.22908418
121288,0.32441214
121296,0.18313377
121300,0.3744365
121308,0.59842193
121321,0.6379187
121323,0.18927285
121332,0.13444912
121334,0.25302368
121348,0.20421956
121350,0.067758344
121351,0.4729776
121363,0.14093849
121379,0.5647051
121380,0.55889356
121383,0.15335412
121387,0.6390871
121414,0.31496507
184776,0.65486085
121416,0.216303
121422,0.45010284
121423,0.16942538
121427,0.47466913
121431,0.11864186
121438,0.15488195
121460,0.5124788
121479,0.12191241
121482,0.49450904
121483,0.6618904
121488,0.53472143
121489,0.6727353
121492,0.57910377
121502,0.10031814
121503,0.15882711
121513,0.27503592
121544,0.2959674
121545,0.159256
121546,0.21107027
121552,0.6423268
121553,0.5110248
121556,0.35426283
121557,0.47927016
121583,0.32645828
121588,0.27011365
121596,0.5365861
121597,0.20307094
121612,0.12184626
191305,0.25104478
121618,0.23937474
121619,0.19307631
121621,0.36930493
121622,0.36400932
121626,0.46834794
121628,0.37920842
121630,0.82179606
121631,0.2827533
121632,0.72607803
121641,0.45944545
121695,0.400217
121733,0.78243476
121754,0.39350295
191306,0.7229619
121762,0.6066926
121765,0.09797122
121766,0.1099221
121771,0.24088776
121772,0.8700735
121778,0.817719
121791,0.25443906
121792,0.18398212
121822,0.5792425
121825,0.77975506
121832,0.15979698
121841,0.51146275
333442,0.29124594
121846,0.16597463
121850,0.37850818
121851,0.25394803
121853,0.7997808
121857,0.2553733
121862,0.3492897
121863,0.17847444
121875,0.19070311
121881,0.39024964
121896,0.7453754
121901,0.100972615
121908,0.5229377
121909,0.63327396
121916,0.3877576
121919,0.20952734
121921,0.4650744
121933,0.22039212
121947,0.34722683
121948,0.5485959
121963,0.6270402
121968,0.20750485
121970,0.27895707
121978,0.42298833
121991,0.6911317
121996,0.34294042
121997,0.83273983
122000,0.5545263
122015,0.53372765
122017,0.52869636
122027,0.5779722
122044,0.105554536
122047,0.57214355
122055,0.67805946
122065,0.37497556
122069,0.2886388
122074,0.5030131
122086,0.5182052
122089,0.47447994
122099,0.065150894
122102,0.2059785
122118,0.4912242
122124,0.17077248
122125,0.13419724
122129,0.15551187
122133,0.5084015
122135,0.43919083
122136,0.2967617
122142,0.47757834
122154,0.10008689
122158,0.7733939
122160,0.1955228
122165,0.16325983
122166,0.49090976
122170,0.21890108
122175,0.19833301
122192,0.4929621
122207,0.087990634
122210,0.47418463
122215,0.20649678
122222,0.14899132
122234,0.82130337
122235,0.15793358
122236,0.18108201
122248,0.828692
122256,0.19347881
122257,0.121930815
122258,0.2334045
333452,0.35684347
122259,0.16452342
122260,0.54039264
122264,0.2657003
122266,0.70224047
122268,0.30501342
122271,0.6321574
122283,0.22763892
122286,0.1599755
122288,0.17036618
122301,0.19521277
122313,0.3216651
122322,0.34866294
122323,0.17224018
122324,0.19315039
122336,0.25334093
122338,0.70256937
122349,0.18370368
122351,0.5141842
122354,0.21194115
122358,0.41471156
122376,0.55918026
122378,0.21225767
122387,0.245755
122392,0.41818145
122405,0.754057
122409,0.41195887
122411,0.5980991
122415,0.4714886
122416,0.4457497
122425,0.8702283
122452,0.5845722
122453,0.765613
122456,0.35671255
122458,0.7442182
122465,0.35594335
122468,0.118021704
326538,0.16082256
122477,0.16421525
122483,0.22948255
122517,0.66596496
122521,0.8871512
122537,0.23258692
122538,0.20706412
122552,0.6986493
122557,0.38849708
122561,0.14580515
122568,0.5687993
122573,0.7074845
122583,0.57903874
122590,0.45127586
122609,0.27539247
122617,0.14918049
122621,0.1571224
122635,0.75142807
122638,0.5840345
122639,0.532208
122644,0.19776706
122675,0.38638029
122699,0.7443805
122703,0.5089804
122706,0.3045182
122712,0.38185698
122730,0.4248682
122731,0.17021212
122736,0.4066741
122741,0.439339
122745,0.13571146
122751,0.6352038
122768,0.29953727
122785,0.66596425
122797,0.30365545
122812,0.62511253
122816,0.16116412
122817,0.3236662
122826,0.70963943
122838,0.42963818
122845,0.13602962
122848,0.51619613
122850,0.122268915
122856,0.15173548
122862,0.5358289
122869,0.74476534
122871,0.47509763
122874,0.86938536
122875,0.34363905
122885,0.5197298
122901,0.2622024
122902,0.4320038
122903,0.58752173
122904,0.15608983
122910,0.41925666
122921,0.29533485
122925,0.3767456
122964,0.2772367
122975,0.33266076
122977,0.27388242
122984,0.77483034
122999,0.39131922
123004,0.8560531
123009,0.44079724
123012,0.54611105
123018,0.23230469
123025,0.4570908
123037,0.10012656
123038,0.3727092
123039,0.354676
123045,0.36408514
123046,0.066530116
123051,0.33307666
123052,0.3467792
123056,0.71586823
123061,0.39589897
123072,0.58813286
123074,0.30137184
123086,0.50643903
123087,0.48876107
123091,0.649944
123094,0.18821172
123105,0.6359053
123110,0.41625264
123113,0.2945805
123114,0.62539136
123124,0.20459238
123131,0.15425983
123136,0.8771331
123146,0.2353501
123147,0.5400492
123155,0.40522805
123163,0.25522727
123182,0.15224436
123196,0.37573037
123200,0.19026217
123204,0.23871806
123207,0.16628082
123210,0.22636816
123215,0.7278925
191324,0.6748665
123227,0.0634177
123234,0.2117774
123239,0.72259206
123249,0.5904477
123252,0.47689706
123255,0.12914267
123257,0.085690446
123260,0.35168868
123263,0.64113283
123274,0.34634778
123275,0.4626492
123276,0.21144733
123292,0.15524441
123308,0.2273234
123316,0.19166592
123328,0.26421347
123330,0.48305193
123331,0.59305406
123334,0.5672022
123343,0.024955386
123344,0.34812975
123345,0.09860136
123352,0.42158994
123356,0.20369439
123365,0.4046495
123368,0.35615343
191359,0.12923385
123376,0.24266279
123381,0.30436993
123384,0.27520683
123389,0.4126241
123401,0.66347575
123419,0.17452502
123433,0.634353
123438,0.6807778
123441,0.5596504
123456,0.51984686
123457,0.56156576
123476,0.122951746
123477,0.28609756
123489,0.53002554
123490,0.38906562
123496,0.73652554
123502,0.34586954
123503,0.8051267
123513,0.40010592
123515,0.343708
123530,0.41472796
123532,0.2768558
123537,0.19778945
123539,0.52301645
123540,0.4077276
123546,0.27005935
123547,0.74173445
123554,0.603924
123572,0.21560463
123574,0.60384285
123575,0.44198805
123576,0.1676672
123584,0.17775203
123586,0.49220285
123591,0.35249528
123606,0.13515945
123607,0.5813622
123615,0.11387814
123616,0.74305433
123619,0.65346605
123621,0.491382
123622,0.14853986
191360,0.34773952
123633,0.34805745
123635,0.48324212
123658,0.55777293
123659,0.36775348
123663,0.583052
123666,0.45635724
123670,0.27802277
123678,0.22349451
123688,0.41980132
123707,0.101229765
123709,0.6464529
123720,0.32457513
123741,0.23702958
123751,0.44067752
123759,0.4315766
123765,0.5334951
123766,0.49114046
123793,0.7058412
123794,0.2328066
123809,0.56540203
123837,0.21935315
123839,0.11429887
123843,0.35392702
123851,0.575774
123854,0.41340363
123860,0.12420399
123863,0.73530644
123879,0.51825017
123888,0.6223404
123891,0.44325173
123912,0.283934
123942,0.22334649
123952,0.65642565
123953,0.22691573
123958,0.70225626
123966,0.141755
123977,0.25173748
123981,0.2666369
124000,0.10592511
124023,0.27211887
124026,0.09510133
124027,0.2867925
124033,0.36020532
124053,0.36553445
124057,0.2150834
124065,0.6526405
124074,0.114813544
124079,0.5241126
124095,0.3140648
124110,0.46035606
124138,0.16600959
124167,0.7007262
124168,0.3991947
124175,0.13247913
124176,0.78041303
124181,0.4842166
124195,0.5187266
124197,0.08735646
124206,0.07352142
124225,0.20164543
124230,0.33436117
124231,0.5762771
124253,0.47307396
124257,0.527586
124263,0.3289337
124277,0.32572404
124285,0.26447904
124289,0.13359156
124299,0.713997
124303,0.37026364
124309,0.75987107
124316,0.62851244
124319,0.5193669
124335,0.69413906
124347,0.76117593
124359,0.59534836
124362,0.10560239
124363,0.5702944
124389,0.1957873
124390,0.29709223
124393,0.5727546
124401,0.83309597
124406,0.13334087
124407,0.2794171
124416,0.57221144
326551,0.35055524
124423,0.28137597
124429,0.22689162
124431,0.52821684
124439,0.10224263
124441,0.34341446
124451,0.51751065
124454,0.17764853
124463,0.84871584
124492,0.4569771
124493,0.6086304
124503,0.4423971
124506,0.5216191
124514,0.53762996
124516,0.23008664
124519,0.2094492
124520,0.6594512
124539,0.4034371
124545,0.7365698
124546,0.41162944
124552,0.45791894
124553,0.74162906
124555,0.14187644
124575,0.09936384
124586,0.3329166
124587,0.19006437
124591,0.8034856
124595,0.36052793
124597,0.6241472
124625,0.58810365
124628,0.35653588
124647,0.73664135
124648,0.2063994
124654,0.58061206
124655,0.28836957
124656,0.14842673
124658,0.36087045
124674,0.72589254
124675,0.15893573
124686,0.34128818
124696,0.74397975
124698,0.32750794
124702,0.45948458
124704,0.5219796
124705,0.23699717
124719,0.16130635
124732,0.0828474
124734,0.43111056
124737,0.08494271
124742,0.7318678
124793,0.42291623
124816,0.82803285
124820,0.08799643
124823,0.6331292
360281,0.6040757
124826,0.10175152
124829,0.2489901
124844,0.53422827
124850,0.16746916
124866,0.28374484
124868,0.15982427
124874,0.44004214
124875,0.34071288
124876,0.19249609
124887,0.38555646
124893,0.7052194
124901,0.13866706
124905,0.73533654
124906,0.4123236
124931,0.3572336
124938,0.2668142
124940,0.7313718
124947,0.3034883
124948,0.32651645
124949,0.23153031
124971,0.5403419
124974,0.5231548
124976,0.29567719
125004,0.6658946
125025,0.4544984
125029,0.43610224
125031,0.3851818
125037,0.35718182
125046,0.25341058
125052,0.13202636
125053,0.10223967
125090,0.4130751
125093,0.33231595
125100,0.15824002
125101,0.19260307
125104,0.5950975
125111,0.47320858
125133,0.39521733
125144,0.32544315
125145,0.50893325
125149,0.42518735
125157,0.50867707
125158,0.80210084
125164,0.22308913
125167,0.17993751
125170,0.37085745
125177,0.32843706
125185,0.5964113
125190,0.42217574
125196,0.5312287
125200,0.61387557
125203,0.7432655
125215,0.16983345
125221,0.36795375
125224,0.12008266
411033,0.4722461
125227,0.5997133
125252,0.26242593
125256,0.2823425
125264,0.25587752
125266,0.5012508
125267,0.28654173
125268,0.91685116
125270,0.37585458
125271,0.38721126
125276,0.22047064
125290,0.19167584
125300,0.48134914
125311,0.2401853
125327,0.27757952
125338,0.35180625
125359,0.2057133
125360,0.18964761
125366,0.13231085
125373,0.5703519
125376,0.8284114
125384,0.10971071
125387,0.75336206
125388,0.25477743
125393,0.24950774
125394,0.7388795
125396,0.08670705
125397,0.09271763
125408,0.51003104
125409,0.42258802
125414,0.850827
125423,0.24466427
125425,0.55174583
125436,0.36918482
125450,0.5492659
125465,0.21921971
125471,0.82753146
125488,0.11416764
125496,0.49968013
125500,0.6684518
125505,0.22266069
125507,0.46876663
125519,0.18905756
125521,0.50935704
125524,0.46334258
125531,0.76965636
125542,0.3527561
125552,0.20549008
125560,0.48448887
125573,0.16332145
125574,0.47435534
125576,0.36619297
125592,0.18508555
191362,0.1347319
125604,0.6173986
125622,0.3286219
125628,0.30170676
125649,0.30346152
125668,0.54309314
125695,0.32082868
125698,0.35569298
125701,0.6865556
125705,0.5806206
125709,0.40785772
125713,0.15007429
125720,0.4659772
125727,0.8164673
125747,0.18956344
125752,0.31303436
125758,0.4790902
125772,0.38457778
125779,0.93294805
125798,0.38332185
125804,0.32815042
125814,0.32404685
125817,0.13194005
125835,0.1746114
125838,0.26031902
125842,0.30973667
125852,0.798803
125878,0.06068193
191371,0.6643449
125886,0.36796293
125896,0.74010575
125924,0.434883
125930,0.19451386
125939,0.26538202
125957,0.37539157
125961,0.36534554
125972,0.24339291
125973,0.69435143
125975,0.18113637
125983,0.100547686
125984,0.88360643
125990,0.4329201
126016,0.48175296
126022,0.30358788
191379,0.5476179
126028,0.59284335
126047,0.6550304
126048,0.29760447
126067,0.41881582
126068,0.16551018
126069,0.4752718
126088,0.6590811
126121,0.18263324
126123,0.1238249
126125,0.17627466
126136,0.43447658
126159,0.16356939
126162,0.39900866
126165,0.35526374
126172,0.44555223
126175,0.6325744
126178,0.19033833
126184,0.1527787
126198,0.5860344
126202,0.66558677
126203,0.22475153
126205,0.17648901
126214,0.2391389
126231,0.78442806
126238,0.4835975
126242,0.30592406
126252,0.15343408
126263,0.4086877
126265,0.5512852
126267,0.42536312
126274,0.22160657
126299,0.28894728
126307,0.63625467
126310,0.49131256
126329,0.47644824
126331,0.41190287
126340,0.22897212
126341,0.6093607
126348,0.50798404
126349,0.08172595
126351,0.1305174
126354,0.26765078
126366,0.18082583
126370,0.089594945
126398,0.4769238
126407,0.28326502
126409,0.5961934
126431,0.24173927
126438,0.5678121
126448,0.37196735
126462,0.36844188
126464,0.42416763
126468,0.21054098
126472,0.58876216
126473,0.1777671
126479,0.5859285
126484,0.6239592
126486,0.27791417
126488,0.43010023
126490,0.41461968
126494,0.26475883
126506,0.46283823
126510,0.30818588
126513,0.4022542
126526,0.6684125
126533,0.21438614
126538,0.333501
126549,0.6871782
126553,0.40565312
126554,0.28904185
126555,0.30858496
126579,0.5735135
126584,0.23318364
126594,0.11879477
126595,0.21237843
126596,0.64643806
126602,0.3403578
126611,0.2740148
126614,0.24405643
126636,0.27880436
126638,0.31550327
126651,0.6807879
126658,0.44689733
126674,0.1375171
126685,0.085834675
126688,0.5788799
126689,0.20543922
126707,0.8691875
126715,0.44759494
126716,0.19298208
126721,0.79060173
126722,0.35962182
126732,0.3489154
126738,0.5290831
126743,0.265688
126744,0.2765301
126752,0.21157622
126759,0.3832298
126763,0.7228256
126775,0.58324534
126778,0.72155803
126784,0.25260413
126791,0.29573858
126792,0.48683822
126804,0.51231736
126816,0.61995953
126817,0.26828358
126822,0.123312786
126832,0.33099568
126842,0.21828862
126849,0.16789539
126850,0.2671936
126861,0.16690531
126871,0.16675973
126872,0.5360412
191394,0.13540399
126880,0.4488185
126888,0.23165189
126896,0.15488264
126913,0.54988223
126918,0.30226904
126954,0.24212873
126961,0.22386982
126963,0.19543749
126965,0.81486624
126968,0.71134883
126971,0.062328734
126981,0.55392534
126984,0.57881624
126985,0.38800034
126995,0.7465984
126999,0.3068482
127007,0.31739193
127015,0.5146886
127038,0.40361193
127054,0.288666
127057,0.2186767
127062,0.6712461
127083,0.38327047
127098,0.34756348
127102,0.16906163
127110,0.29810292
127111,0.2951666
127116,0.22547214
127126,0.24731922
127135,0.12810098
127137,0.3863823
127142,0.27054268
127151,0.28927913
127155,0.5262527
127156,0.29543844
127160,0.4392611
127169,0.55280924
127174,0.37612686
127175,0.3567206
127177,0.30420843
127192,0.082169786
127193,0.24594407
191413,0.7603344
127196,0.16005626
127197,0.6399284
127204,0.45202187
127207,0.116540685
127215,0.3134811
127226,0.41468793
127230,0.2150555
127244,0.33652043
127247,0.20670715
127249,0.27951014
127259,0.7526511
127299,0.58337206
127304,0.24053907
127308,0.7085825
127309,0.22722147
127313,0.6097138
127316,0.26198274
127317,0.38358086
127318,0.09150749
127333,0.22542115
127334,0.14421067
127336,0.07243376
127346,0.4853467
127370,0.3547666
127375,0.5889057
127390,0.5177816
127392,0.52232367
127398,0.3140613
127400,0.1677546
127402,0.3762045
127407,0.5662034
127412,0.09314628
127413,0.29696605
127415,0.12795417
127418,0.7044991
127425,0.6152807
127432,0.14710622
127436,0.1383358
127448,0.2775953
127449,0.58289146
191430,0.21387184
127463,0.6288789
127464,0.6415408
127468,0.23580195
127481,0.115955494
127492,0.72173095
127495,0.16509953
127496,0.3878357
127501,0.5576146
127508,0.4587407
127531,0.31988242
127554,0.20520781
127562,0.06750049
127565,0.14886856
191435,0.24849921
127567,0.15870817
127582,0.3315994
127593,0.2760566
127595,0.43197572
127614,0.31987345
127627,0.3916405
127630,0.29687148
127638,0.60873383
127639,0.32647562
127641,0.29629493
127643,0.5641569
127665,0.2222454
127674,0.12092857
127676,0.41708192
127693,0.54493845
127701,0.12806424
127702,0.60917234
127709,0.48820364
127720,0.36500496
127733,0.4229995
127739,0.60322416
127753,0.2691362
127756,0.28601396
127757,0.75559974
127777,0.6541117
127810,0.5967784
127811,0.41091105
127821,0.65233433
127835,0.38211593
127839,0.2633475
127870,0.75592154
127878,0.7598626
127887,0.61535466
127918,0.533178
127919,0.6262437
127920,0.2883887
127932,0.28805262
127933,0.7061352
127953,0.45759282
127955,0.25672787
127957,0.23799138
127961,0.49495277
127967,0.7079165
191449,0.25729778
127970,0.69534194
127975,0.36217842
127985,0.1900294
127991,0.2998933
127997,0.1970579
127999,0.14053687
128004,0.18023692
128005,0.57046485
128015,0.512861
128018,0.2871435
128044,0.48930883
128046,0.36134997
128047,0.47297618
128048,0.5983656
128054,0.32368293
128066,0.6264891
128070,0.09947638
128071,0.41820621
128094,0.7194339
128095,0.12839249
128099,0.6956547
128116,0.10719948
128130,0.2786733
128132,0.46269813
128133,0.8536859
128140,0.13041328
128154,0.38924024
128156,0.7628433
128160,0.1862323
128165,0.7021256
411049,0.32048073
128166,0.17746727
128169,0.25123796
128171,0.39780656
128177,0.30282602
128178,0.1507478
128182,0.13563225
128191,0.5624334
128199,0.47831926
128213,0.40405113
128214,0.20926099
128216,0.17877756
128217,0.78405476
128226,0.45625582
128229,0.4080368
128232,0.5785017
128246,0.26281253
128273,0.46493688
128274,0.3862995
128283,0.22424516
128284,0.52594614
128294,0.7214093
128295,0.50346094
128297,0.4098991
128300,0.21993706
128314,0.38754818
128317,0.22343144
128339,0.36722407
128340,0.17455241
128342,0.36971322
128343,0.32223052
128364,0.5394969
128368,0.68894094
128377,0.25645214
128380,0.18596314
128383,0.3343163
128407,0.25493017
128409,0.15188558
128423,0.46081954
128428,0.18333964
128433,0.2892349
128438,0.68325883
128439,0.4485415
128446,0.061423354
128447,0.39785057
128450,0.74274683
128455,0.6703334
128457,0.5033252
128464,0.37223876
128465,0.33146137
128471,0.3213118
128474,0.48708704
128483,0.48110166
128514,0.49492404
128516,0.14749818
128519,0.41377512
128528,0.13671958
128529,0.70606357
128536,0.5853044
128541,0.18754971
128542,0.44062787
128545,0.071629316
128557,0.14953528
128560,0.6638756
128568,0.5309049
128571,0.18405804
128578,0.18554749
128582,0.62699056
411050,0.16207531
128588,0.6517596
128597,0.59628046
128610,0.74882174
128619,0.84660494
128630,0.41786084
128680,0.41867444
128684,0.20865786
128687,0.22401813
128699,0.77259
128702,0.24310184
128704,0.2701766
128710,0.6381871
191452,0.15040344
128720,0.5441759
128724,0.30214828
128727,0.560824
128744,0.5473029
128745,0.25024346
128760,0.61951494
128766,0.76657957
128770,0.27527767
128782,0.53069603
128822,0.109330796
128830,0.6723751
128836,0.6099184
128845,0.36197403
128858,0.24371251
128859,0.34368002
128860,0.5429689
128874,0.45525753
128880,0.72095853
128882,0.43443054
128883,0.51991534
128884,0.14944535
128892,0.32702744
128905,0.54146624
128910,0.42867982
128912,0.3121549
128915,0.23996785
128917,0.56377745
128937,0.18293229
128942,0.32140076
128945,0.14474754
128957,0.5803995
128962,0.17384715
128970,0.11413358
128985,0.18018326
128986,0.25380415
128992,0.14899759
128994,0.30960923
129003,0.33512768
129005,0.30470783
129010,0.13967882
411051,0.5278175
129024,0.48079735
129038,0.160838
129042,0.21648487
129049,0.33605093
129062,0.545295
129067,0.69283885
129070,0.36668438
129073,0.26000497
129074,0.67178655
129088,0.32227668
129090,0.3811805
129101,0.7955934
129102,0.33745742
129106,0.41917974
129108,0.5373519
129120,0.56166893
129122,0.14295925
129123,0.8450035
129135,0.583272
129141,0.566416
129152,0.46981505
129160,0.41286924
129168,0.5884549
129174,0.2824504
129178,0.18165776
129183,0.6998831
129187,0.13696627
129197,0.3804313
191464,0.63018537
129200,0.25524837
129205,0.5288527
129222,0.44197547
129230,0.23862636
129235,0.21078028
129251,0.15284678
129274,0.27784625
129282,0.31874657
129284,0.509301
129298,0.22645767
129299,0.28100637
129311,0.11923951
129312,0.10327159
411052,0.44310346
129313,0.27647147
129314,0.28060418
129321,0.62163764
129329,0.18334568
129330,0.7797364
129332,0.26740748
129338,0.39154568
129345,0.12957801
129349,0.36878058
129353,0.1885076
129357,0.112670414
129358,0.69375306
129365,0.37562668
129376,0.18765615
129380,0.22250757
129382,0.37816796
129402,0.4146395
129403,0.19208425
129412,0.36564326
129441,0.84249616
129442,0.3510605
129448,0.5177061
129466,0.26815653
129475,0.4598592
129483,0.3497494
129484,0.3305901
129499,0.123430915
129501,0.35377434
191465,0.16427328
129508,0.17572229
129510,0.7792797
129526,0.47381487
129527,0.76596606
129533,0.34830746
129535,0.72781
129536,0.800702
129545,0.4626699
129553,0.5975943
129557,0.557191
129560,0.5010245
129576,0.36231118
129580,0.4356957
129585,0.56208533
129587,0.17501268
129597,0.27642423
129611,0.46398205
129619,0.2375362
129622,0.7179454
129631,0.2554526
129632,0.5044328
129640,0.25335705
129647,0.24255109
129658,0.14677759
129676,0.15146457
129683,0.24332218
129685,0.2837141
129701,0.697852
129706,0.73916334
129707,0.23318493
129720,0.4014286
129727,0.8812688
129728,0.18449442
129768,0.3393102
129775,0.28785676
129790,0.086917795
129804,0.3256681
129805,0.43950912
129813,0.105614126
129816,0.4051759
129823,0.6156929
129826,0.87383527
129831,0.22152904
129833,0.07853061
129851,0.37059206
129857,0.76482165
129860,0.18728861
129914,0.40793818
129926,0.4919167
129933,0.44411302
129939,0.4819611
129949,0.34727913
129959,0.664649
129962,0.6779175
129963,0.45096633
129964,0.38581
129977,0.21938103
129985,0.1056586
129987,0.102164775
129992,0.37008357
130002,0.41735077
130016,0.40218657
130045,0.43432006
130048,0.25802442
130051,0.22000265
130053,0.582185
130056,0.15477675
130061,0.2250776
130062,0.3584979
130065,0.81310844
130066,0.41986993
130070,0.6575778
130079,0.49251917
130080,0.5018673
130098,0.21320911
130109,0.4838396
130110,0.41324046
130116,0.13726805
130125,0.8353482
130134,0.56947017
130137,0.31903455
130138,0.40072572
130146,0.35698265
130148,0.48899618
130154,0.11873416
130156,0.45958686
130158,0.43663058
130159,0.22190544
130177,0.19503748
130186,0.7224303
130204,0.66143656
130205,0.28945318
130206,0.25740322
130211,0.3117039
130217,0.22149383
130218,0.29059193
130235,0.3891352
130236,0.7869969
130239,0.23030882
191466,0.54519963
130256,0.33204862
130260,0.16082406
130261,0.48773947
130262,0.081233755
130263,0.40234622
130264,0.1741819
130266,0.72187096
130277,0.7801681
130278,0.1900574
130281,0.5922542
130297,0.28245556
130302,0.4513514
130320,0.34400803
130325,0.6769015
130329,0.17674823
130338,0.8017305
130339,0.13243261
130340,0.6712113
130344,0.51693434
130347,0.3032688
130353,0.50060874
130358,0.28778458
130366,0.28384727
130371,0.31035778
130374,0.49801615
130389,0.34465727
130390,0.5176639
130404,0.2956004
130426,0.38987514
130440,0.22320072
130449,0.85719055
130451,0.21313551
130452,0.6029756
130453,0.4270653
130463,0.25560525
130466,0.21728867
130467,0.18529885
130475,0.12920018
130489,0.6225892
130490,0.24156618
130495,0.4924943
130497,0.32701248
130499,0.052889567
130504,0.2881637
191469,0.65702564
130513,0.28838637
130528,0.20475331
130533,0.75176346
130543,0.4007644
130567,0.74522716
130571,0.50878716
130572,0.41582334
130589,0.21745889
130592,0.63224006
130603,0.48867422
130623,0.26063392
130641,0.34765276
130687,0.26554874
130690,0.508252
130698,0.42248756
130707,0.44713077
130709,0.74307656
130718,0.833311
130722,0.53143716
130732,0.33753276
130735,0.5098222
130757,0.3355286
130760,0.101022504
130771,0.37972066
130772,0.25659108
130774,0.28484452
130779,0.33823007
130795,0.4001661
130828,0.54078543
130833,0.22948426
130843,0.11651305
191490,0.76277226
130855,0.67703164
130871,0.27282897
130878,0.5708626
130885,0.6430034
130889,0.4860531
130894,0.29568008
130896,0.6464445
130905,0.14346257
130906,0.4100027
130930,0.30988955
130931,0.6692145
130943,0.5198463
130946,0.0641549
130947,0.38254365
191494,0.74300176
130950,0.14537194
130954,0.15680887
130966,0.13359807
130983,0.4793784
131003,0.080018796
131005,0.13815561
131009,0.40784585
131013,0.33607155
131027,0.22580406
131030,0.8137594
131031,0.062062223
131033,0.22305794
131039,0.31870547
131045,0.5160128
131057,0.55759645
131072,0.07936199
131084,0.45611644
131088,0.19782144
131089,0.16971764
131091,0.33687413
131093,0.38292766
131114,0.77583426
131118,0.06884863
131123,0.44463903
131130,0.46298563
131144,0.15356362
131162,0.6025138
131163,0.11098794
131166,0.34974644
131179,0.6091287
131181,0.16768137
131183,0.87820804
131219,0.3415741
131227,0.15975574
131231,0.3592487
131235,0.7107624
131242,0.5721314
131251,0.30195114
131257,0.4639303
131263,0.29101753
424639,0.27634
131268,0.7761028
131271,0.14548123
131275,0.27637985
131286,0.4656446
131290,0.683623
131300,0.11647524
131306,0.36033824
131316,0.40085727
131321,0.63429755
131322,0.29137385
131326,0.094881296
131333,0.54993206
131335,0.59338623
131352,0.13553706
131354,0.16505945
131366,0.5892511
131373,0.47833148
131388,0.47666046
131394,0.29908767
131404,0.58755076
131405,0.3704279
131411,0.2863435
131416,0.39498493
131421,0.25128862
131424,0.34337217
131426,0.5666862
131443,0.752236
131470,0.62043047
191498,0.8202404
131471,0.5275573
131476,0.10161066
131477,0.35008132
131479,0.8563346
131493,0.7052775
131495,0.6599263
131496,0.47183436
131498,0.71450454
131504,0.4347822
131525,0.8146359
131528,0.3509233
131548,0.34578058
131549,0.24256164
131550,0.32729077
424640,0.1815879
131557,0.8809578
131564,0.28933284
131565,0.4193237
131576,0.4068546
131602,0.84384775
131628,0.6854287
131629,0.32719257
131641,0.3087352
131647,0.26685026
131664,0.17516902
131677,0.4533911
131681,0.3509549
131682,0.26621348
131688,0.7531916
131690,0.39330503
131691,0.1352036
131709,0.40234137
131713,0.17920697
131719,0.5131853
131733,0.566085
131734,0.50691104
131743,0.6819729
131747,0.3398475
131748,0.56258917
131758,0.12412833
131759,0.58647543
131764,0.35395247
131771,0.18083377
131788,0.25718126
131791,0.5845374
131798,0.39777413
131810,0.60010666
131812,0.22802061
131815,0.41879633
131823,0.60620487
131824,0.07466876
131828,0.5101318
131844,0.51692593
131846,0.32712048
131848,0.33301872
131863,0.16291581
131864,0.19476296
131889,0.1914949
131890,0.34914443
131892,0.6390521
131895,0.43970388
131896,0.44231418
131897,0.26319367
131905,0.25669703
131906,0.41093192
131907,0.62844646
131914,0.15127729
131921,0.2412167
131922,0.31118435
131925,0.2719665
131936,0.35443246
308018,0.523383
131941,0.46953762
131950,0.19565931
131952,0.53140384
131959,0.8763993
131983,0.3454064
131987,0.47869378
131994,0.26076487
132004,0.56093454
132009,0.33427018
132012,0.18806964
132013,0.22563545
132014,0.72732925
132028,0.7972742
132054,0.28505942
132061,0.31609213
132062,0.6029485
132078,0.803565
132082,0.07453642
132086,0.4051962
132089,0.28598475
132095,0.40998986
132109,0.42477304
132110,0.5972253
132121,0.029283537
132125,0.22943576
132127,0.67444456
132128,0.18278705
132134,0.25893745
132139,0.13135147
132141,0.09785224
132149,0.7468886
132150,0.27435407
132152,0.27603638
132153,0.6872148
132164,0.12124617
132179,0.85674256
132182,0.39855164
132189,0.096484944
132193,0.2704535
132194,0.110906295
132195,0.36694673
132208,0.6711404
132211,0.41841784
132212,0.5759929
132216,0.15830487
132219,0.2915871
132223,0.6557163
132238,0.50458497
132242,0.29970685
132268,0.16404396
132275,0.40463835
132276,0.34786424
132279,0.13082433
132289,0.732878
132290,0.060408637
132300,0.6776274
132319,0.6006023
132340,0.08304027
132344,0.5151054
132345,0.040816676
132346,0.5999064
132352,0.45221207
132353,0.31141207
132358,0.85380286
132381,0.4539352
132382,0.22197896
132383,0.46409047
132410,0.28495172
132419,0.28246266
132423,0.5558418
132432,0.6245178
209855,0.21815363
132434,0.23147307
132440,0.6363461
132441,0.28534624
132452,0.23631357
132453,0.23708661
132456,0.47194478
132459,0.1953016
132462,0.27364513
132463,0.17985179
132468,0.72630984
132485,0.84840465
132490,0.15275262
132500,0.5281985
132521,0.583462
132555,0.57114637
132560,0.19290973
132562,0.3586721
132575,0.31965673
132587,0.18395247
132591,0.35893396
132611,0.36895895
132615,0.46386003
132617,0.7710154
132622,0.7645986
132629,0.14143902
132638,0.33827543
132642,0.2398603
132676,0.7673797
132704,0.5538807
132707,0.43360335
132719,0.34520587
132723,0.75738496
132724,0.59234613
132732,0.24090523
132754,0.4564578
132756,0.37603107
132766,0.38684526
132767,0.3347924
132775,0.24803358
132776,0.6008868
132785,0.49927294
132787,0.296554
132793,0.46476868
132807,0.15714818
132811,0.09760418
132818,0.24250492
132834,0.23284572
132846,0.16025446
132861,0.19731985
132870,0.6405939
132882,0.18548067
132884,0.21191946
132885,0.71607894
132888,0.5389101
132898,0.5617844
132912,0.22108437
132916,0.6638866
132917,0.3764212
132932,0.64378744
132940,0.33270118
132943,0.1410923
132962,0.33723193
132965,0.68788785
132969,0.103609435
132974,0.5226957
132977,0.31785622
132978,0.2745765
132982,0.27733475
132983,0.13764219
132996,0.18999757
133006,0.123838924
133007,0.17577766
133025,0.31324407
133027,0.26631096
133033,0.34104645
133038,0.36119
133040,0.26675516
133041,0.18332456
133044,0.450795
133053,0.15116248
133063,0.54810053
133065,0.17598768
133083,0.3461846
133084,0.29735705
133091,0.6181015
133092,0.15677685
133107,0.3690487
133111,0.43151507
133122,0.20869505
133132,0.23740219
133140,0.72653127
133147,0.3206424
133150,0.08106735
133168,0.49196574
133170,0.14190565
133184,0.13713366
133228,0.24447773
133229,0.36541307
133230,0.22372432
133232,0.47790864
133242,0.4282086
133246,0.5616175
133247,0.25834075
133253,0.4101339
133268,0.66698116
133271,0.5510236
133272,0.3325355
133296,0.8113067
133299,0.5520128
133302,0.53979903
133315,0.40841112
133330,0.22530623
133331,0.36023012
133332,0.1528484
133333,0.2694831
133334,0.8841194
133361,0.80527455
133363,0.72224367
133404,0.08176736
133412,0.80339533
133418,0.46668735
431765,0.36852288
133422,0.6083754
133426,0.6396816
133450,0.31458852
133465,0.3160646
133468,0.4198526
133469,0.2174892
133474,0.21151493
133479,0.39116216
133490,0.86417747
133492,0.19342378
133495,0.29710627
133496,0.24704905
133501,0.7793591
133502,0.5783472
133511,0.36755797
133515,0.32699203
133528,0.55580884
133539,0.2216723
133551,0.32301405
133564,0.4055491
133569,0.21947375
133570,0.11353634
133578,0.28614935
133586,0.24330918
133587,0.69270605
133597,0.6359479
133608,0.12445315
133624,0.5073728
133626,0.49914566
133645,0.3993079
133655,0.20140705
133658,0.4817041
133659,0.21528088
133660,0.30178633
133664,0.16365948
133684,0.7172337
133685,0.08418764
133688,0.5924301
133706,0.22641352
133713,0.1916166
133723,0.15675189
133730,0.4277589
133733,0.22601466
133760,0.37386554
133762,0.6676285
133777,0.14125998
133793,0.09077253
133816,0.4162771
133818,0.3889498
133824,0.3402646
133841,0.61325604
133850,0.22800927
133877,0.54602355
133880,0.40824407
133887,0.26491383
133889,0.7107158
133896,0.4500543
133916,0.48447907
133920,0.120977685
133936,0.21153866
431766,0.19013278
133939,0.28121027
133940,0.2053933
133942,0.43413427
133956,0.46854627
133957,0.45253623
133965,0.31714174
133972,0.68004125
133973,0.26596272
134008,0.28252763
134016,0.75540286
134039,0.23894066
134040,0.16903925
216306,0.43029967
134045,0.34215465
134050,0.5758721
134056,0.6928109
134082,0.49783275
134085,0.6954028
134089,0.18471724
134102,0.44375566
134118,0.15684988
134131,0.27549008
134135,0.59937555
134137,0.299851
134150,0.44269854
134159,0.38582817
134183,0.098902635
134186,0.4584013
134211,0.34563205
134216,0.12583621
134217,0.24900751
134218,0.24080932
134230,0.46028987
134233,0.61825
134234,0.24472302
134236,0.7440681
134241,0.31932116
134242,0.15402357
134273,0.22774124
134277,0.15952747
134287,0.45533037
134293,0.2484198
134302,0.20094423
134306,0.60824156
134307,0.2734539
134325,0.20029917
134330,0.5830623
134334,0.54593533
134338,0.34442413
134339,0.19915335
134348,0.21589735
134355,0.08722492
134369,0.7983916
134387,0.21483423
134399,0.39668766
134400,0.27980584
134405,0.34139645
134407,0.17244174
134433,0.3584502
134448,0.103473514
134460,0.2980615
134463,0.56785697
134467,0.35117877
134485,0.20559855
134486,0.62765145
134490,0.8737235
134494,0.6156032
134501,0.86863464
134508,0.13461526
134512,0.4285536
216317,0.21683753
134514,0.10270883
134519,0.22075363
134528,0.37998122
134536,0.43850324
134540,0.58908886
134546,0.05097486
134549,0.60121495
134558,0.578528
134560,0.5905181
134588,0.6641887
134590,0.3620027
134591,0.3732508
134594,0.25697035
134622,0.21425053
134626,0.1533179
134639,0.27076355
134649,0.4298503
134654,0.1477566
134658,0.28996724
134683,0.52480936
134688,0.7826294
134689,0.81408596
134697,0.4388841
134698,0.77722585
134718,0.14917605
134742,0.16519317
134751,0.3653917
134760,0.28346297
134763,0.119776465
134764,0.62900245
134765,0.1687008
134773,0.25606978
134790,0.3042516
134794,0.27772668
134802,0.22900978
134805,0.09409075
134807,0.37964025
134812,0.49323145
134813,0.1525526
134823,0.56374806
134824,0.48180315
134838,0.6330381
134841,0.17383157
134857,0.1896017
134862,0.5050898
134865,0.32778537
134880,0.7991345
134883,0.6368737
134884,0.7600092
134916,0.16593851
134918,0.39769253
134919,0.54454976
134921,0.03965597
134928,0.5582177
134943,0.4831119
134950,0.16666834
134968,0.18120942
134971,0.63783467
431768,0.4620878
134972,0.3895413
135011,0.3865163
135013,0.8675123
135016,0.11260256
135031,0.48115355
135036,0.24424702
135041,0.13532045
135052,0.26158533
135053,0.6149506
135054,0.5727655
135060,0.423294
135072,0.43930104
135078,0.28194523
135079,0.21211931
135090,0.5959625
135113,0.33520964
135123,0.24332221
135128,0.60047156
135136,0.65991694
135152,0.34313664
135163,0.26954114
135166,0.12116817
135186,0.49832645
135188,0.32705784
135194,0.15418327
135214,0.16928975
135220,0.2807963
135235,0.13332433
135236,0.10324063
135241,0.4998509
135243,0.5372879
135253,0.27333766
135258,0.6915243
135264,0.33326015
135271,0.14280906
135274,0.4327294
135275,0.45148867
135288,0.3815921
135290,0.3673619
135299,0.5149004
135304,0.5634887
135309,0.0701852
135345,0.85010636
424653,0.44725278
135359,0.41360185
135360,0.732548
135361,0.4667489
135363,0.36670047
135365,0.31877694
135369,0.5921373
135380,0.14609006
135387,0.55035764
135389,0.48945758
135390,0.74314255
135393,0.14436825
135401,0.49259093
135409,0.7009807
135410,0.25607997
135412,0.19709942
135430,0.38998112
135434,0.20771892
135435,0.45917
135445,0.5418679
135449,0.6939205
135460,0.4095787
135461,0.22021471
135491,0.2793759
135500,0.37338567
135504,0.23080882
135506,0.6451936
135521,0.5161213
135523,0.7737322
135527,0.3335728
135528,0.19557579
135530,0.8333618
135540,0.2457872
135541,0.89991826
135562,0.5137417
135578,0.23171255
135584,0.50137264
135589,0.6567565
135590,0.34682265
135591,0.5076275
139774,0.71308935
135596,0.122777045
135607,0.09017932
135622,0.07856691
135626,0.72345495
135635,0.2617565
135636,0.5607963
135650,0.24731292
135656,0.22390147
135657,0.7423894
135672,0.68207616
135673,0.28514513
135678,0.6581991
135679,0.02992798
135684,0.5423004
135701,0.22500172
135704,0.34996578
135713,0.41276446
135716,0.6469304
135718,0.18245552
135723,0.24209547
135737,0.37982148
135738,0.13832605
135745,0.15943357
135746,0.5030794
135752,0.4834811
135755,0.33224618
135756,0.22837602
135765,0.08712424
135778,0.1736298
135779,0.38717958
135788,0.06566759
135803,0.5676202
135804,0.26440734
135809,0.162651
135811,0.71011037
135812,0.25558132
135823,0.6936373
135834,0.43563905
135838,0.11297371
135843,0.41212183
135847,0.32175997
135857,0.8888795
135865,0.3609638
135872,0.5571447
135885,0.6918043
135888,0.13548568
135899,0.35209477
135910,0.3934642
135930,0.47648716
135941,0.81029296
135943,0.7032364
135949,0.548182
135950,0.33720157
135951,0.5185341
135954,0.45512414
135966,0.7064601
135967,0.3660338
135971,0.49373692
135974,0.6371608
135975,0.4916104
135985,0.10315138
136004,0.25947517
136009,0.27857998
136033,0.60618836
136041,0.48843065
136051,0.12796305
136057,0.45785835
136070,0.8112687
136099,0.13731351
136103,0.2198555
136114,0.6324682
136116,0.38272542
136140,0.31414825
136160,0.14876063
136185,0.42661512
136201,0.3175842
136211,0.58023715
136213,0.65763646
136224,0.6253843
136234,0.3662628
136244,0.33387682
136255,0.2199902
136257,0.43192765
136260,0.22117858
136261,0.6073316
136263,0.39589462
136267,0.32994595
431770,0.104217
136277,0.4665064
136289,0.45673347
136293,0.344726
136296,0.22494555
136302,0.56208485
136312,0.29141694
136317,0.61756784
136337,0.74776495
136355,0.25376445
136356,0.8712189
136383,0.3032037
136390,0.5121761
136406,0.21805295
136416,0.14779866
139775,0.28261772
136417,0.28715417
136429,0.77321416
136440,0.45435616
136445,0.7398213
136449,0.15122746
136454,0.5677479
136457,0.05373031
136467,0.62161183
136474,0.5330741
136503,0.39729083
136505,0.7531839
136558,0.23341766
136578,0.6857903
136579,0.23690851
139777,0.34704673
136582,0.37142223
136583,0.20477836
136588,0.30265558
136593,0.2566507
136605,0.6623858
136617,0.54139304
136620,0.20720442
136625,0.3306741
136640,0.33993798
136643,0.6706949
136653,0.56923693
136654,0.79234636
136660,0.23212321
136661,0.060802877
136663,0.49898225
136683,0.7434391
136711,0.6124846
136726,0.80717814
136730,0.49532667
136739,0.71417683
136740,0.72051704
136745,0.1215324
136751,0.54366374
136754,0.3475856
136758,0.54875207
136762,0.6899163
136763,0.16552427
136778,0.08790096
136782,0.097157985
136798,0.7422338
136808,0.756882
136811,0.4171412
136829,0.4011088
136832,0.3051668
136838,0.20287617
136846,0.441314
136848,0.4917408
136852,0.3294079
136854,0.33252808
136856,0.22405949
136862,0.87667376
136863,0.42070177
136885,0.29198283
136887,0.559072
136902,0.43133923
136918,0.14862628
136922,0.26950398
136923,0.11188078
136929,0.67322534
136940,0.4483467
136967,0.47734582
136968,0.65013915
136972,0.43130207
136984,0.4928868
139780,0.714775
139788,0.77547896
136993,0.63055354
136994,0.296366
136995,0.17327695
136999,0.1470474
137013,0.36665297
137015,0.5357632
137023,0.45449832
137025,0.71681553
137032,0.2441174
137033,0.8831171
137045,0.39789587
137049,0.20092459
137051,0.5352452
137052,0.439602
137101,0.6339809
137119,0.59097874
137142,0.60829824
137149,0.6688903
137166,0.134331
137167,0.28970042
137192,0.2828103
137193,0.60866404
137194,0.23095858
137204,0.47146517
137214,0.08455736
137222,0.42741582
137223,0.33564365
137234,0.14692234
444018,0.35646728
137254,0.19851272
137269,0.12616093
137284,0.46401933
137285,0.85243154
137286,0.76245856
137287,0.43735573
137300,0.7274248
137305,0.48414555
137313,0.43066502
137344,0.83070385
137346,0.49000505
137354,0.5617518
137356,0.33079562
137357,0.5007377
137364,0.6201767
137368,0.06200245
137380,0.3551229
137383,0.3554619
137395,0.42938808
137432,0.25229672
137433,0.5285127
137435,0.21801269
137444,0.1613823
137453,0.43086734
137454,0.30762604
137455,0.4771044
137456,0.24694805
137457,0.79102284
137465,0.44050097
137476,0.3272609
137515,0.29764754
137544,0.40817183
137549,0.10326318
137560,0.5336038
137577,0.74633604
137590,0.13434947
137591,0.32116276
137592,0.6223359
137595,0.36746645
137614,0.5210859
137624,0.26289976
137640,0.061348032
137651,0.52757925
137657,0.14401715
137658,0.665829
137672,0.47725776
137673,0.30003858
137687,0.7285805
137688,0.36680752
137689,0.10761148
137700,0.79068375
137711,0.26081318
137715,0.7221195
137718,0.1976196
137721,0.29869062
137722,0.8402481
137726,0.2496871
137739,0.5095723
137741,0.027506944
137743,0.59927505
137747,0.22839305
137761,0.2675815
137796,0.18204261
137807,0.30832198
137809,0.43968442
137824,0.27575114
137827,0.5888956
137846,0.40575567
137862,0.22976142
137865,0.08589959
137868,0.5619822
137875,0.061734382
137878,0.40261486
137883,0.34636778
137888,0.4072551
137913,0.40429232
137915,0.075466394
137934,0.42809066
137936,0.69055325
137937,0.6306783
137942,0.43112466
137944,0.6916179
137947,0.14258103
137960,0.45191738
137977,0.28750837
138006,0.3352485
138007,0.23477688
138008,0.17787653
138019,0.5236188
138021,0.21117297
138022,0.5443295
138025,0.6956123
138044,0.07556117
138046,0.44558442
138050,0.47182804
138068,0.46689665
138084,0.31297898
138085,0.16227098
138086,0.19765553
138087,0.058686167
138089,0.5918365
138100,0.25236022
138105,0.16407618
138107,0.29484904
138127,0.1269424
138128,0.37513405
138129,0.22652684
138131,0.15633023
138132,0.14334303
138150,0.113406405
138156,0.2650893
138169,0.65588737
138174,0.40449297
138177,0.29808265
138187,0.4899374
138189,0.34523332
138193,0.3527766
138203,0.29856688
138209,0.33850378
138237,0.3825221
138243,0.18284795
139794,0.5658754
138273,0.19739088
138274,0.36006987
138275,0.06962174
138277,0.4013568
138285,0.16036697
138289,0.4619132
138308,0.3238987
138313,0.17060372
138317,0.32147014
138326,0.34906045
138327,0.630511
138338,0.3270179
444053,0.5457058
138367,0.2633497
138377,0.7819277
138416,0.23910108
138417,0.20847565
138419,0.3710156
138425,0.5765394
138430,0.43965313
138454,0.4805312
138465,0.2412383
138470,0.19703358
138480,0.24614483
138481,0.7683866
138486,0.4148392
138492,0.5149236
138496,0.5404372
138519,0.62157196
138520,0.5411034
138522,0.7119037
138545,0.08138941
138556,0.54449606
138560,0.20225257
138564,0.2917635
138573,0.3028371
138581,0.61391747
138585,0.1904656
138591,0.3830313
138598,0.34788013
138600,0.100400165
138602,0.23672494
138613,0.65871155
138639,0.29320124
138651,0.22645961
138652,0.59633094
138661,0.71998996
138674,0.18917908
138678,0.8641159
138679,0.12090332
138686,0.2868818
138695,0.43171325
138711,0.3797225
320195,0.11789642
138728,0.30812106
138731,0.22294207
138744,0.6389117
138752,0.8172978
138754,0.6069409
138756,0.58054113
138770,0.21589263
138771,0.780489
138807,0.13316731
138818,0.39123446
138819,0.49412012
138820,0.41093394
138831,0.27564123
138843,0.4264025
138871,0.5467361
320199,0.49177596
138873,0.36168593
138876,0.43545932
138880,0.60432065
138881,0.3538104
138882,0.25983652
138890,0.4358697
138892,0.17164569
138893,0.38640654
138917,0.27842942
138921,0.4063789
138922,0.68939227
138924,0.31871626
138926,0.21821983
138932,0.6660864
138946,0.60745525
138959,0.38380736
138961,0.19300711
138964,0.14749922
138968,0.48977908
138969,0.6500888
138980,0.48807356
138992,0.6187979
139002,0.33771604
139010,0.68335205
139011,0.27541384
275440,0.56561863
139017,0.63177145
139030,0.17156625
139032,0.16790135
139034,0.6197303
139039,0.6143661
139049,0.7788253
139053,0.19723381
139058,0.6605866
139062,0.31098133
139067,0.7769395
139069,0.7998657
139070,0.8441246
139075,0.4123039
275468,0.26783413
139082,0.28981653
139092,0.43043807
139098,0.5262174
139108,0.6071574
139127,0.6682074
139130,0.68825185
139145,0.16593377
139164,0.32097435
139174,0.18110897
139175,0.5406415
139178,0.12643611
139180,0.16744627
275469,0.22707038
139181,0.8390529
139186,0.3540218
139189,0.5255466
139190,0.1289004
139191,0.08608886
139198,0.14930011
139201,0.25650108
139204,0.35736758
139208,0.01763734
139211,0.30151215
139215,0.37606373
139225,0.571369
139226,0.23317067
139231,0.23345405
139246,0.62203866
139252,0.57321966
139256,0.19839239
139258,0.1528584
139268,0.3041636
139272,0.2630994
139283,0.21415563
139286,0.17560229
139289,0.42924508
139290,0.72725445
139291,0.37755877
139293,0.28683436
139303,0.1330379
139304,0.48288384
139307,0.8078298
139319,0.209232
139321,0.29429033
139326,0.34437442
139327,0.4382304
139355,0.62023747
139363,0.3550266
139375,0.3211718
139397,0.48792878
139412,0.39558673
139413,0.14951546
139415,0.5167633
139416,0.54790324
139449,0.6155784
139461,0.23961857
139462,0.6950231
139463,0.7054027
139486,0.17278558
139493,0.43236163
139515,0.39644065
139516,0.6456889
139522,0.43505284
139532,0.27036163
139542,0.46951687
139545,0.42174628
139552,0.7289143
139553,0.3795099
139555,0.35932276
320202,0.39910448
139559,0.5876283
139560,0.46807772
139564,0.34515584
139565,0.50823784
139567,0.15551619
139568,0.16351442
139572,0.37747142
139573,0.17186728
139592,0.21583325
139595,0.75186986
139597,0.46778402
139598,0.5942312
139607,0.59505886
139609,0.57027197
139628,0.18200122
139653,0.35587135
139656,0.9082152
139661,0.30233854
139673,0.2566019
139674,0.2499811
139683,0.08470442
139714,0.51081985
139724,0.3002284
139737,0.65644974
139749,0.6061926
139755,0.028554644
139756,0.563733
139757,0.19757262
139763,0.60454375
139831,0.52821475
139832,0.38456333
139834,0.30147317
139839,0.27191335
139843,0.6426929
139844,0.2716413
139858,0.72808033
139861,0.7049287
139864,0.626294
139865,0.5076555
139874,0.43974122
139876,0.23058534
139895,0.13021874
139903,0.5232202
139917,0.23419212
139930,0.16390964
139934,0.56224173
139935,0.22175762
139946,0.37115848
139958,0.32774237
139977,0.34041277
139981,0.29942295
139989,0.089574516
139992,0.42397928
139995,0.3706492
139996,0.59620845
139997,0.29060712
140005,0.47896716
140010,0.6643541
140018,0.45579264
140026,0.49620292
140027,0.5754332
140031,0.20816296
140037,0.14895783
140039,0.09047451
140040,0.5844821
140042,0.20923765
140049,0.80849034
140084,0.509102
140087,0.12399056
140096,0.2747017
140101,0.89150906
140114,0.2622752
140117,0.6358462
140129,0.58175844
140131,0.7605095
140132,0.24269345
140136,0.7535834
140144,0.21469371
140151,0.49046314
140172,0.31133214
140174,0.14478247
140190,0.517523
140196,0.2869659
140200,0.05348187
140204,0.46525055
140223,0.37264743
140232,0.23383406
140234,0.63805425
140237,0.6211945
308023,0.060382575
140245,0.6943859
140247,0.6400651
140248,0.480985
140298,0.20996125
140305,0.8483985
140311,0.12560914
140312,0.7236377
140318,0.57195944
140325,0.3434775
140327,0.77417964
140334,0.5734473
140337,0.30842414
140338,0.10094701
140343,0.24815412
140376,0.3027592
140378,0.6324338
140381,0.21440461
140382,0.44557345
140384,0.32542187
140386,0.5256106
140390,0.26814318
140402,0.032781076
140406,0.06867218
140425,0.42129833
140426,0.41756913
140434,0.10146524
140435,0.27424836
140436,0.82960594
140451,0.38539368
140452,0.2969489
140454,0.49790147
140455,0.25944367
140483,0.6108434
140504,0.32377195
140512,0.5689793
140518,0.1651783
140534,0.2574237
140545,0.07540223
140546,0.533547
140560,0.24585028
140563,0.18857417
140564,0.7503841
140569,0.16718385
140577,0.48949802
140638,0.1920885
140655,0.37383142
140664,0.6839487
140669,0.37462553
140672,0.90508604
140682,0.36535698
140693,0.5774732
140700,0.20676516
140701,0.43856317
140704,0.10856012
140705,0.3174138
140719,0.12297444
140749,0.76236886
140750,0.21991283
140751,0.3233686
140752,0.3901771
140762,0.53421926
140772,0.26837775
140778,0.59120154
140779,0.39545715
140780,0.19544819
140802,0.22515802
140804,0.76364666
140807,0.6106563
140813,0.1604924
140827,0.3820436
140840,0.08798832
140845,0.3807995
140847,0.6009947
140861,0.1260131
140862,0.6403176
140872,0.1114068
140879,0.2231867
140880,0.42652872
140886,0.22897767
140924,0.10436065
140938,0.13049515
140944,0.3493371
140945,0.8238801
140961,0.07393217
140963,0.24484669
140967,0.5188936
140982,0.72961175
140990,0.25148398
140993,0.18831183
140996,0.70689714
141004,0.25131208
141025,0.8611794
141030,0.24696553
141031,0.2343257
141032,0.38994786
141067,0.13867018
141072,0.494499
141081,0.44108513
141084,0.5755083
141085,0.29709262
141089,0.4940391
141090,0.25847176
141093,0.39382944
141095,0.56105924
141110,0.21467005
141114,0.4664365
141119,0.63725424
141147,0.5573813
141150,0.7128734
141159,0.3932339
141160,0.7852514
141167,0.121251
141206,0.41675517
141213,0.22499014
141215,0.88757986
141222,0.3886091
320203,0.8588209
141255,0.28986037
141283,0.18130393
141298,0.77080756
141306,0.14116067
141310,0.78186285
141320,0.15799099
141323,0.7287792
141329,0.565961
141333,0.3087109
141339,0.111980334
141340,0.38423157
141344,0.5959013
141345,0.23952404
141347,0.47639272
141350,0.28350458
141356,0.23734748
141358,0.2537217
141365,0.107835434
141368,0.20658973
141369,0.14497888
141376,0.54497063
141377,0.41663313
141385,0.10586845
141387,0.16506018
141388,0.77548736
141389,0.6626291
141390,0.39939317
314124,0.7505041
141409,0.15583418
141410,0.31385797
141411,0.73671794
141414,0.44668478
141422,0.3495316
141426,0.49664733
141457,0.08373995
141470,0.12864959
141480,0.4259688
141481,0.23071954
141492,0.21141899
141493,0.2880618
314127,0.24140546
141496,0.19787344
141497,0.31026012
141502,0.28087166
141503,0.45454243
141504,0.6989663
141507,0.39407358
141515,0.1320145
141524,0.7833469
141528,0.23058255
141540,0.16339584
141542,0.48484305
141551,0.82360834
141573,0.333645
141580,0.13309957
141588,0.6015198
141596,0.74725485
141597,0.20402773
141602,0.7199477
141608,0.26837686
141611,0.08916288
141612,0.59697455
141618,0.54061544
141628,0.32515904
141632,0.62860036
141634,0.46199065
141637,0.5886909
141638,0.5337025
141639,0.2464942
141640,0.7529058
141644,0.3953081
141654,0.64105046
141656,0.25280273
141668,0.40279636
141717,0.7063677
141718,0.31371674
141723,0.704178
141743,0.40059525
141744,0.36652237
141750,0.26324213
141753,0.15935923
141762,0.6291909
141809,0.29134917
141815,0.22124092
141826,0.10022523
141832,0.32762823
141840,0.15935953
141869,0.55378556
141870,0.71356237
141887,0.7121489
141915,0.32640052
141925,0.243907
141945,0.8910136
141949,0.18185087
141958,0.4830676
141959,0.15788694
141963,0.20704977
141989,0.22660767
141995,0.622901
141997,0.40481153
142005,0.33478332
142008,0.59787965
142012,0.44875842
142014,0.24496022
142025,0.5289449
142036,0.26373342
142037,0.39059308
142038,0.10908506
142039,0.40465894
142064,0.4723008
142065,0.7846039
142070,0.32388106
142074,0.48922294
142079,0.3502104
142084,0.572732
142087,0.47589344
142102,0.219426
142106,0.09787296
142115,0.2801553
142120,0.041909542
142132,0.29305685
142139,0.50554687
142142,0.09974599
142153,0.6762628
142160,0.517394
142162,0.15774387
142163,0.31991953
314131,0.072579935
142167,0.18892711
142168,0.3884626
142177,0.60207844
142180,0.7994671
142183,0.14591065
142186,0.27853847
142189,0.55245405
142195,0.28321558
142198,0.2525222
142210,0.30095732
142215,0.66420484
142222,0.096074134
142223,0.24636303
142224,0.22239496
142236,0.20471647
142237,0.32816792
142239,0.38722134
142242,0.080877475
142243,0.5645845
142244,0.27720353
142255,0.07393418
142273,0.12849571
142289,0.33109966
142294,0.10939694
142303,0.67949665
142305,0.4296739
142339,0.5392475
142359,0.85733265
444058,0.21040854
142361,0.13080622
142364,0.2705165
142378,0.85168433
142380,0.5232634
142383,0.5821753
142387,0.5662539
142393,0.4781608
142396,0.79788333
142407,0.3419146
142409,0.52450955
142427,0.06524915
142429,0.88252634
142430,0.32225192
142431,0.25452402
142433,0.42188802
142439,0.7727794
142440,0.22334453
142446,0.19108641
142459,0.190826
142478,0.17624287
142481,0.2540238
142491,0.51968986
142495,0.25980997
142497,0.2885826
142510,0.5522869
142513,0.50904757
142521,0.31472585
142529,0.55006105
142537,0.27854544
142542,0.7546073
142558,0.19678357
142574,0.30372947
142575,0.16503899
142579,0.35085216
142587,0.26336226
142590,0.8919762
142610,0.2637126
142614,0.1975237
142621,0.1862463
142641,0.17334248
142650,0.4702499
142653,0.19550687
142667,0.3669828
142671,0.7062531
142676,0.5072139
142680,0.503101
142684,0.29479206
142685,0.12891445
142686,0.5301099
142689,0.5826886
142691,0.7289325
142704,0.1586984
142707,0.37805152
444065,0.30309427
142724,0.16815995
142727,0.46929988
142728,0.16623747
142741,0.28610244
142747,0.63140064
142748,0.48374552
142752,0.3784639
142755,0.12372418
142756,0.46960855
142759,0.16925877
142762,0.2806825
142771,0.4892953
142778,0.30105546
142783,0.6126322
142789,0.6862753
142790,0.42787886
142791,0.84872264
142793,0.7761101
142795,0.6740864
142803,0.6048999
142819,0.27871302
142822,0.27251887
142825,0.48267546
142833,0.1618393
142871,0.1413195
142872,0.16032343
142883,0.5702953
142905,0.27318248
142906,0.46385008
142917,0.4968947
142921,0.4604273
142927,0.4821969
142932,0.12656717
142940,0.26411924
142962,0.6986628
142969,0.5855029
142976,0.06915404
142977,0.71334153
142982,0.72267735
142988,0.32497415
142990,0.3875455
142992,0.2608396
143012,0.3393821
444069,0.2299732
143013,0.4915514
143016,0.54176664
143017,0.3261347
143033,0.4173043
143058,0.34273702
143059,0.3046487
143060,0.08387361
143065,0.54883283
143076,0.4533177
143081,0.762861
143088,0.4372932
143089,0.4015532
444082,0.20188797
143090,0.17209236
143094,0.15179706
143100,0.20335642
143115,0.25094995
143132,0.2951144
143135,0.1620471
143136,0.45571053
143149,0.6990432
143151,0.44948754
143152,0.26413238
143153,0.5060829
143162,0.4573354
143166,0.25535315
143167,0.27891663
143187,0.37623847
143188,0.13737512
143190,0.4045885
143191,0.16781376
143195,0.7821194
143207,0.501356
143209,0.64757824
143227,0.38500798
143231,0.29320288
143232,0.2659679
143244,0.3353687
143263,0.3286365
143268,0.66094613
143275,0.4610169
143278,0.7097486
143302,0.35872358
143320,0.25559273
143328,0.6343697
143336,0.16464902
143339,0.3163215
143340,0.536625
143353,0.24150282
143360,0.330092
143361,0.684104
143385,0.77650625
143388,0.54270333
143389,0.4359611
143390,0.1939811
143393,0.6733879
143396,0.70897716
143419,0.39962983
143421,0.22249609
143422,0.19825052
143431,0.2137818
143433,0.58411676
143440,0.7558323
143442,0.11421252
143463,0.14636521
143466,0.17622723
143475,0.3185208
143500,0.60627574
143510,0.4184559
143528,0.08595165
143532,0.1501979
143535,0.59405124
143538,0.45528284
143548,0.20103912
143550,0.25265196
143555,0.12537804
143576,0.5520031
143593,0.65458226
143595,0.4964601
143596,0.07280273
143597,0.33432934
143599,0.2992851
143601,0.20609063
320205,0.43403125
143602,0.21743591
143605,0.23352915
143609,0.5847418
143611,0.59750247
143613,0.13673463
143618,0.37818107
143652,0.2883087
143667,0.3609162
143679,0.3772953
143680,0.17123118
143692,0.57741505
143703,0.4593402
143712,0.5549303
320224,0.7475846
143714,0.41975525
143715,0.28781852
143729,0.36668342
143732,0.42842728
143738,0.40096578
143740,0.49379265
143743,0.4547141
143772,0.45299733
143773,0.3585543
143792,0.36927465
143802,0.26104593
143808,0.25353497
143819,0.08947562
143820,0.5844736
143825,0.0588608
143828,0.14101991
143831,0.81974065
143834,0.109662704
143835,0.0919601
143843,0.15118508
143860,0.14399202
143874,0.27318802
143889,0.5860671
143903,0.23602319
143921,0.51173943
353610,0.6398146
143936,0.3703012
143944,0.3466206
143947,0.5078808
143948,0.12064951
143957,0.84806174
143964,0.79982364
143965,0.03073862
143971,0.26278988
143976,0.5666222
143977,0.75761026
143983,0.4817067
143991,0.35075358
144015,0.48259765
144032,0.2908007
144057,0.20263658
144065,0.17152864
144087,0.18637034
144090,0.3704657
144091,0.68069255
144092,0.3358341
144139,0.46508723
144150,0.09902313
144151,0.3570458
144153,0.5694786
144154,0.84504586
144159,0.746582
333459,0.601952
144168,0.2990586
144169,0.2878065
144178,0.6364323
144179,0.22424473
144183,0.17887665
144186,0.41488647
144190,0.6934066
144191,0.22032684
144199,0.63198614
144226,0.3830606
144227,0.12505662
144229,0.42301098
144237,0.27020133
333464,0.67762256
144247,0.12087323
144249,0.36700895
144259,0.61162096
144260,0.37296605
144282,0.28878763
144295,0.53660756
144304,0.23211312
144314,0.26963252
144318,0.4627377
144324,0.6960841
144325,0.11012577
144333,0.45879164
144334,0.2105858
144336,0.103512935
144350,0.4093802
144354,0.12929946
144357,0.35106322
144359,0.14999971
144365,0.33667535
144385,0.40600318
144386,0.18259685
144387,0.5898598
144390,0.16822673
144393,0.27695414
144398,0.31314483
144402,0.14629944
144416,0.47984868
144422,0.32235608
144446,0.67031693
144451,0.20608886
144461,0.24742708
144464,0.6800374
144483,0.20871077
144498,0.703939
144499,0.3592345
144534,0.33433554
144549,0.39323717
144563,0.17644864
144570,0.7578832
144579,0.21197727
144580,0.31957224
144581,0.18756166
144582,0.28647587
144587,0.16643544
144588,0.22716787
144589,0.30428112
144590,0.29928273
144598,0.62985295
144601,0.25585857
144610,0.41549096
144611,0.31815848
144612,0.14499483
144613,0.20046125
144617,0.44111833
144635,0.7972504
144640,0.5528726
144644,0.22919995
144645,0.21459502
144654,0.28550407
144656,0.52060276
144657,0.61558396
333466,0.56274724
144658,0.2923338
144659,0.6077383
144665,0.12124833
144667,0.23700617
144675,0.20495395
144677,0.65692514
144678,0.2727736
144690,0.23707171
144701,0.74370563
144702,0.5340705
144716,0.30943844
144721,0.13544248
444087,0.2974022
144722,0.6940185
144729,0.4383634
144744,0.24343447
144753,0.17208177
144761,0.10177491
144764,0.87479657
144767,0.24486904
144780,0.49284908
144781,0.14000909
144784,0.45314413
144806,0.21422347
144810,0.55588573
144811,0.3958559
373098,0.4114509
144824,0.30923322
144828,0.5000225
144829,0.26233214
144835,0.64446014
144849,0.46562433
144850,0.10217495
144870,0.28848472
144881,0.5185164
144891,0.15494642
144898,0.7279967
144904,0.32212344
144906,0.11068453
144909,0.21273048
144910,0.3906665
144912,0.7043606
144963,0.4229005
144965,0.5837925
144966,0.29825774
144979,0.32894918
144990,0.4696758
144991,0.27157634
144992,0.7519753
144999,0.48766246
145006,0.32053584
145007,0.41405478
145008,0.16565007
145009,0.37829962
145011,0.09437479
145014,0.37608853
145025,0.07939199
145036,0.348399
373101,0.4907925
145041,0.2635121
145058,0.48059407
145071,0.63662463
145106,0.36830813
145110,0.21667023
145142,0.5886581
145146,0.6514079
145147,0.15042688
145148,0.61191046
145149,0.187708
145154,0.39087436
145157,0.4232891
145158,0.114403725
145167,0.19279659
145172,0.43330213
145174,0.20175965
145192,0.12454692
145195,0.5188484
145196,0.6896442
145199,0.09148347
145209,0.6627813
145242,0.21228345
145248,0.1336538
145249,0.27458373
145250,0.32804886
145281,0.5024323
145287,0.42052943
145288,0.5997714
145298,0.5205313
145303,0.06800538
145309,0.39474607
145333,0.38366324
145336,0.29777408
145339,0.63046956
145350,0.25355747
145353,0.18761066
145354,0.2157744
145358,0.27379492
145382,0.64483994
145383,0.7260297
145389,0.28513882
145390,0.536151
145391,0.60131925
145392,0.6895644
145407,0.055422258
145410,0.34298682
145412,0.8325495
145415,0.26415122
145418,0.3291396
145419,0.50671744
145440,0.10078933
145451,0.3919787
145476,0.72161776
145481,0.1922129
145482,0.091628246
145484,0.2653234
145502,0.3965357
145512,0.44338414
145515,0.12750433
145521,0.09373368
145523,0.098039284
145554,0.16316432
145557,0.36425823
145560,0.5924212
145563,0.47452256
145569,0.24591944
145586,0.8238486
145601,0.33332214
145602,0.48819888
145615,0.43698156
145623,0.5716422
145638,0.2792419
145640,0.26300573
145645,0.22601078
145654,0.31688246
444089,0.36535993
145664,0.25335512
145677,0.32732177
145679,0.25499007
145681,0.39901122
145698,0.40116474
145709,0.09086856
145713,0.22332841
145720,0.30908296
145780,0.34133455
145781,0.43833363
145798,0.6261913
145811,0.6502784
145819,0.21400829
145833,0.61463034
145834,0.37271446
145835,0.45489383
145844,0.15027751
145862,0.2378363
145869,0.67812663
145871,0.19189957
145872,0.08253439
145874,0.8958511
145888,0.15156092
145891,0.66919357
145907,0.3928179
145908,0.6569137
145919,0.3578163
145925,0.29107496
145940,0.53504854
145941,0.3283439
145943,0.39532626
145951,0.10491918
145954,0.3382436
145957,0.2425604
145962,0.42113695
145974,0.19976398
145976,0.44930765
145987,0.33442456
145988,0.7853462
145989,0.32354888
145990,0.18752803
145991,0.6799287
145993,0.33853367
146000,0.8384982
146001,0.2428266
146006,0.20852225
146011,0.09436959
146014,0.26314637
146020,0.2403436
146021,0.14941709
146022,0.6333266
146026,0.579028
146028,0.606911
146032,0.3583618
146033,0.4977079
146037,0.72212696
146059,0.24704143
146060,0.60929924
146063,0.38827258
146069,0.525797
146086,0.20757769
146090,0.8674851
146092,0.20335448
146094,0.776557
146097,0.14601927
146098,0.54686844
146106,0.25766617
146115,0.10753033
146121,0.8604925
146122,0.36074197
146140,0.594105
146142,0.17050111
146146,0.6771883
146149,0.37598905
146153,0.26720682
146155,0.13414966
146156,0.35470694
146159,0.47917274
146172,0.4552899
146176,0.34840152
146184,0.23031236
146186,0.61561835
146191,0.27366823
146198,0.23414212
146199,0.16581902
146202,0.26419362
146206,0.63145393
146214,0.18690829
146221,0.4560904
146232,0.23596577
146239,0.6175939
146246,0.7509971
146247,0.09984756
146252,0.23745167
146255,0.18747552
146256,0.19363861
146262,0.59478617
146277,0.6135031
146292,0.49440244
146303,0.14019956
146305,0.54506314
146313,0.38896775
146317,0.3094189
146330,0.26528776
146344,0.24218918
146345,0.50836545
146347,0.75247663
146356,0.25189418
146369,0.4702891
146384,0.49312127
146385,0.12592828
146386,0.383522
146388,0.15969285
146404,0.2662129
146409,0.6913308
146413,0.22115824
146421,0.62975913
146428,0.45445335
146451,0.7543907
146458,0.092747
146466,0.08169317
146476,0.3502872
146485,0.15483646
146486,0.6726917
146487,0.41362134
146500,0.2433773
146502,0.36079386
146512,0.50942105
146514,0.25061622
146515,0.7519082
146516,0.28251436
146533,0.3311785
146535,0.13920383
146541,0.524855
146557,0.32795465
146562,0.6833203
146565,0.12429412
146570,0.1707578
146571,0.26765007
146574,0.6151921
146587,0.3395602
146591,0.11699804
146597,0.29813766
146600,0.26791602
146614,0.88735324
146621,0.49423045
146623,0.31328508
146631,0.52230287
146644,0.306893
146649,0.25908294
146651,0.14533354
146652,0.33709264
146663,0.2086787
146680,0.3007383
146683,0.27789575
146714,0.5268395
146724,0.45316675
146730,0.20918855
146732,0.6800843
146738,0.28948385
146752,0.58539546
146755,0.5369058
146756,0.4290462
146759,0.31324902
146760,0.605864
146761,0.51715434
146765,0.44163176
146806,0.5009777
146809,0.73031837
146810,0.34970403
146811,0.37158796
146815,0.6070199
146820,0.79001737
146821,0.14594232
146824,0.731437
146829,0.4402856
146842,0.56872064
146864,0.4499796
146891,0.56668174
146918,0.42405003
146955,0.15687071
146957,0.5926741
146972,0.5864747
146973,0.29748228
146979,0.6374259
146982,0.27892724
146984,0.29701245
146997,0.6305435
147001,0.21524632
147008,0.7818626
147014,0.12085093
147022,0.5059211
147038,0.09927838
147048,0.39615676
147060,0.090765096
147061,0.12426
147077,0.35355023
147082,0.38341457
147083,0.35615334
147085,0.46739098
147086,0.43236476
147099,0.48629588
147127,0.16673215
147128,0.3415307
147133,0.13771237
147138,0.2383722
147139,0.03421606
147150,0.27041656
147155,0.44095245
147171,0.39108145
147172,0.47388116
147182,0.18076566
147195,0.33244878
147199,0.17590825
147216,0.6426126
147224,0.048637394
147225,0.19962624
147230,0.36573625
147240,0.38618234
147250,0.33759955
147253,0.104753226
147254,0.8398945
147264,0.28114608
147294,0.4458472
147308,0.15772954
147309,0.4988099
147315,0.6327854
147319,0.28909293
147329,0.1337287
147340,0.44565976
147345,0.8012795
147353,0.059490636
147354,0.6369756
147364,0.65016145
147366,0.47196034
147373,0.2843462
147382,0.24855489
147383,0.506963
147390,0.17740788
147408,0.598098
147411,0.14522666
147415,0.47538865
147416,0.5995791
147425,0.16994265
147427,0.24315065
147438,0.5975077
147439,0.24082994
147457,0.36602917
147459,0.12337654
147463,0.18411766
147469,0.59089583
147476,0.6363651
147483,0.21674171
147497,0.4343922
147502,0.7942429
147515,0.6433552
147523,0.39430413
147527,0.13423459
147541,0.67264503
147551,0.28438318
147552,0.47869536
147561,0.09400864
147571,0.1870228
147587,0.18955295
147657,0.5319501
147659,0.20832965
147670,0.07524847
147695,0.31967974
147696,0.4461316
147702,0.86882716
147710,0.861958
147711,0.16882676
147712,0.33192256
147713,0.5167879
147720,0.055186193
147722,0.44988456
147742,0.118810035
147750,0.5286377
147761,0.5948028
147764,0.54711664
147770,0.18266988
147771,0.49134606
147774,0.8520676
147786,0.18540764
147787,0.4283607
147791,0.27444118
147792,0.5095795
147793,0.45548427
147794,0.3199379
147801,0.37720066
147824,0.07208573
147826,0.09791992
147840,0.25211334
147847,0.13808946
147862,0.37841424
147865,0.4254431
147882,0.6706886
147893,0.70585644
147925,0.42490697
147932,0.6559949
147942,0.39225933
147953,0.3601268
147955,0.65103805
147964,0.7105025
147966,0.49589622
147981,0.23717907
147982,0.7620567
147990,0.46101812
147998,0.47285023
148002,0.5579678
148013,0.44362956
148025,0.5080577
148026,0.57224584
148031,0.66700083
148035,0.6803609
148042,0.2509644
148047,0.12590115
148050,0.4404597
148063,0.5700325
148065,0.6478344
148069,0.64979887
148070,0.399586
148075,0.65502024
148076,0.35019776
148087,0.08421068
148091,0.6711502
373112,0.49110305
148102,0.5030294
148107,0.38088092
148108,0.37385073
148113,0.31778267
148131,0.59873194
148141,0.51874936
148149,0.60099906
148150,0.41604844
148163,0.7346335
148175,0.40478176
148185,0.6033011
148187,0.4256622
148198,0.7452121
148204,0.62475806
148205,0.10355004
148212,0.69655555
148216,0.85960084
148217,0.4768089
148223,0.2339552
148224,0.70746255
148235,0.5902858
148255,0.6277238
148276,0.25982857
148285,0.17223103
148289,0.1630273
148292,0.48586643
148294,0.42898673
148314,0.17119381
148319,0.15346679
148320,0.41516545
148322,0.51722026
148323,0.46584812
148325,0.6089951
148333,0.50105715
148339,0.09818821
148359,0.39953443
148361,0.5444567
148364,0.35529262
148380,0.14181127
148382,0.34403375
148386,0.59489185
148393,0.56505513
148394,0.50248015
148404,0.45070344
148419,0.36902466
148423,0.22078185
148437,0.70540154
148440,0.36478034
148448,0.25397435
148449,0.06562555
148450,0.30697554
148451,0.14112653
148458,0.672149
148471,0.22579971
148475,0.1782864
148476,0.2579729
148497,0.5371805
148511,0.33960527
148512,0.5144131
148534,0.54662937
148545,0.3897392
148557,0.36375993
148564,0.3460925
148570,0.26407158
148586,0.5709184
148596,0.67760885
148600,0.63660145
148607,0.20910491
148609,0.42185575
148622,0.13687426
148623,0.24212436
148625,0.6624603
148626,0.068321265
148628,0.14787553
148632,0.4375434
148639,0.351955
148643,0.33054334
148644,0.5703571
148680,0.14419979
148702,0.6111299
148716,0.3431907
148717,0.40423116
148726,0.7220296
148738,0.5426493
148746,0.45456883
148749,0.39562005
148750,0.46792796
148769,0.23072523
148791,0.42352736
148803,0.22463155
148804,0.43660167
148823,0.079427734
148831,0.2385938
148849,0.14264183
148850,0.21349552
148855,0.32519355
148893,0.29287755
148896,0.39510396
148899,0.45679426
148903,0.34595144
148910,0.32959887
148911,0.5080702
148912,0.7790968
148913,0.64277357
148933,0.5605219
148935,0.11187374
148937,0.10362111
148946,0.7327864
148955,0.36613607
148980,0.4669982
148996,0.5330141
149015,0.7849178
149025,0.06118991
149028,0.79923004
149029,0.18202879
149035,0.22121319
149050,0.34749252
149051,0.43066627
149052,0.59201545
149056,0.15806606
149062,0.30878827
149067,0.5744395
149076,0.6978438
149090,0.903644
149106,0.58627844
149107,0.14630753
149118,0.8614913
149119,0.28014433
149130,0.5831164
149154,0.29586148
149157,0.5337642
149158,0.32519805
149160,0.45206448
149163,0.52745533
149164,0.5284432
149165,0.14106905
149166,0.29607564
149214,0.26352024
149231,0.7444969
149236,0.10653915
149237,0.47619903
149246,0.12520295
149247,0.21427138
149253,0.22304258
149254,0.17718261
149265,0.7502543
149266,0.18406191
149277,0.5558613
149283,0.62213415
149289,0.4811053
149310,0.19666812
149314,0.14534084
149318,0.40552887
149319,0.2155138
149320,0.40780094
149321,0.7729936
149333,0.34224817
149337,0.82785857
149338,0.3705369
149341,0.24013953
149342,0.32916856
149349,0.19887234
149351,0.59355676
149354,0.21440737
149360,0.12641484
149362,0.49931002
149366,0.16171008
149372,0.78887194
149376,0.39274344
149388,0.5476822
149393,0.32381016
149401,0.1826641
149405,0.59045744
149412,0.5342277
149415,0.29499218
149416,0.31115553
149430,0.4777378
149435,0.28925624
149436,0.35286114
380643,0.54372644
149444,0.6550336
149456,0.27970833
149471,0.09702638
149480,0.14400834
149481,0.2196767
149490,0.5155006
149491,0.32389268
149503,0.2948958
149512,0.3891343
149524,0.27387965
149525,0.09423931
149532,0.20408347
149533,0.5935044
149536,0.9274464
149540,0.43091863
149548,0.34750134
149563,0.42795217
149568,0.73493546
149569,0.7363243
149570,0.6451664
149582,0.13025865
149584,0.2375239
149587,0.5574752
149592,0.5153463
149596,0.54742676
149599,0.50937724
149612,0.3885901
149643,0.32096377
149648,0.7119781
149665,0.26421958
149666,0.5240726
149671,0.30383694
149675,0.22520244
149676,0.566008
149677,0.11749938
149680,0.67338437
149711,0.22796325
149723,0.17981054
149726,0.47368088
149727,0.13617258
149730,0.18508928
149733,0.7472704
149734,0.7376038
149736,0.8153519
149750,0.048441302
149752,0.8240006
149767,0.26232594
149791,0.495048
149793,0.22270437
149810,0.11037921
149850,0.13141589
149857,0.432411
149858,0.07483129
149860,0.46370268
149882,0.04821448
149889,0.10406984
149890,0.7296465
149918,0.24369563
149919,0.41342956
149927,0.13504747
149928,0.46405432
149940,0.5315955
149944,0.25023073
149947,0.46404782
149951,0.26944005
149956,0.40532258
149958,0.51672864
149969,0.26036295
149988,0.4530535
149996,0.57512224
150007,0.31732628
150018,0.31032997
150025,0.32726857
150054,0.42590842
150064,0.6046818
150070,0.20985723
150074,0.30635974
150078,0.20445636
150084,0.30449167
150106,0.42240277
150111,0.82782227
150115,0.11087546
150117,0.85742193
150120,0.36821902
150127,0.5056772
150128,0.3512125
150130,0.4831652
150132,0.55848724
150135,0.09440501
150145,0.48232767
150148,0.15950474
150153,0.24754196
150154,0.08883374
150173,0.19368614
150174,0.650995
150176,0.46134925
150177,0.42617202
150178,0.50960606
150179,0.8097798
150187,0.17454675
150207,0.3599706
150223,0.41157067
150224,0.14847113
150229,0.08516264
150233,0.47071117
150245,0.1436795
150252,0.09658205
150257,0.6690048
150258,0.5792078
150267,0.22534703
150268,0.7130102
150272,0.9074186
150282,0.39167848
150289,0.6089009
150299,0.07129406
150307,0.5559338
150310,0.22328037
150311,0.20136048
150312,0.14906526
150313,0.2863137
150324,0.62597233
150335,0.16098654
150343,0.46666792
150354,0.21798064
150363,0.34801376
150365,0.28763044
150377,0.20043966
150381,0.5308323
150382,0.17303255
150414,0.48318225
150418,0.67775536
150431,0.19435664
150449,0.19700241
150450,0.6616627
150473,0.12415928
150475,0.35509825
150476,0.46273223
150478,0.52372026
150488,0.7182349
150499,0.46554083
150501,0.5086692
150503,0.3867185
150518,0.09949296
150529,0.12689817
150531,0.28768846
150532,0.46344498
150535,0.5795724
150543,0.7529432
150545,0.48379776
150548,0.29233617
150552,0.3432761
150558,0.500714
150574,0.4389075
150576,0.8679579
150577,0.3205347
150594,0.5062592
150601,0.16895558
150604,0.115013905
150618,0.22962749
150626,0.48057348
326559,0.18675257
150627,0.5362423
150635,0.633294
150648,0.34563178
150649,0.7063512
150650,0.579416
150651,0.4946903
150652,0.23166654
150657,0.50392306
150659,0.2497047
150666,0.4933969
150667,0.33455
150680,0.04873299
150698,0.8864941
150700,0.853808
150713,0.13404523
150715,0.39126086
150718,0.10111813
150724,0.64099723
150731,0.27813882
150734,0.3751093
150738,0.11487296
150744,0.24415994
150745,0.6491294
150746,0.5021224
150749,0.20557645
150750,0.25349754
150753,0.26270264
150759,0.26115602
150762,0.2374248
150764,0.15855497
150782,0.39276224
150784,0.3117839
150785,0.32908413
150786,0.22193313
150789,0.44003624
150802,0.34063998
150809,0.32235825
150810,0.40776953
150817,0.32548156
150820,0.2356829
150822,0.4245617
150845,0.18137974
150846,0.51706445
150854,0.31138936
150858,0.6594497
150866,0.52108765
150869,0.25883427
150874,0.5006926
150887,0.10886055
150889,0.24125594
150892,0.60194516
150896,0.14900354
150901,0.8708942
150914,0.71862143
150918,0.30324462
150919,0.35810348
150929,0.625235
150935,0.35335806
150941,0.16547516
150949,0.2529195
150950,0.59578556
150951,0.072376855
150952,0.22596386
150980,0.79335624
150981,0.12873201
150986,0.7835803
150987,0.49887007
151004,0.24606466
151005,0.49271378
151010,0.2489932
151012,0.29556015
151016,0.30678907
151021,0.6868976
151022,0.10064022
151023,0.771352
151024,0.8346985
151035,0.7276977
151036,0.49786517
151039,0.20449455
151041,0.51359546
151043,0.5478124
151052,0.7293559
151058,0.57757294
151065,0.5895261
151066,0.2935334
151067,0.61304194
151069,0.35097176
151070,0.46585086
151080,0.35418367
151090,0.23968229
151092,0.93135107
151100,0.26978487
151108,0.45625055
151113,0.3541069
151119,0.29921758
151131,0.17096521
151145,0.464939
151147,0.62379605
151148,0.32165262
151149,0.57628727
151153,0.09661532
151158,0.19772226
151167,0.29867488
151169,0.076869644
151185,0.18229721
151186,0.556173
151187,0.38318738
151203,0.28385198
151206,0.11985849
151213,0.6982211
151237,0.6529589
151254,0.36070117
151255,0.27160698
151264,0.56418884
151266,0.14038591
151267,0.38971066
151270,0.15907751
151286,0.21408497
151288,0.6074318
151289,0.5051888
151290,0.44398236
151303,0.2800764
151304,0.45479095
151308,0.2285575
151315,0.14374684
151324,0.34574473
151329,0.07004399
151335,0.097104065
151343,0.11587686
151347,0.61708266
151348,0.5742385
151357,0.48685753
151366,0.48451075
151372,0.07967835
151374,0.08935736
151394,0.12389421
151395,0.8044862
151403,0.28430933
151410,0.3068624
151412,0.47700718
151419,0.3301677
151443,0.116342835
151464,0.11805717
151466,0.48720166
151467,0.2527435
151476,0.4207786
151480,0.58598727
151481,0.6120425
151486,0.4788708
151487,0.5131324
151490,0.6948019
326576,0.51114684
151498,0.18798147
151500,0.21833056
151504,0.2767935
151516,0.18511076
151519,0.41954044
151528,0.5604912
151529,0.31341875
151539,0.7007117
151540,0.32651374
151556,0.7892348
151558,0.14333494
151559,0.45422345
151581,0.15352763
151586,0.5467068
151589,0.77413154
151603,0.6744519
151604,0.16068518
151610,0.30141395
151637,0.29569674
151652,0.724259
151654,0.22371683
151667,0.5492478
151668,0.7110696
151669,0.1484502
151678,0.2501443
151697,0.5775109
151706,0.2931375
151729,0.38315448
151730,0.6715515
151737,0.19639574
151744,0.4180979
151756,0.44067684
151785,0.17875834
151800,0.261253
151801,0.13759124
151821,0.5277857
151822,0.61698234
151834,0.46531585
151845,0.32120237
151846,0.16597964
151847,0.6830074
151848,0.6786948
151859,0.19569796
151872,0.7112606
151875,0.5257305
151883,0.12953702
151888,0.18262371
151895,0.15121804
151896,0.17439263
151900,0.3209317
151913,0.21352126
151920,0.2771737
151928,0.46048018
151933,0.38804033
151934,0.51688206
151948,0.698066
151951,0.16817309
151963,0.19317304
151964,0.08512628
151965,0.071899824
151966,0.32289177
151974,0.21502633
151975,0.7186765
151978,0.30399638
151982,0.49132323
151993,0.3644829
152002,0.04230755
152005,0.60914797
152017,0.29983315
152020,0.5810587
152039,0.43340063
152047,0.7071978
152064,0.25239953
152071,0.34996337
152076,0.18299851
152088,0.14606196
152091,0.21869054
152093,0.28256482
152100,0.38673466
152107,0.35651305
152115,0.19403373
152119,0.17874333
326577,0.60835564
152123,0.23615412
152129,0.41383427
152140,0.8630427
152141,0.2880631
152142,0.37476173
152148,0.32014653
152170,0.12965089
152171,0.253429
152176,0.24195899
152186,0.5181805
152192,0.676727
152204,0.37387478
152215,0.10502927
152220,0.5172746
152230,0.061634302
152256,0.53351927
152265,0.4047744
152266,0.7236579
152268,0.17631477
152272,0.5553161
152286,0.11737111
152299,0.25482985
152305,0.61831063
152324,0.32763326
152329,0.62593013
152355,0.30061468
152356,0.06926159
152365,0.47068805
152369,0.76419216
152373,0.30560124
152374,0.5081256
152383,0.55693537
152395,0.6453417
152403,0.7741998
152404,0.43373233
152406,0.23270155
152425,0.21098852
152437,0.3360546
152438,0.3416331
152442,0.7597134
152460,0.4946871
152461,0.2711614
152462,0.1895821
152472,0.5908303
152473,0.23985653
152477,0.21347462
152506,0.23227724
152522,0.23349768
152530,0.20524909
152535,0.07083469
152543,0.16432258
152548,0.34301552
152556,0.40600276
326602,0.28207412
152562,0.27940193
152563,0.6572166
152565,0.22988115
152591,0.1587602
152593,0.19452415
152612,0.41640556
152619,0.33618003
152627,0.2853187
152628,0.282784
152632,0.7398567
152638,0.50116646
152646,0.5152944
152662,0.7583883
152679,0.63221246
152680,0.28111702
152699,0.55759686
152703,0.22464655
152717,0.78374493
152720,0.60970396
152721,0.28466618
152735,0.2548733
152736,0.058461
152739,0.53066075
152755,0.17436029
152769,0.21258174
152785,0.5950227
152788,0.35883445
152791,0.22390835
152808,0.4782939
152815,0.32658207
152816,0.65328467
152817,0.25462648
152818,0.18488209
152819,0.7297013
152820,0.11593575
152823,0.5041095
152831,0.28752357
152832,0.7217617
152833,0.34243095
152835,0.30585626
152838,0.2546169
152846,0.116130784
152862,0.80503285
152864,0.055782463
152865,0.4767438
152871,0.117056526
152874,0.3262638
152875,0.03808081
152876,0.8940188
152877,0.8777723
152881,0.7379795
152892,0.18015268
152908,0.72232145
152909,0.35347214
152915,0.15845364
152916,0.7594091
152923,0.39814946
152932,0.12166688
152951,0.369092
152956,0.4412857
152963,0.38272718
152964,0.9453527
152978,0.47924525
152980,0.51476145
152986,0.57430696
153001,0.58379513
153002,0.31488353
153007,0.39796945
153009,0.20540671
153017,0.15971854
153018,0.655693
153022,0.70403343
153027,0.77260983
153032,0.36378872
153033,0.3599166
153034,0.35650897
153037,0.6504201
153051,0.8917298
153052,0.39557767
153057,0.11981403
153067,0.58162874
153084,0.46427026
153088,0.7540469
153089,0.30078337
153093,0.23991421
153094,0.62596637
153095,0.6761183
153105,0.56760824
153108,0.63743293
153110,0.5083911
153119,0.49555603
153135,0.0852089
153139,0.23032379
153146,0.41291574
153154,0.5041017
153185,0.352719
153195,0.6653899
153196,0.2031715
153198,0.16150802
153202,0.087260604
394451,0.6590253
153203,0.079438336
153209,0.19857228
153223,0.47319043
153224,0.38857785
153227,0.43944985
153230,0.54257
153233,0.46633586
153234,0.12857406
153235,0.62524056
153243,0.60659415
153263,0.33047315
153269,0.38110855
153272,0.08055898
153276,0.69238895
153279,0.31007326
153291,0.5072326
153311,0.36476916
153328,0.7448615
153330,0.60354996
153341,0.5671631
153345,0.38173783
153393,0.4447437
153394,0.5669691
153395,0.55907625
153420,0.6225274
153428,0.48350897
153432,0.46311
153449,0.23874588
153458,0.83495075
153459,0.10931641
153472,0.19609928
153475,0.07257848
153479,0.55979145
153480,0.46603948
153490,0.3967832
153491,0.20516914
153501,0.3319139
153502,0.3619904
153507,0.55785644
153513,0.5927995
153514,0.5928515
153519,0.7304942
153520,0.09318995
153556,0.34184843
153577,0.47268787
153582,0.79167455
153594,0.47767916
153595,0.40120378
153598,0.2954473
153601,0.12714379
153625,0.20974778
153641,0.06346567
153654,0.25789362
153676,0.40684494
153681,0.020874415
153704,0.25968924
153706,0.44446144
153710,0.77632225
153720,0.41260105
153734,0.60074705
153738,0.4127455
153743,0.32320768
153748,0.35351378
153756,0.5855809
153757,0.3932332
153759,0.2546221
153764,0.58330506
153782,0.22335851
153796,0.6711975
153802,0.67450935
153809,0.87240523
153810,0.05165711
153817,0.8646415
153821,0.25506794
153823,0.3589266
153830,0.30563292
153834,0.2471267
153839,0.26785156
153842,0.5138649
153847,0.6663156
153855,0.17617212
153873,0.11027793
153875,0.5723586
153882,0.5789325
153884,0.13862483
153885,0.8470998
153886,0.2121349
153890,0.3210914
153892,0.11649774
153897,0.25795233
153898,0.39058697
153901,0.494451
153924,0.46241534
153928,0.3170812
153929,0.72001225
153949,0.08840117
153979,0.2996494
153980,0.0654814
153981,0.24859421
154010,0.68561625
154015,0.24782228
154039,0.58057094
154043,0.06581246
154044,0.5044253
154046,0.35856304
154047,0.22832099
154058,0.3325533
154060,0.23491047
154065,0.7315595
154083,0.4598382
154100,0.4586816
154108,0.6524881
154120,0.66827863
154121,0.29777876
154122,0.3730194
154128,0.56181735
154137,0.33328205
154143,0.45866683
154151,0.6169506
154158,0.24600889
154176,0.38670713
154184,0.51688564
154191,0.38495356
154215,0.672407
154216,0.3136985
154220,0.20985568
154222,0.7353958
154227,0.28008097
154241,0.05107014
154243,0.36972842
154244,0.44767737
154254,0.24579847
154264,0.27303097
154265,0.4790194
154268,0.5624468
154269,0.22241156
154299,0.062273655
154307,0.44831172
154315,0.71878195
424672,0.60828555
154325,0.35157427
154327,0.33798254
154332,0.47145143
154346,0.2109863
154347,0.087281585
154353,0.75392
154369,0.25036266
154376,0.22960375
154377,0.67924273
154379,0.4085675
154389,0.20068045
154402,0.35548538
154403,0.19708928
154416,0.25717768
154428,0.3396357
154430,0.12790628
154442,0.8739413
154447,0.2828414
154468,0.13676243
154470,0.22538413
154473,0.47145423
154480,0.32723352
154486,0.3302632
154500,0.32239786
154507,0.55773485
154529,0.0685634
154549,0.1216641
154557,0.06733136
154571,0.5195352
154578,0.23987587
154580,0.19814661
154591,0.29997745
154611,0.8778407
154623,0.08482439
154650,0.5472474
154655,0.68507737
154659,0.5979938
154680,0.62683415
154681,0.25442487
154690,0.5280988
154711,0.36446077
154712,0.30403948
154722,0.12171911
154731,0.4346246
154747,0.7402689
154749,0.5149633
154750,0.49057788
154760,0.49246415
154763,0.2361831
154786,0.71584684
154788,0.43468994
154792,0.61061287
154807,0.80610394
154812,0.19477522
154818,0.6498943
154819,0.47942343
424708,0.16124423
154824,0.55862796
154839,0.5015762
154840,0.041389685
154843,0.15941031
154847,0.5125221
154849,0.379325
154850,0.035995208
154851,0.43597385
154853,0.4971324
154858,0.25456777
154868,0.85412246
154871,0.23767509
154877,0.06578759
154916,0.16596897
154920,0.06483825
154922,0.7316503
154924,0.2511412
154933,0.73491216
154942,0.79072696
154955,0.3234792
154957,0.8917363
154966,0.41044298
154971,0.15547493
154972,0.30020112
154973,0.2745191
154974,0.17795715
154979,0.2676845
154982,0.17682564
154990,0.5315811
154991,0.16179208
154994,0.6468796
154995,0.40187293
155009,0.1194672
155014,0.24457797
155017,0.05360247
155018,0.22443567
155019,0.19486113
155020,0.20876773
155027,0.41494456
155034,0.6230947
155047,0.34615648
155049,0.73835206
155052,0.45803642
155053,0.31035608
155059,0.6086913
155060,0.68640906
155069,0.18542874
155077,0.7373116
155078,0.26224163
155086,0.22359943
155088,0.40730146
155094,0.24423425
155099,0.16989036
155100,0.27949437
155116,0.48361045
155117,0.5898209
155119,0.3883238
155120,0.14281254
155133,0.46028158
155135,0.88432163
155141,0.77989763
155144,0.09619904
155145,0.23195566
155174,0.40847734
155194,0.39903226
155196,0.0855618
155204,0.49037215
155232,0.65172625
155240,0.3671443
155246,0.17999175
155254,0.14740008
155267,0.13285086
155273,0.1484589
155274,0.31132317
155283,0.45325392
155296,0.81242734
155312,0.20047572
155318,0.16560645
155322,0.521285
155323,0.60472816
155329,0.55217594
155342,0.17074938
155346,0.8057492
155366,0.4910243
155369,0.2675559
155372,0.7332824
155378,0.35276642
155382,0.43542984
155390,0.3321285
155401,0.3935843
155428,0.33843723
155443,0.314843
155445,0.3117794
155450,0.3174766
155452,0.4062725
424724,0.35805944
155453,0.14689942
155480,0.6011113
155482,0.18781196
155484,0.53922087
155485,0.34552586
155496,0.6360127
155497,0.5828526
155531,0.09209199
155541,0.11015992
155547,0.5979036
155550,0.5637501
155551,0.48768097
155565,0.5835162
155567,0.22370824
155569,0.6595713
155573,0.16733639
155575,0.4976753
155581,0.14519204
155591,0.316361
155593,0.6256847
155594,0.12777753
155610,0.7607435
155623,0.35741967
155624,0.59924996
155629,0.17841011
155638,0.452763
155650,0.3312778
424725,0.72450566
155652,0.26895478
155687,0.4632872
155697,0.66012
155715,0.72103196
155718,0.43751317
155719,0.11059286
155723,0.59950083
155730,0.5593013
155731,0.51297385
155737,0.5662842
155738,0.392928
155740,0.37671143
155742,0.29190546
424734,0.7231034
155755,0.094155125
155766,0.6166802
155768,0.17165934
155771,0.73385084
155803,0.14323764
155808,0.1746142
155809,0.4584413
155812,0.177994
155820,0.48627052
155832,0.67859167
155841,0.61949015
155847,0.79491764
155848,0.17434335
155855,0.5587939
155886,0.4304682
155893,0.5577859
155905,0.22375187
155910,0.5934832
155912,0.14959674
155919,0.74398816
155921,0.2989484
155937,0.25921512
155939,0.4840033
155950,0.39638048
155987,0.5218706
155988,0.36015156
156005,0.27678937
156006,0.15754426
156010,0.40618032
156018,0.33881566
156021,0.71101034
156026,0.3736775
156030,0.36151582
156033,0.10909447
156038,0.559521
156041,0.68716115
156049,0.3281366
156050,0.180035
156068,0.3492061
156069,0.7431936
156087,0.12970106
156088,0.4440038
156095,0.41675526
156104,0.6090489
156107,0.11304721
156108,0.4075668
156111,0.61339396
156119,0.12355949
156123,0.32681388
156140,0.8612524
156149,0.069418125
156161,0.24439342
156180,0.7862185
156186,0.6042092
156189,0.65857303
156194,0.28653842
156200,0.20880456
156213,0.7955854
156214,0.49634308
156228,0.103893146
156234,0.19383425
156236,0.635336
156243,0.18446416
156256,0.42943776
156268,0.26020768
156269,0.16847916
156270,0.3407182
156274,0.389905
156290,0.12371095
156291,0.31300184
156292,0.29061878
156298,0.3463623
156301,0.6249058
156302,0.66838866
156309,0.34527943
156355,0.19078977
156365,0.3061702
156367,0.70062387
156372,0.080218226
156376,0.41362962
156377,0.3390234
156389,0.31220314
156400,0.44404703
156404,0.71513027
156405,0.27150816
156426,0.44107762
156427,0.21312843
156429,0.38326728
156430,0.46954504
156431,0.29491267
156432,0.41211143
156449,0.35601628
156463,0.33363342
156464,0.36873344
156478,0.15793617
156492,0.64762014
156508,0.6553719
156509,0.19905157
156517,0.57063466
156526,0.37100688
156527,0.13182454
156538,0.6152696
156542,0.2975755
156543,0.45330983
156555,0.30042574
156556,0.4481055
156561,0.51339364
156563,0.12294667
156564,0.42025587
156567,0.1724688
156570,0.33329275
156581,0.47480115
156594,0.3215445
156597,0.28486884
156600,0.50155574
156601,0.188697
156627,0.54220736
156629,0.44641665
156642,0.119490586
156644,0.2651147
156663,0.11944858
156674,0.2797463
156688,0.079950616
156696,0.45181692
156707,0.102074526
156723,0.4348493
156728,0.35972065
156731,0.2964895
156732,0.42546943
156733,0.47770908
156768,0.7250305
156773,0.39099416
156782,0.5175518
156815,0.52830356
156837,0.22160526
156854,0.44340795
156861,0.7428411
156862,0.13005513
156878,0.7857265
156903,0.5452566
156910,0.28487515
156925,0.389645
156933,0.22747347
156952,0.37957713
156953,0.6028617
156963,0.7596865
156965,0.8026487
156989,0.23529966
156994,0.18304622
156996,0.22866945
157005,0.41842565
157011,0.2565347
157046,0.34870136
157058,0.27728137
157061,0.6453817
157065,0.22516789
157066,0.44639924
157067,0.69556457
157090,0.51087993
157091,0.52634263
157096,0.16410954
157101,0.8060736
157104,0.33764908
157109,0.30370638
157116,0.5177784
157120,0.5803508
157121,0.43583506
157124,0.74106145
157125,0.34341565
157132,0.48189366
157153,0.45831525
157157,0.8173337
157159,0.5951726
157168,0.3366771
157189,0.36262736
157195,0.30851367
157203,0.2988434
157210,0.42118394
157212,0.22963189
157220,0.32405612
157239,0.43203163
157241,0.3502011
157246,0.3195338
157247,0.70111156
157252,0.0949497
157253,0.84701306
157265,0.29079795
157291,0.56102586
157292,0.32592192
157301,0.4258022
157306,0.55712014
157312,0.8594692
157314,0.24105766
157332,0.22357115
157333,0.29624256
157337,0.47984654
157345,0.5540217
157347,0.21656772
157363,0.69893044
157376,0.2205658
157382,0.28284684
157397,0.1553835
157409,0.13387282
157411,0.1642791
157422,0.18437825
157428,0.3732968
157434,0.6234635
157442,0.30429223
157446,0.196865
157456,0.2750439
157465,0.19355837
157469,0.3272965
157482,0.38265944
157497,0.25230464
157507,0.060116105
157510,0.53006536
157515,0.10963107
157529,0.39896578
157530,0.7123499
157541,0.5167721
157546,0.7821757
157553,0.42927656
157554,0.35692772
157562,0.7504512
157565,0.70469874
157566,0.311176
157571,0.13398053
157572,0.052495476
157574,0.07571376
157575,0.16287524
157581,0.8129907
157590,0.81913507
157604,0.15142874
157611,0.5369206
157617,0.75309193
157620,0.4846468
157623,0.36590153
157651,0.5630542
157653,0.29330784
157664,0.6164262
157690,0.45869777
157704,0.47270906
157712,0.5806924
157722,0.64364195
157727,0.30518427
157764,0.17774138
157765,0.6654326
157775,0.20799236
157777,0.3929876
157789,0.50313824
157802,0.57450193
157803,0.27313167
157804,0.34613854
157805,0.5596657
157822,0.58671653
157823,0.15352836
157827,0.28532007
157836,0.49919757
157839,0.30650237
157847,0.35263434
157859,0.28605333
157864,0.22393718
157866,0.8883297
157877,0.6985669
157886,0.19024348
157892,0.41399387
157903,0.22155914
157913,0.57762957
157919,0.113108054
157920,0.5669549
157923,0.351345
157926,0.12991838
157927,0.6449682
157948,0.21729948
157949,0.37351975
157952,0.30061758
157955,0.8285626
157958,0.7544521
157960,0.40683258
157966,0.2779629
157970,0.25980756
157979,0.3786939
157980,0.583867
157985,0.16529793
157997,0.65605366
157998,0.3843831
158002,0.54234
158004,0.15501127
158005,0.66573316
158007,0.33004114
158008,0.2045651
158015,0.22802798
158033,0.60083324
158036,0.46537727
158041,0.4954749
158044,0.21017443
158049,0.5904268
158061,0.3131375
158078,0.20452765
158099,0.10025322
158100,0.39021593
158102,0.5002555
158107,0.44898954
158114,0.45798343
158127,0.5866708
158128,0.5768546
158142,0.5804421
158145,0.66487515
158146,0.58677554
158167,0.055568404
158176,0.42385888
158184,0.10251536
158197,0.16461916
158201,0.43771598
158202,0.6853689
158205,0.5108796
158208,0.77514285
158211,0.5492674
158215,0.48285472
158218,0.52875245
158221,0.8269658
158223,0.67852294
158230,0.08594668
158234,0.19929682
158235,0.27528656
158245,0.38335907
158254,0.49313876
158267,0.4861258
158277,0.09272676
158283,0.15965778
158289,0.6954428
158290,0.43793327
158298,0.16280106
158307,0.15602228
158332,0.34384435
158336,0.11664303
158342,0.32516122
158344,0.2658734
158347,0.7731702
158352,0.14809637
158354,0.4469303
158355,0.34277344
158357,0.2107086
158365,0.22339821
158366,0.06593226
158367,0.32157823
158368,0.664881
158384,0.36780292
158388,0.096294664
158395,0.40867585
158413,0.47366944
158425,0.33178183
158426,0.43632644
158432,0.09125851
158444,0.72689235
158453,0.14396594
158454,0.62404096
158459,0.169147
158462,0.33097163
158468,0.32768652
158469,0.23126921
158470,0.31042752
158483,0.35812363
158485,0.3051006
158490,0.6600985
158494,0.4002739
158500,0.3495457
158503,0.17012274
158504,0.11698965
158519,0.4342512
158523,0.34599546
158527,0.15656376
158533,0.27853432
158535,0.14547254
158539,0.23193094
158544,0.70738316
158547,0.16389696
158551,0.69726443
158552,0.031031111
158560,0.21184616
158616,0.76693994
158638,0.25478393
158642,0.35075873
158651,0.11029151
158653,0.13988236
158677,0.13830379
158683,0.22665341
158687,0.30589384
158693,0.28388372
158700,0.34420753
158703,0.22832695
158705,0.6005393
158706,0.28451845
158708,0.19954902
158712,0.21315001
158714,0.67034847
158715,0.5453217
158752,0.12466097
158753,0.2019361
158763,0.14261799
159578,0.17485914
158764,0.26368052
158767,0.812838
158770,0.13064398
158781,0.20803699
158789,0.48760226
158790,0.24183957
158791,0.8244844
158795,0.62298965
158796,0.31375685
158800,0.21024586
158806,0.2838158
158807,0.6830738
158815,0.40780148
158824,0.2644528
158828,0.813958
158831,0.8440321
158840,0.21408668
158841,0.18993905
158847,0.45880234
158856,0.4434046
158858,0.5182473
158884,0.30293688
158885,0.18273947
158891,0.41989514
158898,0.28036356
158911,0.31728512
158913,0.08042552
158918,0.35698155
158926,0.38117707
158929,0.5904856
158939,0.5157108
158940,0.522059
158952,0.25513917
158963,0.17506194
158973,0.2245205
158977,0.5487067
158988,0.60360897
159013,0.71176577
159016,0.42367455
159018,0.12422515
159024,0.8179838
159034,0.5451545
159035,0.64482576
159039,0.7212695
159049,0.37300828
159056,0.56866896
159068,0.45259014
159078,0.6310886
159099,0.4254355
159103,0.48962653
159106,0.71981096
159113,0.2600856
159117,0.49116856
159124,0.86761713
159132,0.1733977
159139,0.16595286
159142,0.45218915
159145,0.47341526
159147,0.3662748
159174,0.13485956
159201,0.44024724
159203,0.17431495
159212,0.63259554
159214,0.28896075
159221,0.40165403
159240,0.30544958
159241,0.27015656
159242,0.34521788
159244,0.47428367
159250,0.43962565
159275,0.20156272
159284,0.43826327
159293,0.37149948
159295,0.07032403
159301,0.26759318
159310,0.38645032
159314,0.37760866
159318,0.27629575
159333,0.19011222
159334,0.37065095
159335,0.48500603
159337,0.7646546
159338,0.40923735
159340,0.56664497
159361,0.19745128
159384,0.6689066
159402,0.41319397
159421,0.14788756
159424,0.5787855
159425,0.055135038
159426,0.36724606
159439,0.5722768
159445,0.3726583
159449,0.18144092
159460,0.7805823
159475,0.3565273
159481,0.48152846
159483,0.3887697
159494,0.4624099
159504,0.18211477
159512,0.35581586
159522,0.70516086
159524,0.51636964
159526,0.26143306
159528,0.17619973
159547,0.728486
159555,0.13473672
159562,0.20292823
159563,0.042177614
159565,0.74984866
159569,0.5752146
159604,0.26195425
159605,0.39875817
159620,0.50201964
159631,0.5901161
159633,0.16812779
159659,0.5998115
159661,0.82062566
159667,0.16234286
159669,0.3104487
159682,0.36056307
159683,0.48734778
159693,0.3685406
159698,0.24548422
159702,0.68253297
159703,0.22033083
159707,0.12885684
159716,0.18455748
159732,0.21152206
159734,0.45053157
159740,0.51256835
159748,0.42096218
159751,0.4261635
159756,0.3634705
159758,0.86983734
159767,0.5321176
159769,0.88707465
159775,0.27952194
159802,0.48562002
159804,0.36415872
159817,0.2617449
159818,0.07524882
159824,0.17823072
159837,0.07112557
159840,0.3774342
159842,0.7062415
159851,0.07898106
159865,0.79259944
159866,0.33089465
159872,0.37976524
159874,0.25891814
159879,0.23602983
159883,0.17759466
159884,0.33548442
159898,0.7418681
159903,0.37152046
159906,0.3892721
159914,0.60399926
159915,0.52007926
159917,0.14755483
159929,0.28075948
159949,0.5662188
159951,0.47432563
159953,0.2639506
159957,0.48623815
159968,0.39334983
159972,0.40411773
159973,0.40385842
159993,0.41910374
160008,0.6888151
160011,0.28905714
160013,0.46350652
160015,0.3401437
160017,0.09745178
160023,0.49143565
160028,0.53968126
160035,0.5252982
160074,0.67255473
160076,0.39367393
160077,0.23378953
160080,0.41765898
160084,0.5631812
160089,0.78821146
160094,0.24723516
160101,0.1044672
160103,0.34945506
160111,0.25867748
160114,0.275215
160116,0.1167513
160119,0.60048705
160123,0.3054804
160141,0.25395274
160147,0.14070822
160151,0.29288408
160172,0.83385557
160173,0.11130607
160177,0.4681573
160178,0.4035336
160180,0.24594663
160181,0.2963045
160188,0.12358952
160189,0.039577186
160193,0.21851811
160205,0.2968617
160214,0.651489
160215,0.4559486
160217,0.22282316
160262,0.124067195
160263,0.2641652
160273,0.42900229
160282,0.6880679
160295,0.7486464
160297,0.34290573
160303,0.12250561
160305,0.44906625
160309,0.20409818
160324,0.230307
160338,0.71402425
160366,0.35707745
160375,0.256309
160381,0.10509637
160398,0.17708583
160400,0.43080157
160406,0.28462526
160410,0.22419117
160411,0.16592456
160418,0.2717662
160440,0.074092485
160441,0.42024484
160450,0.8137253
160465,0.2201923
160470,0.43943593
160471,0.35502884
160472,0.83781004
160479,0.7140494
160490,0.27966577
160500,0.5885373
160503,0.22692084
160504,0.43224785
160515,0.41792473
160541,0.7054064
160545,0.37693736
160562,0.3111993
160589,0.14456806
160594,0.20911719
160595,0.26869282
160598,0.517727
160601,0.2302877
160605,0.43901002
160606,0.28998047
160607,0.120917335
160608,0.53242695
160610,0.3155653
160614,0.44878688
160615,0.16221218
160626,0.12845428
160634,0.15825914
160656,0.11292132
160660,0.29973692
160666,0.43263444
160672,0.35842767
160673,0.21562299
160674,0.13774626
160681,0.33800417
160683,0.5478692
160694,0.21782044
160710,0.43086186
160715,0.7042843
160719,0.5537519
160732,0.32738972
160734,0.18964373
160737,0.65727043
160742,0.36129773
160747,0.09227361
160749,0.5346003
160753,0.2955485
160756,0.3866455
160757,0.41225487
160763,0.0991255
160782,0.30574468
160789,0.25244868
160804,0.111245185
160805,0.47442514
160813,0.19268566
160815,0.16026893
160819,0.21620186
160820,0.38712272
160822,0.23142157
160823,0.4458945
160837,0.3343319
160841,0.26712048
160847,0.52985233
160861,0.4163481
160886,0.26410404
160891,0.25826624
160897,0.4329084
160914,0.60288614
160915,0.82602274
160929,0.6401544
160930,0.04740525
160931,0.23421173
160935,0.52770805
160939,0.2921897
160953,0.1573933
160954,0.2992719
160962,0.4804887
160966,0.18030213
160982,0.43045503
160983,0.28591642
160991,0.22953992
160998,0.18514132
161009,0.6581123
161014,0.27899793
161017,0.6667687
161021,0.20612183
161023,0.29558468
161027,0.33298054
161028,0.71810484
161030,0.8495132
161031,0.04364311
161033,0.3405936
161050,0.53002685
161053,0.34506768
161054,0.3883288
161055,0.27735808
161059,0.46632016
161061,0.42320642
161065,0.39085457
161069,0.29022577
161072,0.34047848
161073,0.17613311
161080,0.24454764
161083,0.42722848
161104,0.2543906
161111,0.6233186
161139,0.7012185
161149,0.27469715
161158,0.53369987
161171,0.5091525
161175,0.38722712
161201,0.6248513
161202,0.7201903
161205,0.16658872
161228,0.2851029
161233,0.21872067
161234,0.367783
161237,0.24005419
161238,0.3531785
161250,0.6791601
161251,0.37256405
161253,0.27172947
161254,0.4269933
161283,0.32580847
161291,0.4937675
161297,0.2412591
161300,0.2568669
161314,0.57740545
161315,0.28464392
161336,0.48140216
161341,0.6535102
161343,0.6316646
161351,0.66860807
161352,0.43043798
161353,0.48814014
161361,0.4412195
161366,0.20520642
161368,0.8030378
161378,0.24813977
161379,0.52910346
161380,0.17225383
161398,0.6986489
161408,0.09527203
161432,0.24073167
161439,0.637583
161461,0.36774778
161467,0.59423876
161468,0.3897719
161471,0.4109804
161477,0.5064014
161503,0.2557235
161514,0.24034049
161524,0.7321605
161527,0.36281288
161528,0.13398671
161531,0.72361135
161536,0.32236812
161537,0.18579164
161548,0.21413036
161558,0.13409688
161572,0.14417648
161586,0.17098717
161605,0.4688369
161606,0.3415398
161607,0.65373427
161618,0.4403259
161640,0.32985187
161658,0.47452837
161660,0.15349725
161661,0.56510925
161662,0.8630033
161677,0.63337004
161681,0.42799807
161682,0.2842461
161683,0.2580288
161685,0.13642879
161686,0.34510192
161687,0.34458712
161691,0.4253141
161701,0.5888686
161707,0.29364824
161709,0.22564346
161710,0.28475133
161711,0.3672858
161714,0.5687366
161742,0.19545323
161751,0.11552005
161764,0.13540548
161771,0.584971
161781,0.58239865
161782,0.38787177
161800,0.28220257
161810,0.46043155
161812,0.53177714
161813,0.15636681
161816,0.08857169
161838,0.5746292
161841,0.4537218
161845,0.25951323
161871,0.31535855
161877,0.70896536
161882,0.19349052
161885,0.5600399
161886,0.373944
161895,0.24349989
161897,0.8109848
161914,0.5645357
161921,0.51396966
161922,0.32703462
161927,0.88923836
161946,0.20229715
161952,0.17340463
161954,0.660116
161955,0.38277438
161961,0.5769635
161977,0.6453826
161980,0.405643
161989,0.5717475
161993,0.6800721
162002,0.37870687
162011,0.32656753
162012,0.12081943
162015,0.29871535
162016,0.1507641
162019,0.3124724
162021,0.48744303
162022,0.5761049
162023,0.42904285
162025,0.32637048
162028,0.18421283
162029,0.27687308
162030,0.16230464
162031,0.7710115
162033,0.5562537
162037,0.040602695
162044,0.5909392
162071,0.49797595
162093,0.4532378
162094,0.3349239
162100,0.079180576
162102,0.6393148
162105,0.52853775
162109,0.5488038
162116,0.5410657
162117,0.18798764
162118,0.79696417
162120,0.51086086
162125,0.13654934
162128,0.7042136
162131,0.6192218
162133,0.53494346
162135,0.32901695
162156,0.20110843
162157,0.40998173
162165,0.48620388
162166,0.20059153
162170,0.47329417
162201,0.2355564
162202,0.42803308
162206,0.067009024
162211,0.32535335
162227,0.3174752
162232,0.2878397
162235,0.22123808
162237,0.6697035
162248,0.18116392
162261,0.5190865
162262,0.18549813
162280,0.20607813
162282,0.24591678
162284,0.4102085
162287,0.71908337
162305,0.2061543
162308,0.16563001
162309,0.17208408
162312,0.27280712
162313,0.09425107
162316,0.2507212
162324,0.44396973
162325,0.5479836
162333,0.26586857
162334,0.3295688
162337,0.3523911
162340,0.44847998
162344,0.56055313
162347,0.49957055
162350,0.2711454
162351,0.48603678
162365,0.4341187
162368,0.29161578
162379,0.47262043
162383,0.3657431
162392,0.3547039
162393,0.33820987
162397,0.44261473
162398,0.66940135
162406,0.30357182
162410,0.2756506
162418,0.2944022
162420,0.47534662
162424,0.44108567
162425,0.23652972
162438,0.48878932
162442,0.06946004
162462,0.22090617
162476,0.11601538
162477,0.055512737
162480,0.29389516
162491,0.49191356
162493,0.23885629
162503,0.320906
162504,0.22234233
162513,0.49537542
162516,0.77827835
162517,0.22207499
162522,0.4469082
162523,0.36774284
162542,0.462926
162584,0.74492925
162586,0.32780126
162589,0.22856762
162594,0.2693742
162616,0.3413755
162630,0.47114056
162637,0.57060844
162652,0.15159431
162659,0.7925287
162668,0.16638583
162674,0.27659383
162680,0.43951964
162685,0.88306975
162689,0.73699474
162711,0.44474643
162714,0.16420807
162732,0.14714216
162741,0.16460559
162758,0.6694668
162759,0.27325994
162775,0.55287814
162776,0.32142293
162777,0.12842742
162782,0.19653954
162786,0.11873308
162794,0.36414266
162799,0.09960014
162801,0.6441246
162802,0.4497119
162807,0.270198
162820,0.38610595
162827,0.11875091
162833,0.2824722
162837,0.16739726
162844,0.21686806
162860,0.19056451
162862,0.1246567
162864,0.62607545
162868,0.42680305
162880,0.1868515
162895,0.8946164
162898,0.6781989
162918,0.47219172
162924,0.41983536
162931,0.6734682
162936,0.34694728
162978,0.76056147
162979,0.22084618
162988,0.34768024
162989,0.4546161
163013,0.62551653
163014,0.17930868
163021,0.37060672
163024,0.2045757
163027,0.10130339
163030,0.23996513
163031,0.12188765
163032,0.32147127
163039,0.52501667
163042,0.17594562
163048,0.20523264
163049,0.24168096
163068,0.4146297
163071,0.2319398
163074,0.61018914
163079,0.26024482
163080,0.08219396
163085,0.29440573
163093,0.347806
163094,0.6931255
163109,0.4592852
163116,0.30503076
163117,0.63471144
163118,0.23809542
163119,0.725542
163121,0.19264552
163131,0.27706817
163132,0.49651152
163133,0.6758662
163182,0.343913
163187,0.24442776
163188,0.72758776
163195,0.26801938
163197,0.2578078
163200,0.07024115
163206,0.61656487
163207,0.287885
163214,0.70799166
163222,0.097169764
163224,0.18579707
163226,0.6267768
163235,0.6153413
163240,0.26630807
163258,0.55000377
163263,0.28926647
163264,0.7714359
163265,0.43368453
163266,0.500813
163268,0.750136
163272,0.20071149
163273,0.7525043
163278,0.7584856
163288,0.037792034
163299,0.6943605
163302,0.47457582
163307,0.24989061
163321,0.44719994
163349,0.5689988
163352,0.63900757
163353,0.7097265
163357,0.6276471
163362,0.13999133
163375,0.31204966
163385,0.18913297
163386,0.629511
163390,0.37974775
163408,0.6875862
163423,0.16207941
163426,0.56181127
163437,0.78413147
163452,0.24079616
163472,0.49383807
163473,0.19382037
163479,0.2784395
163480,0.28023085
163487,0.5564406
163492,0.7214641
163493,0.4829361
163523,0.5884632
163524,0.499574
163527,0.4447518
163528,0.46418148
163531,0.04786478
163538,0.39760405
163556,0.21895334
163563,0.8750499
163566,0.45030212
163570,0.30559668
163571,0.16654621
163574,0.11615845
163578,0.3531066
163580,0.49767047
163597,0.69772434
163601,0.39911216
163604,0.5613249
163609,0.31537724
163618,0.5215911
163634,0.74736416
163647,0.5418449
163660,0.6612794
163661,0.26835057
163666,0.22514589
163667,0.57720494
163669,0.41982713
163676,0.18457487
163681,0.14164793
163682,0.41474146
163684,0.46925685
163714,0.81745607
163724,0.209334
163728,0.6589673
163729,0.08640736
163738,0.16392677
163742,0.48959437
163743,0.67396224
163748,0.592648
163759,0.22443427
163782,0.12829757
163793,0.45466465
163800,0.18433377
163801,0.33318388
163802,0.44796804
163814,0.40549436
163820,0.471142
163821,0.26176444
163848,0.058255535
163852,0.35904318
163854,0.40819412
163855,0.6342456
163882,0.13115022
163895,0.33487546
163900,0.76470256
163907,0.6472486
163915,0.25379148
163926,0.30349776
163929,0.18938121
163934,0.55624884
163940,0.44132814
163943,0.49125278
163944,0.27027026
163949,0.30335513
163951,0.14954983
163952,0.31351593
163965,0.59811264
163970,0.18688275
163980,0.2804106
163981,0.32319963
163988,0.613045
163989,0.5666358
163991,0.2213481
164015,0.32942656
164028,0.28855953
164030,0.2677571
164031,0.4462649
164037,0.08744184
164049,0.31243744
164052,0.32800564
164059,0.12929173
164083,0.6715507
164095,0.14854322
164106,0.7884875
164116,0.21486458
164117,0.8076637
164119,0.28065506
164133,0.6223487
164134,0.39087728
164142,0.28346172
164143,0.23636444
164147,0.27432522
164148,0.49149808
164150,0.789585
164152,0.33455047
164156,0.60490006
164157,0.57100415
164158,0.20510428
164166,0.5511866
164191,0.15490164
164194,0.44392657
164198,0.13466488
164201,0.093755804
164202,0.34883058
164207,0.7917244
164228,0.15771951
164240,0.38747996
164241,0.24311683
164244,0.16572128
164256,0.5071189
164262,0.3508075
164269,0.08684562
164276,0.1926824
164281,0.79011637
164290,0.41324225
164300,0.777966
164305,0.5147014
164307,0.29407132
164308,0.23129998
164309,0.0688466
164314,0.31482828
164319,0.3011071
164331,0.29832345
164332,0.11893723
164343,0.5653934
164349,0.5258411
164363,0.23857847
164373,0.53670615
164410,0.7705331
164417,0.3393155
164436,0.21563412
164438,0.20053133
164441,0.42871013
164445,0.22692525
164451,0.39756626
164452,0.10891121
164502,0.6218646
164513,0.5927491
164526,0.7249775
164527,0.2377664
164528,0.6287537
164530,0.28194988
164537,0.36504868
164542,0.4207658
164546,0.3253669
164555,0.88121575
164556,0.078236885
164568,0.6390239
164571,0.6823408
164572,0.7951474
164574,0.3422283
164580,0.13798875
164597,0.10271639
164601,0.0971948
164619,0.22038148
164633,0.20013188
164642,0.3966596
164652,0.6575449
164676,0.30123907
164682,0.2076678
164685,0.5605925
164691,0.47481006
164696,0.17521636
164708,0.50464195
164711,0.38525292
164712,0.59009576
164717,0.4876526
164721,0.27529627
164740,0.14797714
164746,0.113094404
164755,0.5386697
164761,0.20070891
164764,0.18583146
164766,0.93206775
164776,0.8892633
164777,0.22590515
164783,0.33646604
164786,0.19639699
164799,0.400402
164808,0.44589716
164812,0.34015292
164815,0.67770076
164816,0.10311778
164817,0.561025
164818,0.58647454
164819,0.8289492
164821,0.48831084
164822,0.25803524
164825,0.17762871
164834,0.5583367
164841,0.10156888
164842,0.4644863
164853,0.25672215
164855,0.59710354
164856,0.30856588
164878,0.17827818
164883,0.3569726
164887,0.3172958
164888,0.14062272
164889,0.58800906
164891,0.7961203
164892,0.17948484
164922,0.18497376
164924,0.5137738
164933,0.76295483
164938,0.26424623
164939,0.658202
164949,0.22725762
164950,0.13233618
164957,0.7591674
164961,0.53361166
164963,0.24143481
164972,0.17265841
164980,0.23000751
164981,0.27391773
165020,0.36579356
165027,0.47258395
165046,0.34731007
165048,0.49232247
165049,0.44278488
165058,0.27598494
165065,0.19068624
165081,0.38656682
165082,0.7083888
165090,0.18125565
165107,0.28012353
165131,0.3455443
165133,0.55334646
165137,0.0947839
165140,0.6430866
165142,0.20730513
165143,0.35839733
165152,0.6621439
165154,0.3926065
165158,0.28208312
165166,0.25609407
165168,0.4466885
165171,0.19122818
165175,0.40722102
165182,0.11625934
165188,0.7407817
165190,0.14644219
165199,0.20565258
165202,0.6482287
165203,0.3220932
165204,0.6016568
165208,0.19187057
165221,0.5342203
165243,0.26400903
165283,0.3861311
165300,0.17951207
165302,0.5317474
165304,0.21333885
165313,0.31229237
165336,0.6148172
165339,0.37571943
165363,0.83187073
165376,0.46524596
165380,0.78429836
165385,0.22237253
165386,0.24972077
165410,0.23861349
165422,0.30248874
165426,0.34178984
165428,0.51683515
165445,0.33911985
165452,0.27959
165454,0.23165995
165455,0.20272276
165462,0.33499402
165465,0.4657653
165466,0.34390223
165467,0.49322313
165476,0.2796645
165477,0.11970311
165478,0.8866011
165497,0.29897577
165500,0.34357518
165511,0.43484402
165513,0.60596514
165515,0.7625925
165521,0.080972575
165522,0.25912058
165523,0.45302904
165530,0.52834845
165537,0.28649724
165538,0.13968994
165539,0.5187053
165545,0.1469106
165550,0.32430315
165551,0.41155207
165552,0.54538965
165557,0.21856809
165558,0.41807318
165560,0.2090619
165574,0.6792511
165576,0.7880867
165587,0.29266196
165601,0.03146078
165605,0.11518479
165606,0.1545784
165607,0.28442585
165624,0.74661165
165632,0.31862938
165633,0.49425998
165634,0.40555575
165646,0.1860362
165649,0.33140624
165651,0.5585841
165661,0.23337732
165666,0.33238956
165669,0.448104
165674,0.25077483
165685,0.7192683
165687,0.37675527
165692,0.33656684
165748,0.2886948
165749,0.62260467
165752,0.285871
165755,0.42972112
165758,0.2109414
165761,0.19589974
165762,0.47002366
165780,0.38631988
165781,0.2434217
165789,0.4371285
165802,0.073018946
165806,0.32015154
165817,0.5801581
165822,0.86767715
165837,0.13493183
165840,0.62866896
165846,0.0758919
165853,0.21670377
165864,0.82896894
165865,0.26745754
165868,0.46868682
165869,0.29396918
165871,0.39126882
165880,0.31077555
165887,0.5338377
165904,0.4904199
165907,0.19542128
165910,0.56474185
165915,0.56271654
165917,0.3409334
165918,0.7759606
165919,0.3470568
165923,0.5065637
165931,0.19411191
165932,0.37750366
165934,0.9334989
165939,0.40628976
165944,0.6710897
165951,0.8086244
165955,0.21877745
165959,0.5911532
165966,0.54206455
165970,0.3050745
165975,0.14817874
165977,0.1169847
165990,0.7847482
165997,0.2646022
166003,0.48843822
166008,0.1487921
166020,0.49669874
166025,0.31209832
166033,0.35536858
166038,0.24173181
166042,0.33444434
166049,0.049014326
166071,0.08626678
166091,0.6467151
166093,0.8122914
166095,0.37366363
166104,0.23648681
166107,0.24590856
166108,0.2314349
166110,0.17631344
166112,0.600527
166135,0.3613124
166136,0.3012351
166138,0.54618466
166153,0.7882768
166155,0.6409867
166158,0.36398596
166164,0.6702345
166186,0.6257765
166191,0.5228103
166196,0.19767436
166197,0.6497777
166202,0.44157866
166215,0.17702897
166230,0.24049737
166243,0.55887526
166244,0.3364704
166255,0.25204495
166258,0.5198289
166263,0.6692958
166271,0.23662257
166283,0.1545892
166286,0.38778383
166291,0.31393084
166294,0.4550097
166303,0.6733833
166306,0.6185396
166309,0.20857169
166316,0.56439227
166317,0.13966805
166321,0.7394293
166331,0.305745
166349,0.27180463
166374,0.18193933
166387,0.100035794
166393,0.3285889
166400,0.29131672
166420,0.08026424
166446,0.10683618
166449,0.39088377
166452,0.32913592
166495,0.18764965
166501,0.31478965
166514,0.54303217
166515,0.38562104
166521,0.3735744
166525,0.20150562
166529,0.30238122
166536,0.6408082
166542,0.23616932
166543,0.64387536
166545,0.20236279
166550,0.4391338
166560,0.25325334
166567,0.34882176
166570,0.2025068
166573,0.26717094
166582,0.77176565
166583,0.7294752
166590,0.18395057
166594,0.7143191
166618,0.8840701
166623,0.5545037
166626,0.45403808
166641,0.5559738
166654,0.103386655
166682,0.66606236
166685,0.22466817
166688,0.22211339
166692,0.28941962
166701,0.36501518
166702,0.6339411
166705,0.29788744
166713,0.27412388
166733,0.11042157
166734,0.29257715
166738,0.5250293
166739,0.08317318
166740,0.13981625
166755,0.5496834
166761,0.6819874
166764,0.47452652
166773,0.44359958
166774,0.35314083
166814,0.2568015
166819,0.6644577
166834,0.59998405
166841,0.6955695
166848,0.66547894
166857,0.62896687
166858,0.08330093
166873,0.22123927
166889,0.25527355
166890,0.1612942
166891,0.3857322
166902,0.4239109
166908,0.46737036
166916,0.4631075
166920,0.2980672
166922,0.2604566
166926,0.37688437
166928,0.43916297
166930,0.70168805
166931,0.2032605
166932,0.1419674
166937,0.19053218
166941,0.16714284
166944,0.15745227
166960,0.38965753
166972,0.19421399
166973,0.5984016
166978,0.1817937
166984,0.46275276
166994,0.37292334
166995,0.25706613
166996,0.070331626
167001,0.12494842
167006,0.47241345
167007,0.14443247
167037,0.7448994
167041,0.36341795
167051,0.6341305
167052,0.4544528
167054,0.2694149
167057,0.4635762
167058,0.32648116
167059,0.22578256
167060,0.119509935
167066,0.087390386
167077,0.37692183
167078,0.34203443
167080,0.5440689
167089,0.5767027
167090,0.5000849
167091,0.42022496
167096,0.29468524
167105,0.5541479
167121,0.33192742
167128,0.38411552
167131,0.76165235
167139,0.6490381
167140,0.5511197
167149,0.54492956
167152,0.8888159
167153,0.65619075
167163,0.53585434
167167,0.27518606
167171,0.1325043
167178,0.184035
167179,0.3516512
167182,0.34051353
167187,0.2678654
167192,0.31613484
167208,0.38074842
167212,0.6501811
167217,0.4218096
167230,0.29919115
167236,0.09804211
167238,0.49658385
167239,0.27010038
167257,0.6305904
167260,0.7144246
167264,0.2982695
167271,0.27483115
167273,0.71865296
167276,0.6623658
167283,0.39113063
167295,0.21264675
167296,0.72679883
167299,0.6594038
167310,0.10723755
167313,0.65386534
167323,0.2185737
167328,0.69266576
167329,0.49115437
167333,0.23714404
167349,0.2400357
167351,0.10196181
167359,0.3028503
167363,0.28898838
167371,0.05076806
167384,0.33288148
167387,0.45805216
167389,0.18801495
167393,0.2931164
167401,0.35899472
167427,0.30727538
167428,0.20703204
167433,0.4556412
167434,0.36347204
167437,0.46353343
167438,0.25809655
167454,0.5353142
167475,0.10822888
167480,0.36463147
167491,0.33135402
167494,0.42815724
167495,0.3996159
167503,0.37304828
167521,0.39061853
167529,0.3229255
167530,0.21393302
167550,0.284254
167554,0.6030813
167557,0.6969809
167562,0.2113733
167566,0.3053375
167572,0.800984
167573,0.71109
167578,0.41650227
167592,0.7149272
167597,0.33830574
167621,0.48740396
167622,0.10764633
167631,0.78198177
167637,0.7598364
167638,0.3211518
167645,0.17712995
167648,0.79731464
167697,0.69029814
167698,0.22005758
167701,0.22377078
167708,0.30088276
167714,0.24018854
167717,0.7019946
167727,0.23978128
167737,0.1896386
167746,0.6996812
167751,0.5661258
167753,0.38046077
167755,0.28403938
167771,0.36042556
167805,0.5457326
167811,0.42221788
167815,0.25155887
167829,0.13962738
167830,0.41225865
167834,0.38167578
167841,0.55174506
167846,0.09175803
167851,0.90729225
167871,0.11406677
167890,0.2357877
167898,0.108653925
167901,0.034335498
167902,0.37639666
167907,0.6498196
167911,0.3283444
167912,0.20016146
167916,0.5441186
167917,0.14096884
167928,0.48557404
167940,0.3028507
167947,0.49283168
167948,0.4373159
167953,0.099529415
167957,0.5634595
167958,0.37808385
167968,0.10666037
167970,0.40026453
167977,0.21688606
167980,0.26374525
167993,0.40691555
167994,0.6436999
167998,0.29273632
168000,0.54596823
168006,0.5133222
168011,0.4194128
168012,0.13416128
168013,0.30829293
168022,0.16421573
168026,0.61692524
168032,0.0900284
168046,0.5563239
168054,0.48729235
168071,0.6035807
168078,0.6035543
168092,0.41306847
168093,0.46698362
168097,0.23191106
168105,0.78064257
168107,0.5191159
168108,0.593727
168115,0.7152592
168127,0.4361943
168133,0.7764391
168135,0.33234435
168162,0.21211816
168163,0.22046818
168165,0.7219323
168169,0.31250763
168171,0.6388019
168174,0.3319663
168175,0.86648136
168186,0.34921518
168202,0.29065156
168204,0.26952738
168208,0.19410628
168229,0.44666976
168239,0.20157142
168245,0.51433235
168276,0.14653139
168309,0.6405824
168313,0.7809969
168322,0.2962952
168323,0.04058286
168326,0.738665
168331,0.3154827
168349,0.60151154
168384,0.21277395
168398,0.28485486
168403,0.10498379
168405,0.60101736
168416,0.17786531
168418,0.6741495
168420,0.57311505
168422,0.101346835
168436,0.5185301
168438,0.3567191
168443,0.20768249
168444,0.3536122
168446,0.13919076
168454,0.4691014
168459,0.41408113
168462,0.5277721
168472,0.47701955
168485,0.070106156
168496,0.6538024
168503,0.21472447
168515,0.44541606
168516,0.32742208
168520,0.7837591
168521,0.41600963
168531,0.08446503
168542,0.34071407
168548,0.34944102
168551,0.15615836
168575,0.15877666
168580,0.39471093
168588,0.6069194
168593,0.24108161
168614,0.37194934
168615,0.13587639
168622,0.13850078
168623,0.42432672
168634,0.2265591
168645,0.6934246
168651,0.68571097
168683,0.3559909
168691,0.80817974
168708,0.50035703
168716,0.600628
168718,0.3022528
168720,0.6808108
168722,0.742914
168731,0.6343621
168736,0.576828
168738,0.5348051
168747,0.40904245
168751,0.68576634
168752,0.42471087
168753,0.14599285
168774,0.8105063
168782,0.23633072
168788,0.10875518
168790,0.46833885
168791,0.6654213
168793,0.8068256
168796,0.4579277
168802,0.34146026
168803,0.3731548
168810,0.67621356
168817,0.23785985
168820,0.7628616
168823,0.4017689
168827,0.42677182
168828,0.49695703
168831,0.51764315
168842,0.5446191
168845,0.28330275
168855,0.5080437
168856,0.5686071
168861,0.35166052
168876,0.14780584
168897,0.52421284
168899,0.238498
168913,0.69434243
168915,0.36454877
168916,0.4465259
168929,0.6364524
168930,0.14241698
168933,0.7493798
168954,0.56072265
168957,0.6032768
168959,0.08524477
168960,0.535421
168961,0.6307274
168968,0.43979743
168969,0.5227202
168994,0.24447913
168995,0.40757367
169003,0.2516033
169004,0.78129977
169008,0.3806036
169009,0.4554809
169014,0.35162565
169030,0.096307695
169048,0.5398241
169061,0.7811854
169070,0.73483247
169092,0.065609105
169117,0.49909207
169118,0.690071
169121,0.31556723
169123,0.29591194
169124,0.7291934
169137,0.5809177
169138,0.3086741
169143,0.1292912
169165,0.5265701
169166,0.32138154
169167,0.5814418
169168,0.44406754
169175,0.052378714
169184,0.39252207
169195,0.35318083
169196,0.19261105
169197,0.6770065
169202,0.91714156
169204,0.51232886
169212,0.48935696
169214,0.66042185
169218,0.8610688
169239,0.21137658
169248,0.31496936
169252,0.35691953
169254,0.74285644
169257,0.47044423
169264,0.7398615
169267,0.19921178
169269,0.7497868
169278,0.35982305
169297,0.32350865
169299,0.5955803
169301,0.68333596
169306,0.24580947
169323,0.48512438
169328,0.39611384
169330,0.47498375
169331,0.1338599
169346,0.5790262
169348,0.4615639
169350,0.30815
169353,0.10889606
169355,0.66080874
169364,0.7477787
169365,0.2758822
169367,0.20285656
169370,0.13235107
169378,0.5283456
169385,0.029429026
169387,0.5738091
169389,0.33493993
169395,0.4707731
169412,0.29482305
169426,0.6701414
169427,0.4576717
169432,0.30587706
169436,0.59159577
169453,0.3942116
169455,0.6790883
169457,0.1624788
169458,0.18046926
169461,0.5360112
169467,0.38228276
169470,0.3326707
169477,0.11905517
169481,0.3570838
169483,0.49825433
169490,0.7494563
169491,0.16030759
169495,0.17316872
169504,0.5583895
169514,0.31793913
169517,0.7029841
169523,0.16744031
169528,0.71380824
169534,0.3204467
169535,0.15960191
169537,0.22614871
169541,0.7109882
169546,0.18754807
169549,0.062358357
169554,0.64709926
169561,0.08958441
169571,0.07562045
169580,0.71225166
169597,0.11956972
169598,0.13457443
169625,0.6265926
169626,0.69183093
169627,0.47648522
169628,0.35610345
169629,0.40407172
169658,0.48520318
169659,0.19556227
169668,0.35340303
169669,0.53021836
169673,0.14058526
169674,0.22229218
169676,0.85461843
169677,0.41434014
169678,0.30590597
169680,0.21866708
169695,0.49677852
169698,0.56373805
169710,0.6260393
169719,0.17120817
169720,0.4853093
169722,0.44480368
169735,0.43776596
169745,0.20626579
169749,0.589356
169754,0.26263976
169760,0.38724363
169772,0.20278189
169773,0.17150903
169780,0.34518042
169788,0.17603196
169793,0.45207003
169809,0.6193509
169810,0.36425513
169824,0.051736977
169831,0.49501058
169833,0.46726686
169836,0.16583599
169859,0.2935623
169864,0.7770617
169872,0.105464704
169895,0.6734356
169911,0.04482788
169914,0.351583
169960,0.5347428
169961,0.72204864
169964,0.2769411
169974,0.18630514
169988,0.17182349
169989,0.054451022
169995,0.16305044
170007,0.23479801
170026,0.25530344
170030,0.85805094
170033,0.7004705
170041,0.553075
170043,0.17715023
170048,0.17062362
170050,0.116925664
170051,0.47827905
170056,0.61528486
170072,0.9017504
170076,0.27444726
170080,0.66925174
170101,0.25418022
170102,0.32110718
170107,0.76986736
170115,0.4416411
170119,0.22142817
170128,0.3271901
170129,0.065049216
170134,0.86896724
170136,0.46072298
170139,0.20638296
170140,0.53086174
170143,0.7261983
170148,0.8304821
170159,0.39082596
170163,0.3973235
170164,0.5885976
170173,0.21094352
170178,0.57166636
170179,0.3096543
170199,0.46898028
170203,0.11970133
170207,0.55494255
170211,0.3047653
170217,0.15522747
170224,0.17656285
170225,0.23147476
170255,0.38703623
170258,0.22586128
170259,0.3079369
170262,0.20958517
170278,0.3461575
170284,0.31465748
170285,0.64116293
170292,0.20217177
170293,0.43581152
170301,0.35449836
170302,0.7748746
170305,0.55835605
170309,0.50758994
170310,0.33776572
170326,0.56321645
170327,0.14584161
170328,0.5201942
170329,0.38240588
170330,0.1905295
170331,0.27476877
170337,0.30429527
170340,0.5700648
170341,0.326063
170343,0.4398441
170361,0.49909207
170366,0.40324163
170376,0.4463318
170382,0.8203903
170396,0.11313142
170400,0.5425178
170403,0.36900705
170409,0.4056557
170410,0.16811451
170421,0.661846
170425,0.1096011
170427,0.24195783
170428,0.31952485
170435,0.14890659
170438,0.089072965
170442,0.5948252
170446,0.55897355
170461,0.13692984
170473,0.7020692
170477,0.3735687
170516,0.18757674
170517,0.2729694
170522,0.40220377
170523,0.22198747
170534,0.34559426
170535,0.5383962
170538,0.5266647
170549,0.4470431
170556,0.31733826
170563,0.47055307
170570,0.44914675
170580,0.19487952
170582,0.12886475
170584,0.59459287
170585,0.23676156
170587,0.41397178
170590,0.507913
170598,0.1865626
170599,0.29469424
170601,0.18893455
170612,0.75956136
170617,0.36683774
170620,0.5213737
170629,0.1750812
170647,0.60379016
170651,0.16394095
170654,0.38195944
170657,0.63882935
170662,0.24299563
170707,0.46397486
170719,0.527636
170722,0.18501228
170723,0.43315238
170731,0.8260658
170735,0.26709253
170750,0.1513503
170769,0.43898842
170770,0.47528994
170776,0.75968546
170783,0.46713945
170789,0.74801046
170800,0.6613005
170809,0.5677844
170810,0.41577533
170811,0.35845038
170827,0.05779713
170842,0.2936812
170854,0.3192237
170857,0.6328101
170865,0.39928234
170867,0.15554632
170869,0.55148876
170870,0.42746216
170878,0.37817368
170881,0.6926002
170910,0.5686775
170913,0.75189716
170919,0.50418645
170932,0.34864944
170939,0.7838693
170947,0.2826066
170950,0.6584683
170953,0.8034636
170954,0.2946512
170970,0.44643345
170972,0.23579487
170973,0.50817615
170980,0.27681476
170981,0.42205605
170983,0.6731003
170998,0.56490344
171001,0.58479154
171004,0.2923151
171020,0.12305921
171023,0.108911335
171026,0.31235123
171060,0.67429787
171061,0.3174901
171065,0.28889808
171077,0.36274576
171081,0.15989819
171103,0.8214407
171110,0.3771094
171114,0.10918383
171118,0.31925726
171119,0.41571516
171120,0.50330997
171137,0.40687513
171147,0.32812414
171153,0.64055693
171156,0.77534187
171158,0.38063776
171163,0.40512547
171169,0.2979712
171170,0.5089513
171172,0.18481077
171173,0.17449951
171176,0.33587265
171181,0.40004766
171182,0.59598255
171191,0.2695502
171193,0.32474816
171195,0.4922866
171198,0.1885444
171205,0.20605302
171212,0.6569029
171237,0.46308362
171241,0.15879312
171262,0.469085
171263,0.22773154
171266,0.19584048
171274,0.4446758
171290,0.3032037
171291,0.71076995
171297,0.15283057
171307,0.30670866
171311,0.89457357
171320,0.32454062
171322,0.11841563
171328,0.23102504
171337,0.14909226
171346,0.2050258
171348,0.6220513
171354,0.37721044
171358,0.32321236
171359,0.18928914
171360,0.54678726
171369,0.1964307
171379,0.3045908
171384,0.19648498
171388,0.41156733
171390,0.25286895
171394,0.14188948
171395,0.5482479
171399,0.66587394
171403,0.29498065
171422,0.13535847
171423,0.20964849
171469,0.26529437
171480,0.43787473
171487,0.1382785
171497,0.40663135
171502,0.6440874
171503,0.26573813
171506,0.50570357
171521,0.17132422
171530,0.22946839
171540,0.39753866
171541,0.50878805
171544,0.445558
171551,0.45252842
171582,0.7105523
171587,0.2550749
171597,0.62538815
171603,0.39850888
171610,0.3796757
171614,0.1530642
171619,0.32820293
171621,0.46356878
171625,0.31543085
171626,0.3028234
171638,0.22989386
171642,0.34041598
171658,0.27256513
171674,0.48709643
171677,0.53030497
171684,0.35055867
171685,0.6234417
171686,0.28497362
171695,0.11574015
171702,0.2823301
171703,0.1114902
171704,0.37718636
171705,0.18164636
171706,0.31669664
171709,0.16026106
171712,0.2256269
171716,0.11439939
171730,0.59461427
171748,0.13060904
171757,0.5318947
171767,0.25212747
171768,0.7787476
171771,0.5077529
171775,0.1201324
171778,0.7203481
171780,0.80084085
171781,0.11716343
171785,0.20168251
171786,0.73520845
171789,0.11616164
171802,0.08696293
171803,0.44453865
171812,0.63352656
171862,0.20157565
171864,0.61673117
171891,0.7015875
171892,0.50609845
171913,0.15787138
171914,0.8017231
171922,0.6783524
171927,0.51913214
171933,0.54459137
171934,0.13599652
171943,0.4914398
171945,0.45512375
171960,0.2080512
171964,0.20145933
171975,0.5147799
171994,0.7208919
171996,0.69378245
171997,0.08966359
172000,0.3207891
172029,0.1712164
172038,0.35489833
172039,0.4649436
172043,0.40522978
172046,0.19220002
172048,0.15344526
172049,0.2991777
172053,0.5364402
172054,0.49379656
172058,0.4707188
172060,0.3240695
172061,0.1303791
172067,0.39962277
172072,0.41856602
172073,0.49823397
172098,0.43702975
172100,0.5494297
172101,0.6202107
172113,0.79301023
172144,0.3795976
172147,0.3859995
172149,0.46879268
172168,0.4851657
172169,0.36361668
172175,0.13466094
172197,0.1890356
172200,0.7291364
172205,0.5892662
172207,0.5104776
172210,0.2740409
172261,0.45422313
172279,0.60233873
172294,0.27750176
172300,0.14867768
172301,0.6798509
172310,0.3455615
172351,0.07175553
172353,0.33261406
172358,0.042949043
172374,0.44185033
172380,0.4782792
172384,0.23840262
172400,0.10963543
172403,0.53266317
172408,0.55704695
172411,0.12935889
172420,0.11374199
172426,0.8531842
172433,0.33911166
172434,0.46270707
172442,0.35421473
172443,0.73643273
172452,0.5985141
172454,0.29083273
172456,0.70074415
172460,0.5390245
172470,0.27328545
172479,0.40752575
172481,0.18477193
172483,0.20365067
172484,0.8551485
172485,0.37672323
172486,0.3977629
172493,0.34028706
172494,0.3274616
172497,0.5569354
172504,0.21108338
172518,0.82729733
172523,0.5008335
172527,0.370953
172533,0.3496453
172536,0.2812159
172540,0.33580148
172541,0.31223673
172543,0.3191239
172545,0.70773697
172547,0.2771991
172551,0.25887147
172556,0.4948339
172562,0.23208836
172570,0.3538386
172574,0.43445286
172575,0.56834745
172599,0.11558691
172611,0.7107754
172612,0.09712754
172616,0.20231332
172623,0.49215162
172627,0.1864445
172635,0.66745186
172643,0.17898782
172644,0.13070673
172652,0.49988273
172656,0.30483896
172661,0.26113212
172664,0.19610724
172672,0.42756265
172678,0.22614124
172680,0.32374
172683,0.25084144
172684,0.69018203
172690,0.31175205
172695,0.5373064
172696,0.12809135
172701,0.21091327
172713,0.59844834
172714,0.094853245
172731,0.16823639
172738,0.101203874
172761,0.16870527
172767,0.47678107
172770,0.8276949
172771,0.105396524
172799,0.10415336
172800,0.2960116
172804,0.81034046
172805,0.24446724
172820,0.37007123
172829,0.6948251
172831,0.5369375
172833,0.3146471
172843,0.122949556
172853,0.34941563
172855,0.35384685
172856,0.6662859
172857,0.1706992
172863,0.114473864
172877,0.37408757
172881,0.3740236
172895,0.31351402
172896,0.25298396
172910,0.092458956
172922,0.09295864
172939,0.64918697
172942,0.74917203
172945,0.2081022
172948,0.2448089
172949,0.6334981
172953,0.13138904
172967,0.68778306
172993,0.32462847
172995,0.42129722
172996,0.69389635
172997,0.27594367
172998,0.48634472
172999,0.5070662
173004,0.4011524
173006,0.71349233
173007,0.46715787
173013,0.46495906
173016,0.406895
173020,0.6992701
173030,0.42353556
173048,0.30867642
173056,0.22129373
173066,0.16843857
173079,0.5304588
173107,0.5998239
173109,0.07832971
173127,0.20242381
173128,0.39138815
173130,0.19979529
173137,0.5056191
173157,0.12236165
173160,0.41286087
173168,0.21007304
173193,0.11167636
173197,0.74023175
173215,0.060093194
173216,0.6416406
173227,0.1810596
173236,0.6171738
173237,0.3587344
173247,0.47926167
173250,0.8609362
173259,0.4591978
173277,0.41470477
173285,0.17500529
173286,0.1713203
173299,0.5940699
173310,0.8108492
173312,0.61282593
173313,0.3563471
173320,0.2995539
173330,0.6605846
173333,0.24773715
173351,0.27984503
173370,0.8868848
173372,0.35290986
173381,0.54080063
173386,0.09469408
173387,0.5923831
173388,0.61559016
173393,0.2238561
173394,0.7034964
173403,0.143759
173467,0.42255288
173469,0.6201603
173475,0.55108535
173476,0.18370296
173477,0.03717091
173484,0.58194596
173485,0.28034988
173488,0.41170338
173491,0.36601153
173520,0.07749421
173522,0.71640754
173535,0.41243124
173539,0.56595737
173549,0.18786274
173552,0.2535593
173565,0.7146297
173586,0.2686716
173587,0.36272934
173588,0.21535885
173595,0.16678025
173606,0.5864794
173620,0.49675828
173623,0.21083236
173629,0.1987872
173647,0.16626716
173649,0.17098905
173650,0.3629366
173652,0.28938076
173654,0.68992954
173665,0.21268648
173667,0.74788713
173685,0.47923827
173710,0.7311975
173711,0.49340653
173713,0.582047
173718,0.49777418
173743,0.25398394
173744,0.49488515
173762,0.58461535
173768,0.44766805
173769,0.8408082
173770,0.37096494
173773,0.56183374
173779,0.27655715
173780,0.32109395
173781,0.7089842
173783,0.44403848
173795,0.5413959
173800,0.85204333
173812,0.11203184
173823,0.24676113
173834,0.5988175
173874,0.22660135
173891,0.4210196
173904,0.47584614
173909,0.2017182
173925,0.27021366
173941,0.3468813
173942,0.18489951
173944,0.47499394
173955,0.22764468
173959,0.5688978
174000,0.43222824
174004,0.3827158
174006,0.22922595
174008,0.43136585
174012,0.39560616
174017,0.38458887
174020,0.2777584
174044,0.23515761
174051,0.18222755
174052,0.33242923
174059,0.4659206
174060,0.22317342
174061,0.2792813
174063,0.44291106
174068,0.42559674
174069,0.3438132
174072,0.30342945
174074,0.2649508
174091,0.19738962
174092,0.51504266
174098,0.7401471
174105,0.45745048
174107,0.26409715
174110,0.13759439
174121,0.2993324
174126,0.21898238
174153,0.16905224
174156,0.4498469
174160,0.22725469
174173,0.17495829
174183,0.08281581
174185,0.18403685
174188,0.71413106
174198,0.18370797
174206,0.19519317
174207,0.18540148
174211,0.27582565
174239,0.53808284
174260,0.6926323
174261,0.27164668
174262,0.6330674
174264,0.07735016
174271,0.7085408
174275,0.8850347
174277,0.64141923
174286,0.13268863
174301,0.18548179
174312,0.6537474
174314,0.2251931
174322,0.38303718
174323,0.5430146
174325,0.7593511
174326,0.26243067
174327,0.28485504
174334,0.7337399
174360,0.2902053
174362,0.56868076
174367,0.21822236
174371,0.24331555
174372,0.23493016
174384,0.10070309
174390,0.59132516
174391,0.17417063
174396,0.14538744
174412,0.516623
174423,0.68465763
174428,0.6262112
174429,0.5696714
174438,0.4218503
174481,0.40800455
174483,0.5751902
174484,0.07072766
174485,0.6602935
174488,0.30772528
174497,0.089883834
174509,0.63187575
174513,0.36065504
174514,0.52019304
174520,0.3673292
174526,0.47741884
174532,0.1496201
174536,0.4255568
174537,0.3176629
174538,0.7507559
174539,0.7590703
174540,0.31454548
174549,0.12255352
174551,0.34478468
174563,0.60841364
174574,0.77317214
174575,0.67735475
174586,0.08633297
174590,0.30071563
174606,0.55831677
174607,0.5584299
174609,0.2883887
174610,0.5312376
174630,0.36631936
174631,0.16857482
174661,0.3749514
174665,0.16748871
174666,0.24252976
174677,0.28966507
174690,0.11594175
174700,0.17949429
174702,0.35608724
174703,0.27098957
174713,0.09774882
174721,0.37021402
174726,0.25405872
174729,0.47066697
174741,0.19386426
174742,0.6682057
174754,0.2545129
174757,0.18538111
174782,0.8741722
174795,0.67827857
174805,0.1728589
174806,0.2565358
174809,0.26065078
174810,0.39268306
174829,0.083263166
174830,0.5972206
174832,0.2255872
174836,0.5675327
174839,0.099994995
174843,0.5510222
174854,0.5211366
174861,0.4105535
174863,0.5072182
174867,0.3131548
174871,0.39663547
174887,0.25537062
174890,0.48668095
174897,0.11375684
174901,0.4960528
174903,0.07840554
174912,0.23361503
174913,0.52590567
174920,0.71615654
174922,0.8743263
174924,0.45606214
174925,0.29699385
174928,0.34530014
174938,0.57610196
174939,0.09572604
174943,0.29289225
174950,0.2653169
174954,0.20103289
174955,0.29785833
174957,0.29640806
174965,0.3504559
174966,0.38308504
174967,0.37371096
174977,0.56458104
174983,0.3185369
174986,0.49409193
174987,0.3916604
175012,0.645707
175015,0.45309374
175025,0.299365
175027,0.5543659
175029,0.22481017
175056,0.60846937
175075,0.29900587
175081,0.5447571
175097,0.5681251
175128,0.49351186
175129,0.18824446
175138,0.40212303
175169,0.43109232
175183,0.5317558
175211,0.18477601
175212,0.38606745
175215,0.26638955
175223,0.3929031
175225,0.23055637
175233,0.39202166
175250,0.26610622
175253,0.1857608
175257,0.12745358
175260,0.19858284
175261,0.2991613
175264,0.2069382
175284,0.6532422
175288,0.079883926
175295,0.20933354
175309,0.34927502
175310,0.22505791
175313,0.73062927
175334,0.23266897
175337,0.1471753
175346,0.14379752
175347,0.41182935
175349,0.20180167
175350,0.61054355
175351,0.27967557
175367,0.8164324
175369,0.319095
175371,0.65301377
175372,0.2263679
175392,0.80025065
175400,0.19463684
175402,0.1997127
175403,0.6153661
175407,0.58591294
175408,0.2622075
175414,0.32248372
175431,0.10475584
175435,0.30871543
175442,0.17511636
175454,0.31325796
175456,0.25879487
175457,0.35217714
175464,0.4080916
175465,0.2928762
175477,0.1388042
175488,0.38564655
175495,0.30814916
175499,0.5580295
175500,0.42253578
175515,0.51813865
175519,0.1516141
175520,0.32588235
175531,0.2518698
175534,0.17925598
175543,0.6249602
175566,0.13443439
175568,0.34434575
175573,0.39221576
175574,0.62678725
175576,0.33459482
175591,0.34866866
175593,0.38601977
175605,0.74296
175609,0.3051584
175617,0.07673103
175624,0.77347565
175629,0.19796649
175633,0.16228198
175645,0.7193695
175649,0.08710998
175650,0.27257246
175653,0.1696064
175659,0.09005036
175660,0.047602016
175661,0.3463654
175664,0.17405942
175665,0.3417537
175677,0.26185653
175682,0.64776754
175684,0.65528446
175687,0.33811572
175690,0.62538165
175706,0.27465385
175722,0.2672076
175724,0.28579348
175730,0.57547563
175731,0.07423419
175737,0.25320634
175743,0.67313576
175745,0.54112107
175758,0.6648586
175768,0.24493723
175769,0.45812762
175773,0.10007143
175775,0.6466565
175794,0.30530906
175798,0.57182753
175809,0.58831686
175818,0.42117137
175830,0.055257034
175835,0.08973293
175840,0.7684818
175864,0.25903857
175875,0.22462986
175890,0.13054314
175892,0.2317669
175914,0.30782628
175930,0.7674259
175935,0.30965692
175955,0.15376465
175958,0.27668002
175959,0.30356073
175960,0.432679
175964,0.17273861
175968,0.06926079
175986,0.67485636
175987,0.5978864
175997,0.28872126
175998,0.6468503
176003,0.3301969
176004,0.3489023
176021,0.33549038
176034,0.4862669
176035,0.4919984
176043,0.7228931
176045,0.3393982
176051,0.32014298
176052,0.23872781
176059,0.18165983
176067,0.39567083
176073,0.5503048
176076,0.23131385
176077,0.10409469
176085,0.20644765
176088,0.57082665
176095,0.38007307
176118,0.78806365
176129,0.5120584
176177,0.40515098
176183,0.23701647
176206,0.5878581
176218,0.1802582
176240,0.30834854
176253,0.11228251
176260,0.729313
176275,0.33572254
176285,0.39328113
176288,0.4544892
176289,0.6976264
176290,0.45308706
176297,0.30547917
176300,0.6511301
176301,0.5705425
176319,0.21095838
176322,0.2922446
176337,0.19353306
176346,0.50793964
176347,0.50384337
176352,0.47946236
176358,0.24625568
176359,0.6485267
176365,0.55469024
176371,0.17993861
176403,0.61659664
176419,0.5170025
176428,0.1794531
176429,0.6982356
176430,0.4141954
176432,0.49450776
176437,0.36086807
176440,0.23409256
176441,0.6782038
176450,0.37122655
176454,0.38390276
176459,0.29075828
176460,0.44105712
176467,0.27258462
176472,0.8415995
176482,0.5943657
176483,0.9555012
176486,0.3484575
176487,0.3336343
176494,0.26192388
176497,0.21836635
176500,0.48372778
176509,0.5591006
176511,0.4257285
176512,0.19544871
176522,0.34274414
176525,0.39106292
176526,0.7570435
176537,0.39355037
176538,0.6688921
176572,0.40575367
176573,0.30038342
176574,0.61260915
176579,0.44345117
176580,0.44060054
176592,0.8333989
176601,0.23860502
176603,0.39398512
176605,0.3661208
176606,0.12217372
176615,0.39065543
176620,0.34589574
176634,0.41721544
176635,0.1327446
176638,0.26305142
176639,0.3086988
176641,0.52619696
176661,0.3776125
176668,0.53137326
176669,0.550562
176683,0.6436081
176688,0.24638306
176700,0.63623893
176702,0.25981683
176705,0.22935846
176709,0.21065167
176710,0.6353999
176720,0.47442263
176726,0.09211216
176731,0.34377018
176732,0.43488255
176733,0.15370688
176734,0.3860336
176736,0.5842875
176741,0.29680347
176756,0.10499804
176785,0.23910035
176790,0.14800443
176793,0.13265225
176820,0.6177192
176827,0.33722916
176828,0.058360316
176839,0.5414148
176848,0.2012908
176850,0.3350214
176853,0.07512079
176866,0.09698245
176867,0.4249965
176875,0.27166033
176883,0.7355946
176888,0.59641093
176890,0.81475836
176898,0.60030794
176917,0.49536115
176925,0.41893035
176929,0.24044979
176934,0.57645124
176938,0.797743
176953,0.36776075
176957,0.75482136
176970,0.30588296
176997,0.23799625
177029,0.3537709
177030,0.20593607
177031,0.3675273
177032,0.39751473
177047,0.39571503
177048,0.16783117
177051,0.43157825
177055,0.18765481
177060,0.28846696
177064,0.82602453
177065,0.101848885
177069,0.55494344
177076,0.3685281
177085,0.22278862
177087,0.39468673
177105,0.44538745
177126,0.20833449
177133,0.3212086
177141,0.1491387
177146,0.53462857
177156,0.61535364
177179,0.22841716
177187,0.86754036
177192,0.7217955
177203,0.39614582
177228,0.53288865
177229,0.5156088
177249,0.32671884
177250,0.64593214
177253,0.44308367
177260,0.3019525
177262,0.3377321
177270,0.34301737
177275,0.5360441
177284,0.43806747
177285,0.61023384
177314,0.60174406
177319,0.72517276
177325,0.08927238
177327,0.41973698
177339,0.53099626
177344,0.69423
177378,0.33882177
177384,0.4267764
177385,0.22408448
177386,0.19196266
177387,0.3823898
177405,0.32657877
177423,0.56033844
177424,0.03564927
177425,0.25420666
177430,0.733216
177435,0.4055721
177447,0.3044677
177448,0.17138025
177449,0.23877506
177451,0.5339501
177460,0.71769714
177479,0.14775945
177489,0.23281252
177504,0.12151467
177505,0.45360166
177511,0.3385239
177524,0.382451
177526,0.19796526
177535,0.18002096
177558,0.42513227
177562,0.56378996
177569,0.1900742
177579,0.120124735
177580,0.3590855
177583,0.08879814
177584,0.63757706
177585,0.4096328
177605,0.646459
177606,0.29926446
177618,0.5341589
177639,0.79407567
177649,0.18225133
177656,0.27121478
177657,0.13607976
177661,0.5202682
177665,0.34850264
177669,0.17230026
177680,0.614271
177688,0.82060707
177689,0.2033796
177694,0.16517147
177696,0.6071285
177700,0.47782293
177705,0.50926965
177710,0.60246164
177720,0.2334561
177728,0.48966467
177729,0.60863656
177731,0.29448605
177733,0.4863693
177749,0.21861698
177751,0.36939678
177767,0.5044217
177776,0.36765662
177780,0.7249332
177783,0.08445594
177785,0.65089095
177791,0.26559904
177797,0.2601726
177798,0.3734192
177799,0.032784004
177802,0.33056697
177803,0.39475003
177805,0.07222198
177820,0.07768485
177824,0.30479777
177825,0.41061926
177829,0.27831852
177839,0.35460386
177861,0.19876154
177865,0.40548056
177867,0.0856021
177875,0.70666355
177876,0.82517314
177878,0.52945113
177883,0.41015697
177886,0.118266225
177891,0.6802558
177892,0.5109958
177902,0.2988046
177904,0.5960075
177931,0.55931455
177939,0.2724759
177944,0.6833214
177946,0.1535264
177959,0.5976882
177977,0.39230913
177992,0.4917108
177993,0.714655
178005,0.37136573
178008,0.17009594
178009,0.3122725
178012,0.86621493
178015,0.08218729
178018,0.35785398
178037,0.5059598
178050,0.066334344
178058,0.5715073
178060,0.17860223
178064,0.7827294
178074,0.21694273
178077,0.44928488
178094,0.281033
178095,0.5908868
178096,0.5013847
178107,0.3454767
178117,0.3049392
178146,0.19448878
178154,0.26875296
178160,0.36412805
178172,0.18566988
178174,0.7765659
178182,0.8608437
178184,0.6372981
178196,0.5613567
178223,0.44936928
178225,0.48216975
178226,0.4032202
178240,0.37058887
178242,0.31692332
178250,0.62737834
178268,0.3069924
178282,0.36023754
178285,0.6061758
178288,0.2811215
178290,0.05019184
178295,0.16792087
178312,0.19770001
178317,0.2703724
178342,0.58383954
178343,0.28126845
178344,0.52189344
178346,0.23427334
178353,0.7345099
178356,0.7470057
178358,0.2002431
178359,0.5069903
178362,0.8019386
178380,0.25162166
178387,0.27395442
178391,0.5593397
178395,0.6207427
178408,0.5300327
178415,0.10473596
178421,0.03797566
178424,0.74945426
178428,0.53790474
178432,0.34250104
178433,0.3750306
178436,0.3735834
178442,0.3262038
178453,0.28764266
178459,0.41289613
178467,0.52060765
178472,0.50487614
178491,0.24700713
178499,0.34511608
178504,0.3086967
178506,0.506339
178509,0.30976322
178517,0.21309471
178525,0.4983918
178530,0.6075199
178531,0.69856906
178537,0.31593117
178553,0.3405554
178557,0.24866499
178565,0.45106784
178566,0.28119618
178579,0.1562472
178586,0.62833333
178589,0.41343388
178592,0.37017658
178610,0.07677746
178620,0.42289898
178621,0.108401045
178622,0.61379874
178643,0.23645404
178665,0.2670077
178671,0.2787481
178675,0.22116731
178692,0.44728193
178722,0.29496565
178723,0.30893698
178726,0.28124467
178731,0.7195222
178737,0.36062607
178739,0.372424
178745,0.094594136
178766,0.24690264
178771,0.5818133
178775,0.38653255
178785,0.43306807
178789,0.58762294
178790,0.33255398
178792,0.5820383
178804,0.18953952
178817,0.18394673
178821,0.31806052
178825,0.44596848
178830,0.41892534
178831,0.59583855
178832,0.4558255
178847,0.30421224
178853,0.43200958
178856,0.57020134
178867,0.24182574
178868,0.1903046
178881,0.2745155
178887,0.31052926
178888,0.78525585
178908,0.30348495
178909,0.41259712
178942,0.51248115
178943,0.83707684
178946,0.24972065
178947,0.7287965
178950,0.7261625
178958,0.5692562
178976,0.09297875
178986,0.16893263
178989,0.093089506
178995,0.67521375
178996,0.5970351
179006,0.50419235
179025,0.25043443
179034,0.3674599
179038,0.65534216
179043,0.16532153
179050,0.2876162
179051,0.5762726
179076,0.7362469
179077,0.19764267
179091,0.3494304
179092,0.49886662
179111,0.3995961
179128,0.45946032
179132,0.65916526
179137,0.34308282
179138,0.49078035
179146,0.47110236
179148,0.4458216
179149,0.2783437
179150,0.26599315
179155,0.27820268
179164,0.26271388
179177,0.10782672
179178,0.28302595
179182,0.6266957
179184,0.1375308
179186,0.74791443
179191,0.74244124
179194,0.45902884
179201,0.32868293
179210,0.08999811
179211,0.38325223
179212,0.5587857
179216,0.6411568
179229,0.1966455
179235,0.3666435
179236,0.38121206
179241,0.36199167
179244,0.5376707
179249,0.5093388
179256,0.8117396
179260,0.46751446
179262,0.6722351
179264,0.4871929
179268,0.30243084
179272,0.2172089
179280,0.23121032
179287,0.275809
179288,0.12752071
179290,0.11731313
179295,0.2001788
179298,0.49430844
179306,0.2421293
179307,0.16469912
179310,0.8725055
179314,0.14589
179317,0.3430076
179319,0.40593374
179327,0.12975268
179336,0.53015286
179342,0.1649179
179344,0.74316835
179347,0.13726118
179357,0.31577215
179368,0.5110526
179413,0.25424972
179425,0.18721744
179435,0.5196881
179447,0.3492265
179449,0.07977545
179458,0.1513151
179460,0.4207974
179475,0.399643
179486,0.54047096
179493,0.2130267
179499,0.29075667
179501,0.28159615
179508,0.33302554
179511,0.18557557
179513,0.39786637
179519,0.3804314
179537,0.34379396
179550,0.1443538
179559,0.39185944
179560,0.23450185
179578,0.6505406
179583,0.17246135
179590,0.13117869
179597,0.06977824
179599,0.29610366
179602,0.6801119
179609,0.11220154
179621,0.5673748
179624,0.60903996
179625,0.12633462
179630,0.16954862
179640,0.21265924
179641,0.077223346
179644,0.15772076
179649,0.35492864
179650,0.6486687
179652,0.5575017
179653,0.49521574
179660,0.6402753
179662,0.23930104
179673,0.4534757
179678,0.39713907
179679,0.50332886
179686,0.17094702
179721,0.10527374
179733,0.4839185
179736,0.5819599
179737,0.257698
179748,0.5002873
179750,0.7614349
179751,0.39323282
179752,0.59994805
179753,0.30924338
179765,0.19142145
179768,0.36975527
179798,0.124446794
179827,0.28698888
179837,0.08547173
179838,0.44285187
179851,0.58305675
179868,0.72666556
179875,0.33723894
179876,0.23853488
179882,0.47376424
179883,0.29654843
179894,0.2017525
179905,0.39989668
179907,0.58743024
179919,0.24564794
179926,0.29977953
179936,0.17688635
179941,0.45134267
179945,0.37130478
179951,0.55292135
179960,0.3302578
179967,0.2069485
179980,0.7130889
179985,0.76368445
179997,0.33481342
180001,0.58759516
180007,0.19106776
180011,0.7889037
180017,0.3074628
180027,0.3192393
180033,0.33397868
180036,0.8644991
180037,0.30569687
180041,0.79492116
180042,0.73325986
180050,0.7658905
180059,0.18835779
180066,0.19609866
180067,0.48150253
180085,0.3199856
180092,0.31640285
180099,0.33173108
180101,0.71287906
180115,0.40288985
180122,0.48805633
180126,0.32453597
180127,0.23846053
180140,0.44395763
180141,0.13097998
180158,0.28264233
180163,0.6756306
180178,0.26822123
180189,0.27358168
180198,0.4318208
180201,0.68305963
180202,0.5330625
180209,0.65133697
180239,0.4431341
180244,0.24724519
180270,0.07972579
180271,0.29401702
180286,0.16766833
180287,0.26522824
180291,0.31309626
180293,0.28858295
180296,0.6078612
180297,0.41277003
180305,0.24657732
180318,0.21009587
180319,0.39241022
180322,0.24518831
180323,0.32486346
180331,0.31134364
180365,0.078728124
180368,0.7641627
180369,0.24080916
180382,0.37976372
180387,0.3235559
180388,0.8411035
180389,0.29171556
180398,0.15666485
180399,0.10170723
180402,0.5000017
180406,0.39378366
180407,0.2298514
180408,0.4787122
180413,0.21580291
180416,0.2323537
180420,0.24438845
180429,0.8550697
180430,0.9370895
180431,0.21283221
180438,0.12225155
180441,0.2564359
180448,0.58148605
180453,0.1081087
180478,0.75914687
180480,0.47450164
180510,0.2083905
180524,0.5662997
180534,0.14338827
180537,0.8835081
180545,0.17497985
180550,0.5354274
180559,0.11820933
180583,0.3349033
180587,0.048992902
180594,0.36785343
180597,0.6374473
180598,0.7250431
180599,0.56215876
180601,0.62577224
180624,0.7584869
180625,0.8425593
180634,0.19532923
180647,0.22930826
180652,0.3021683
180656,0.72269905
180664,0.36319414
180666,0.69933426
180674,0.41171473
180679,0.46964934
180685,0.29385042
180692,0.6443191
180698,0.38189828
180699,0.21465972
180700,0.1404207
180702,0.30332294
180710,0.3379979
180736,0.41913885
180739,0.50720066
180741,0.49864843
180743,0.6578985
180747,0.14716105
180754,0.5886522
180755,0.24732707
180756,0.07399697
180768,0.34450397
180773,0.24423137
180775,0.42686686
180784,0.65108407
180787,0.33967146
180795,0.15141743
180796,0.49431187
180799,0.20118368
180811,0.49268672
180813,0.44189307
180827,0.28017688
180828,0.2038518
180833,0.41503814
180834,0.27026293
180847,0.26360163
180852,0.5379083
180853,0.27142683
180854,0.29469317
180855,0.53517425
180856,0.5069871
180858,0.23707338
180859,0.6895782
180867,0.2645168
180868,0.26877952
180872,0.4469838
180873,0.5271608
180874,0.8435761
180875,0.5219044
180878,0.2634825
180888,0.22559424
180889,0.18605101
180891,0.053458836
180902,0.1942377
180907,0.71777284
180913,0.26400116
180916,0.34625095
180954,0.21803398
180962,0.21918784
180963,0.10967916
180967,0.5960335
180971,0.72847617
180975,0.35924828
180985,0.4972218
180991,0.31397444
181009,0.37810174
181012,0.096911006
181015,0.5085493
181034,0.58476627
181064,0.6434959
181071,0.28212124
181083,0.47057578
181084,0.10901658
181085,0.26961577
181088,0.4395203
181098,0.6738143
181110,0.8134373
181111,0.573121
181112,0.07277782
181114,0.48753753
181117,0.7648095
181157,0.17722529
181160,0.4816328
181161,0.3845244
181165,0.42656162
181179,0.88975495
181186,0.5252981
181196,0.4823276
181197,0.84274113
181204,0.30581322
181213,0.26350695
181214,0.8663605
181221,0.24350758
181224,0.31790867
181226,0.36903626
181236,0.60711133
181256,0.7362059
181257,0.19743876
181279,0.35095426
181282,0.31181043
181285,0.36386728
181288,0.3678892
181289,0.6239167
181290,0.16710411
181298,0.14072265
181299,0.32797247
181307,0.32218903
181312,0.7345424
181318,0.51131606
181322,0.49243143
181338,0.39876524
181340,0.3827097
181342,0.028380597
181344,0.38397014
181350,0.35118252
181373,0.5748253
181374,0.6140188
181375,0.2406115
181379,0.63628066
181381,0.25350088
181385,0.52695656
181388,0.20174372
181392,0.44506338
181393,0.44542825
181425,0.07210978
181465,0.23968196
181481,0.51405925
181484,0.39528635
181494,0.1434723
181501,0.30156472
181507,0.24363092
181521,0.3453676
181524,0.2120169
181538,0.6614461
181540,0.2417929
181547,0.6138659
181551,0.21637617
181555,0.53432596
191506,0.6738892
181561,0.45915875
181564,0.3674264
181567,0.5221716
181599,0.22243978
181602,0.69352007
181612,0.3736189
181613,0.27672887
181615,0.38946107
181621,0.19945334
181622,0.5493186
181629,0.556111
181630,0.18652214
181633,0.44723785
181635,0.6116844
181641,0.23174958
181643,0.80354613
181644,0.75245076
181649,0.28092512
181659,0.35514143
181660,0.14301112
181665,0.7382403
181666,0.4355257
181672,0.40824744
181682,0.5901308
181693,0.68111897
181697,0.46992603
181703,0.20489146
181704,0.3527033
181720,0.28095514
181722,0.33914185
181732,0.319335
181733,0.35788217
181736,0.18333289
181737,0.27460554
181747,0.29561454
181758,0.82484615
181764,0.23040766
181770,0.50926566
181774,0.71327436
181783,0.49678957
181788,0.12768222
181789,0.4447173
181804,0.36674204
181809,0.292806
181821,0.5446659
181836,0.14041975
181863,0.2974473
181867,0.36079583
181868,0.4449192
181871,0.35230643
181904,0.8106955
181931,0.35082754
181932,0.43037602
181941,0.33140182
181944,0.59881824
181958,0.5409624
181971,0.2366627
181986,0.2967365
182002,0.3446869
182007,0.37938625
182012,0.27513152
182022,0.22955042
182031,0.4911816
182050,0.55211234
182053,0.29934034
182071,0.5293089
182072,0.52711284
182073,0.37543154
182102,0.24594727
182106,0.30001476
182116,0.24170762
182117,0.527262
182118,0.19647938
182124,0.6790331
182125,0.52757996
182145,0.37975022
182150,0.5972464
182154,0.24697638
182167,0.18660517
182179,0.71628195
182181,0.14443092
182183,0.31504482
182218,0.13448998
182225,0.24340467
182226,0.601178
182266,0.6311874
182272,0.43333876
182275,0.45281246
182295,0.67571425
182305,0.12841211
182312,0.344549
182313,0.12146213
182327,0.07894185
182337,0.3420711
182340,0.07736772
182341,0.250769
182342,0.25888258
182345,0.3589732
182353,0.17001571
182355,0.104361944
182371,0.3008863
182376,0.16645582
182381,0.16122402
182382,0.13970461
182384,0.30527788
182387,0.679677
182412,0.24400872
182419,0.60236824
182432,0.5055073
182438,0.3915012
182448,0.89064884
182450,0.5311246
182465,0.1149407
182468,0.17760709
182474,0.36464208
182483,0.33992672
182484,0.53696793
182485,0.27704185
182486,0.41087958
182489,0.54707325
182500,0.19738021
182501,0.32499817
182504,0.7470359
182514,0.19672972
182524,0.30321336
182525,0.42348212
182533,0.14343637
182536,0.3557772
182539,0.2852929
182550,0.1761407
182553,0.45471185
182568,0.3475447
182571,0.15190734
182573,0.33666918
182580,0.39870766
182615,0.50849205
182618,0.1807235
182624,0.1830541
182644,0.35819703
182686,0.79386026
182687,0.50354886
182695,0.85410076
182718,0.6041823
182726,0.4065237
182735,0.28889513
182742,0.3863599
182747,0.23270682
182748,0.26173517
182752,0.38531265
182761,0.6411865
182800,0.08684061
182802,0.4982276
182807,0.63987446
182816,0.5230597
182818,0.27906448
182826,0.40206513
182836,0.11367284
182840,0.7376306
182841,0.5931154
182846,0.24904823
182862,0.40648153
182864,0.47028142
182871,0.6382852
182878,0.47066396
182880,0.5590064
182885,0.10892484
182893,0.2699355
182894,0.60858274
182895,0.23043697
182901,0.60681075
182907,0.6400631
203460,0.8235681
182921,0.52009237
182952,0.30013478
182964,0.6963639
182966,0.7928341
182980,0.06384077
182985,0.8499344
182989,0.59349877
182994,0.44395354
183035,0.78458935
183037,0.863886
183042,0.17786777
183049,0.3269749
183050,0.09510436
183051,0.11179161
183062,0.13019589
183063,0.16049047
183064,0.23041806
183076,0.34598982
183078,0.74954593
183086,0.24467973
183089,0.34958306
183091,0.3585919
183097,0.14580797
183104,0.10462641
183118,0.6126339
183119,0.6500542
183134,0.5779544
183142,0.6542591
203462,0.50121784
183157,0.34093732
183162,0.35488516
183180,0.24848802
183193,0.54009116
183213,0.3768559
183216,0.7875824
183223,0.23438546
183226,0.22843117
183264,0.21240017
183273,0.66637844
183278,0.17584147
183282,0.29995686
183283,0.55089295
183286,0.22390305
183288,0.35963053
183299,0.29992765
183310,0.28331208
183315,0.48489097
183332,0.23836035
183336,0.34358975
183341,0.21679208
183342,0.16650666
183345,0.12845139
183347,0.44383803
183360,0.40556258
183362,0.12601203
183370,0.35496193
183379,0.122264065
183386,0.42552295
183410,0.52318954
183417,0.26272592
183419,0.19409081
183421,0.2815344
183425,0.8454424
183427,0.4310021
183433,0.6046675
183434,0.47300726
183438,0.12606679
183439,0.30384523
183440,0.4653746
183450,0.38996243
183451,0.71453965
183453,0.10753562
183454,0.30747998
183455,0.62367433
183457,0.24411084
183463,0.77698964
183475,0.22507344
183478,0.54363006
183480,0.42950624
183490,0.1385183
183494,0.6716022
183503,0.41220015
183512,0.7004117
183517,0.45014274
183530,0.626448
183532,0.19324327
183533,0.121741176
183536,0.13423127
183545,0.27076843
183549,0.19823128
183550,0.4118486
183551,0.6843187
183555,0.47638422
183560,0.3530145
183585,0.1886529
183591,0.24520345
183592,0.103309266
183603,0.857037
183610,0.36964226
183628,0.6970852
183644,0.26922697
183646,0.78662527
183649,0.15924318
183656,0.5408796
183658,0.86377937
183688,0.04826582
183690,0.26143292
183691,0.3139663
183697,0.6019837
183709,0.41475576
183711,0.5770422
183714,0.58497864
183725,0.3025741
183736,0.38825822
183742,0.08112343
183772,0.47549626
183776,0.3986646
183787,0.27403134
183792,0.64638126
183793,0.7005824
183799,0.76608574
183816,0.27878818
183818,0.6341957
183832,0.058553137
183836,0.1622064
183839,0.24046169
183840,0.3363542
183855,0.14292264
183857,0.46322224
183863,0.5832143
183866,0.33736724
183876,0.41558623
183878,0.7911351
183897,0.18893202
183902,0.33789706
183915,0.21245314
183925,0.7845979
183936,0.16751641
183939,0.35247213
183951,0.1759356
183956,0.33762076
183957,0.253509
183974,0.18896154
183982,0.39180776
183994,0.14611469
184008,0.26893327
184013,0.7177336
184016,0.217623
184019,0.2035028
184024,0.27554443
184025,0.4121009
184038,0.12462194
184045,0.208855
184056,0.3141099
184060,0.41489232
184071,0.25877428
184073,0.26881248
184074,0.2597073
184077,0.16004777
184105,0.49477375
184106,0.40972412
184133,0.6173746
184154,0.8162594
184163,0.13843712
184165,0.69359076
184193,0.64466316
184194,0.28967047
184195,0.08638832
184202,0.6480083
184226,0.9233303
184230,0.25194138
184231,0.72592634
184234,0.4844656
184238,0.059080523
184248,0.2188996
184257,0.2339414
184268,0.23228674
184282,0.1515464
184291,0.35907388
184294,0.2030841
184295,0.8380618
184304,0.23467027
184309,0.16988559
184318,0.40477085
184325,0.29232937
184329,0.08276901
184330,0.1307516
184333,0.6437179
184337,0.08410682
184338,0.5876018
184340,0.17442897
184341,0.4197781
184347,0.5569855
184354,0.38245845
184355,0.2899095
184372,0.18625824
184384,0.35002404
184385,0.15465389
184386,0.18659976
184389,0.63753325
184401,0.09739086
184405,0.37562287
184431,0.76693904
184450,0.14491113
184453,0.8539123
184470,0.34321702
184471,0.24853046
184486,0.5007964
184488,0.22910655
184489,0.20106803
184497,0.49216488
184508,0.32810417
184509,0.37208715
184516,0.29025468
184525,0.3919177
184526,0.1765556
184531,0.29096916
184557,0.2994784
184576,0.21853077
184589,0.15689048
184605,0.113304324
184613,0.5883393
184630,0.36031067
184635,0.31426492
184636,0.19672976
184643,0.11588457
184645,0.47907627
184653,0.3801894
184655,0.48169175
184656,0.4627648
184660,0.4856802
184716,0.55929446
184736,0.09475702
184792,0.40050143
184812,0.21380395
184820,0.29967955
184829,0.17945951
184831,0.47022042
184832,0.42349014
184834,0.26005706
184847,0.5163337
184848,0.5747703
184858,0.13974607
184866,0.32201028
184869,0.4976378
184870,0.62107503
184873,0.11008573
184874,0.18245974
184876,0.6490901
184879,0.67674685
184880,0.16697419
184885,0.30457452
184896,0.24496125
184916,0.78870535
184918,0.39779308
184919,0.4737681
184921,0.46739066
184936,0.21055384
184944,0.765219
184956,0.50383055
184963,0.40999153
184964,0.14303367
184965,0.51721245
184972,0.4588201
184977,0.471879
184982,0.16314897
184988,0.6815325
184992,0.48705247
184994,0.14118184
184998,0.6250792
185017,0.16486599
185024,0.287857
185032,0.29835585
185037,0.34519213
185040,0.07629485
185043,0.42982873
185048,0.22367832
185059,0.40543643
185076,0.6344255
185083,0.10625057
185090,0.5925308
185099,0.25797123
185101,0.17570013
185106,0.41120625
185121,0.646126
185125,0.6973417
185126,0.66806686
185127,0.4696034
185153,0.5156331
185167,0.5094647
185171,0.6513198
185178,0.40154526
185180,0.46856424
185181,0.17997468
185183,0.5869156
185186,0.6689077
185187,0.61238974
185188,0.1441726
185189,0.36834934
185194,0.70366484
185207,0.44045758
185209,0.30811864
185210,0.31763634
185212,0.09482623
185220,0.6998395
185221,0.4661127
185230,0.60648847
185231,0.35169148
185245,0.16896364
185249,0.5591111
185262,0.12911181
185285,0.70218456
185286,0.4206923
185288,0.34617168
185296,0.18152879
185298,0.8990935
185299,0.10093168
185308,0.27854067
185311,0.30683294
185313,0.40057135
185314,0.53744864
185332,0.5603159
185337,0.24025142
185338,0.25020394
185339,0.44193208
185341,0.4714003
185342,0.483953
185344,0.27333063
185349,0.5175512
185362,0.28528196
185363,0.4206065
185394,0.09139424
185410,0.49792403
185418,0.19848804
185423,0.48234454
185428,0.45658505
185442,0.7481879
185447,0.31659666
185450,0.14663573
185454,0.093378
185475,0.6633227
185481,0.46266097
185483,0.22562899
185485,0.4963688
185496,0.14362846
185504,0.2335667
185505,0.034577224
185512,0.37818918
185515,0.16076757
185534,0.37163654
185536,0.31744802
185538,0.28131086
185552,0.15395881
185569,0.5128518
185576,0.16431479
185578,0.41243353
185581,0.620212
185584,0.2337977
185585,0.24385755
185586,0.49922812
185592,0.38527226
185604,0.18666439
185606,0.10722572
185607,0.40683985
185618,0.6445429
185622,0.37005642
185628,0.6387697
185629,0.26156098
185634,0.26320893
185637,0.671632
185638,0.1549674
185640,0.7148838
185641,0.09293119
185645,0.17936157
185646,0.63244253
185647,0.19313927
185662,0.27791467
185669,0.5961803
185675,0.13131975
185687,0.27897146
185688,0.3495801
185689,0.3372
185690,0.43859825
185697,0.4015897
185710,0.5570201
185733,0.20943964
185740,0.37648174
185806,0.44921276
185812,0.76009387
185824,0.34893826
185825,0.3244422
185826,0.61355305
185827,0.7695386
185828,0.18131188
185837,0.3103731
185859,0.4726527
185861,0.2584556
185872,0.13597193
185874,0.34636396
185891,0.54942983
185893,0.4047159
185897,0.32798016
185900,0.27030098
185910,0.47351682
185919,0.070869125
185932,0.24112271
185937,0.38778397
185939,0.15093894
185965,0.36167228
185968,0.3588303
185971,0.09287267
185978,0.6395686
185980,0.3130175
185981,0.24569911
185982,0.3815441
185991,0.26434758
185997,0.15736298
185998,0.40862456
186014,0.18828651
186021,0.2569006
186025,0.5285935
186034,0.3566013
186054,0.31745026
186061,0.34450147
186065,0.46855438
186066,0.4313355
186070,0.4704845
186080,0.28275183
186085,0.22751127
186094,0.79071814
186110,0.6323926
186113,0.12247705
186116,0.28391588
186127,0.059919216
186129,0.65785617
186135,0.25614363
186139,0.8668491
186151,0.21395868
186153,0.4476132
186156,0.08649595
186158,0.13462757
186159,0.13173983
186166,0.560698
186168,0.28021654
186169,0.63559663
186170,0.1291065
186179,0.090436175
186188,0.30512273
186210,0.16906588
186227,0.20161633
186229,0.49225464
186230,0.46112245
186249,0.15624867
186254,0.25848937
186264,0.15776998
186265,0.4753353
186273,0.12141506
186276,0.34133863
186289,0.3792378
186296,0.66868335
186308,0.12877813
186309,0.23519796
186310,0.29483888
186316,0.17646475
186321,0.20592798
186333,0.4611861
186346,0.44516644
186391,0.41616485
186398,0.6299395
186407,0.1758194
186411,0.29576027
186415,0.37746623
186426,0.42736876
186444,0.1465398
186448,0.5973591
186453,0.67358863
186456,0.03149095
186460,0.12090551
186461,0.3078451
186473,0.5356661
186489,0.6686267
186490,0.6244887
186491,0.36806273
186492,0.19250008
186493,0.5280135
186503,0.43066463
186505,0.6707339
186506,0.16099231
186508,0.13536301
186524,0.6282512
186526,0.31744254
186536,0.13661338
186539,0.43171275
186543,0.24813674
186558,0.6523409
186568,0.6756038
186573,0.53151065
186587,0.5983627
186599,0.30678615
186609,0.8555112
186610,0.16775888
186612,0.303028
186632,0.6961634
186634,0.3138411
186649,0.32278052
186652,0.5959457
186660,0.4701889
186668,0.7137062
186674,0.5018537
186675,0.30086327
186679,0.23514387
186682,0.3419721
186683,0.11484174
186695,0.8556639
186696,0.22253574
186704,0.3683355
186709,0.641666
186714,0.4940395
186723,0.090476915
186726,0.84622216
186728,0.6390595
186729,0.20334087
186731,0.52422976
186737,0.6016792
186742,0.19773652
186743,0.13067602
186745,0.54889643
186747,0.2295744
186750,0.5217211
186769,0.312533
186771,0.7639161
186787,0.41317412
186796,0.5363371
186802,0.7141157
186811,0.27471513
186812,0.27950835
186815,0.3235785
186840,0.3309255
186842,0.8360453
186853,0.48683482
186859,0.4848569
186878,0.28194392
186885,0.29095674
186890,0.20618632
186906,0.75998557
186916,0.24878652
186927,0.22747001
186928,0.303252
186931,0.47022235
186934,0.29551634
186938,0.62270314
186943,0.6913563
186944,0.54036057
186945,0.6126886
186947,0.40775967
186952,0.43211633
186953,0.11354136
186960,0.67105633
186962,0.42180377
186991,0.2681245
187001,0.8789042
187017,0.27024484
187019,0.5757212
187024,0.19742407
187035,0.07652256
187037,0.3992202
187056,0.0982021
187057,0.18608657
187058,0.75658804
187065,0.55830246
187066,0.6925897
187069,0.23999344
187070,0.42091218
187074,0.16372243
187085,0.24647668
187087,0.21958964
187100,0.36596325
187117,0.39490613
187158,0.6363287
187159,0.21628168
187162,0.42363396
187164,0.21858804
187167,0.3070891
187168,0.2570995
187171,0.33211455
187184,0.59606785
187194,0.6670631
187208,0.5714061
187211,0.7073965
187220,0.25290853
187224,0.4064823
187242,0.52514625
187259,0.13951793
187260,0.37634882
187267,0.6867267
187280,0.7977223
187287,0.09083063
187291,0.26620194
187296,0.29069123
187301,0.36157936
187315,0.65889364
187319,0.22360203
187326,0.72198564
187328,0.588779
187329,0.4645688
187330,0.44178787
187335,0.23281237
187339,0.24002658
187340,0.5590302
187353,0.40119112
187356,0.2539341
187367,0.7563105
187383,0.30127245
187388,0.34573334
187401,0.25316545
187415,0.23056263
187422,0.3222427
187439,0.56346136
187440,0.40715936
187442,0.829384
187447,0.059851415
187448,0.3575852
187451,0.32744312
187468,0.26508096
187475,0.42105475
187477,0.65719473
187480,0.35924312
187498,0.5430735
187499,0.24211073
187516,0.03493155
187524,0.09523504
187534,0.26281786
187552,0.1626687
187577,0.58554065
187584,0.18643607
187585,0.16744795
187603,0.3969488
187608,0.1650945
187625,0.16281223
187637,0.40266395
187639,0.64857674
187641,0.29323736
187652,0.4084509
187684,0.25063044
187689,0.38411775
187698,0.45114177
187708,0.20890832
187716,0.22450572
187717,0.33028296
187719,0.39959377
187720,0.7738149
187743,0.62153727
187749,0.62972957
187762,0.28123018
187763,0.34961727
187772,0.56393355
187786,0.13097806
187787,0.20014414
187809,0.48189375
187826,0.4347852
187828,0.2556943
187829,0.38872454
187833,0.20744953
187847,0.4803499
187852,0.23160706
187862,0.40156963
187867,0.53585374
187868,0.51194954
187870,0.50240666
187871,0.16778317
187879,0.7429638
187894,0.46341446
187895,0.41301513
187899,0.25349233
187903,0.785379
187915,0.24854493
187919,0.6149076
187941,0.20905076
187942,0.5278004
187944,0.26706156
187947,0.4916475
187949,0.74338424
187950,0.11566119
187952,0.61495954
187964,0.7631064
187967,0.16033308
187977,0.2885065
187983,0.32949376
187987,0.14586519
187988,0.40380898
187990,0.27614707
187991,0.54923826
187998,0.65541184
188014,0.5240296
188017,0.40051812
188021,0.62238836
188032,0.08109169
188039,0.3715922
188040,0.2732656
188044,0.38244435
188045,0.1950139
188054,0.38370275
188069,0.26790914
188070,0.67212045
188081,0.34372267
188092,0.7436069
188106,0.3908327
188108,0.29448912
188117,0.13661699
188120,0.29316425
188130,0.3727819
188133,0.6601315
188136,0.17912059
188151,0.16347949
188153,0.3861141
188158,0.13311072
188171,0.22987251
188175,0.33028844
188192,0.35894838
188194,0.49165502
188198,0.6524162
188199,0.50435644
188228,0.6621815
188232,0.36526868
188233,0.3407345
188234,0.11590404
188245,0.17549773
188248,0.2737824
188254,0.44788483
188261,0.17027317
188262,0.2467694
188267,0.19851972
188276,0.11102679
188281,0.85798365
188282,0.386819
188295,0.16787797
188309,0.15864192
188313,0.618059
188324,0.2416037
188327,0.39843506
188328,0.31251812
188329,0.42505223
188336,0.3597422
188337,0.4033806
188350,0.31172806
188389,0.6766947
188399,0.060269862
188413,0.28538656
188415,0.30407658
188421,0.22091097
188438,0.36710006
188449,0.8729991
188466,0.30742797
188470,0.08931426
188486,0.2876253
188492,0.1471099
188507,0.33613825
188511,0.14352763
188521,0.61693054
188540,0.73838043
188542,0.35504857
188551,0.82629454
188557,0.32811907
188558,0.2679173
188561,0.58212626
188563,0.6683885
188565,0.38196915
188577,0.20138943
188586,0.41900912
188591,0.32008177
188594,0.34853023
188614,0.4369745
188622,0.38448587
188626,0.2579928
188632,0.6982753
188635,0.4513958
188639,0.38708574
188645,0.60634
188646,0.74205303
188647,0.46813953
188653,0.1949794
188659,0.2616488
188677,0.69957745
188694,0.3030816
188695,0.11487231
188696,0.0795538
188707,0.22706729
188714,0.1884305
188715,0.5268637
188722,0.75365674
188724,0.41765594
188729,0.20937681
188734,0.25486228
188739,0.854974
188746,0.3766106
188747,0.23056065
188768,0.24012323
188770,0.47290412
188772,0.33142805
188787,0.05514484
188792,0.37178755
188793,0.20736021
188808,0.18680115
188828,0.56500113
188848,0.39439484
188851,0.30444402
188856,0.5803737
188862,0.53293896
188875,0.7883242
188876,0.8333216
188878,0.38498947
188880,0.06616699
188890,0.49440166
188900,0.26869094
188914,0.34945548
188928,0.6187235
188936,0.098744385
188946,0.1760665
188947,0.19632524
188948,0.46450052
188949,0.110446244
188950,0.1897932
188980,0.08367051
188982,0.76077527
188988,0.80299044
188990,0.35835674
188992,0.260819
188993,0.14068389
188994,0.32779145
188997,0.23492865
188998,0.77722585
189009,0.26623043
189018,0.34585088
189022,0.26696476
189034,0.14789969
189045,0.11450061
189059,0.5711775
189062,0.2858509
189075,0.7376887
189086,0.07678456
189087,0.34269518
189107,0.39087656
189113,0.22915411
189144,0.315582
189148,0.38810277
189199,0.3344908
189201,0.38202652
189202,0.047429655
189207,0.65233546
189213,0.463965
189214,0.5359881
189224,0.22867107
189230,0.27102968
189251,0.30709523
189252,0.37253985
189255,0.14057042
189256,0.12714992
189257,0.31542212
189260,0.12022452
189261,0.63463676
189262,0.16948806
189263,0.14285113
189272,0.2808773
189282,0.13799807
189284,0.7625021
189294,0.33694926
189304,0.45815527
189314,0.6229716
189317,0.6607786
189333,0.15598689
189337,0.4190547
189347,0.12706988
189355,0.105628476
189357,0.38354605
189366,0.5243871
189374,0.43878934
189379,0.28038126
189388,0.41973227
189397,0.2923855
189418,0.5510573
189453,0.2582645
189458,0.35130623
189460,0.45745715
189481,0.22822359
189482,0.523556
189483,0.5430113
189490,0.53713715
189491,0.06629436
189492,0.54235154
189511,0.5112135
189512,0.23029137
189518,0.4187992
189519,0.7257066
189531,0.32018533
189541,0.81385934
189550,0.35630408
189551,0.7193767
189559,0.70144904
189564,0.18959293
189573,0.4935071
189585,0.28205365
189587,0.6898089
189605,0.32090926
189612,0.20998806
189633,0.20337093
189640,0.19862008
189641,0.5514383
189643,0.24468522
189650,0.5857598
189652,0.46057996
189656,0.48070478
189661,0.3769043
189663,0.57869816
189684,0.37004617
189688,0.24798112
189711,0.5024644
189729,0.5761247
189747,0.50191784
189761,0.49872747
189773,0.493813
189774,0.1573661
189779,0.46907002
189780,0.34145483
189796,0.13493954
189799,0.6936937
189800,0.38659295
189807,0.38095957
189808,0.25748643
189826,0.4032289
189836,0.2824808
189843,0.30229142
189845,0.45203787
189852,0.67846644
189853,0.6006396
189855,0.24684632
189866,0.21913859
189886,0.29345566
189888,0.23320128
189902,0.43772173
189907,0.8045249
189910,0.23287731
189922,0.20329641
189924,0.42505577
189933,0.39112377
189935,0.18468885
189939,0.24146722
189951,0.86109644
189965,0.25192407
189966,0.31154642
189977,0.4326203
189989,0.3792631
189990,0.44125843
190002,0.26963863
190006,0.83535296
190008,0.2783668
190009,0.58538765
190021,0.268297
190058,0.4243965
190061,0.5355525
190069,0.40871575
190072,0.60344875
190078,0.37492594
190109,0.64294386
190112,0.7772851
190117,0.41160068
190132,0.07735033
190133,0.24226668
190153,0.5137362
190164,0.11248803
190167,0.0571936
190169,0.7422708
190179,0.7875595
190184,0.42874873
190188,0.14466268
190199,0.27446082
190200,0.71769744
190201,0.11280277
190227,0.42534348
190229,0.16192034
190245,0.24260968
190272,0.52707374
190274,0.27122068
190281,0.461461
190282,0.52837545
190290,0.6988614
190299,0.6623267
190301,0.50014585
190304,0.6201193
190306,0.11620172
190311,0.5499041
190341,0.3037346
190354,0.13019265
190364,0.15648974
190368,0.59058076
190375,0.58105963
190383,0.4594644
190384,0.3525399
190387,0.26780343
190388,0.7757976
190392,0.60896873
190394,0.58341223
190405,0.74149936
190406,0.6314373
190412,0.19368422
190413,0.7041207
190431,0.20582074
190452,0.154941
190454,0.34344587
190461,0.6615046
190475,0.19241403
190489,0.67312723
190507,0.4722974
190513,0.1482747
190515,0.8567824
190516,0.17214052
190522,0.19294265
190523,0.7313204
190526,0.58176506
190533,0.094683856
190537,0.47590938
190542,0.19891666
190545,0.55458903
190548,0.13513513
190555,0.61538965
190561,0.22738329
190562,0.16512492
190566,0.0893547
190581,0.3328949
190590,0.146738
190591,0.67795354
190593,0.32005152
190612,0.39575976
190617,0.31020898
190618,0.3199856
190619,0.612308
190643,0.6909152
190647,0.42021957
190663,0.29307166
190664,0.13073742
190678,0.2513505
190691,0.09503076
190697,0.19269413
190698,0.21213481
190701,0.8180712
190702,0.73377675
190713,0.2751623
190739,0.3262533
190744,0.55015635
190756,0.39391592
190767,0.6472045
190777,0.29863974
190808,0.1967946
190825,0.25950968
190830,0.5095433
190844,0.5455453
190855,0.51849866
190860,0.42631176
190861,0.24805632
190865,0.24067222
190884,0.5099295
190886,0.40865093
190887,0.52028775
190893,0.5133031
190899,0.32985294
190900,0.22756168
190901,0.32796097
190903,0.10383398
190909,0.2431271
190911,0.8192328
190916,0.47773308
190922,0.3918108
190926,0.1316714
190927,0.32461777
190929,0.41973138
190931,0.5774485
190948,0.29670435
190954,0.06290753
190957,0.12777051
190965,0.07101169
190978,0.57873255
190986,0.3676673
190990,0.23538436
190993,0.46843246
190998,0.21202002
190999,0.0866632
191028,0.40626273
191033,0.22667018
191042,0.57204115
191076,0.050924823
191114,0.31500542
191137,0.81808263
191138,0.35171956
191140,0.4647832
191141,0.20253986
191143,0.33657116
191145,0.44949582
191161,0.45793936
191167,0.34172845
191192,0.34206057
191199,0.64237624
191200,0.16475214
191205,0.13678578
191206,0.097686626
191214,0.285593
191217,0.14363097
191222,0.25404248
191224,0.23001878
191232,0.77616084
191238,0.2875153
191243,0.352609
191247,0.47811124
191250,0.15030898
191266,0.26609138
191278,0.14678937
191279,0.15536408
191282,0.5050538
191287,0.28637883
191290,0.53558946
191291,0.638048
191296,0.6220088
191508,0.2933779
191509,0.19595353
191515,0.780831
191524,0.1363803
191548,0.42062458
191562,0.16863851
191568,0.40812707
191596,0.66774195
191609,0.38557896
191619,0.2588173
191624,0.49613765
191628,0.053846173
191630,0.46212995
191648,0.794123
191649,0.4484073
191654,0.33539632
191655,0.087798
191659,0.5568478
191674,0.7238841
191675,0.06398445
191680,0.2952518
191681,0.23598893
191684,0.35063738
191686,0.035254464
191721,0.6147122
191722,0.15326716
191726,0.45097435
191727,0.1706306
191732,0.42961493
191735,0.17321889
191738,0.8373069
191745,0.71755666
191746,0.37360686
191751,0.3601288
191761,0.67636025
191772,0.22302403
191785,0.4538555
191794,0.19664025
191799,0.3005289
191806,0.6853478
191807,0.13336799
191809,0.71055037
191824,0.47065246
191826,0.28465506
191834,0.528022
191837,0.28244412
191841,0.37652066
191845,0.15900815
191847,0.65125406
191850,0.44214797
191869,0.24723671
191873,0.2598376
191876,0.2552281
191878,0.6256544
191880,0.235911
191881,0.23128472
191883,0.45472986
191898,0.52560294
191907,0.2976752
191910,0.25697884
191918,0.26165852
191920,0.45618644
191923,0.26430503
191942,0.39770722
191943,0.40184417
191951,0.46817532
191952,0.17346513
191958,0.33564276
191963,0.7821698
191971,0.7098266
191992,0.3795129
192000,0.72649986
192001,0.60111046
192008,0.1670119
192018,0.12793213
192029,0.1868882
192030,0.31973034
192031,0.13308865
192043,0.48873463
192045,0.22246683
192052,0.47420356
192056,0.11403448
192071,0.32285348
192082,0.22099663
192088,0.17301497
192103,0.14917585
192105,0.6477406
192119,0.13086945
192144,0.590403
192151,0.24170388
192158,0.13225357
192163,0.23612545
192172,0.7017896
192176,0.20684996
192177,0.32081795
192212,0.43751243
192221,0.869903
192223,0.7248022
192224,0.4035945
192238,0.292624
192239,0.5302207
192252,0.73246473
192259,0.14373049
192268,0.22026142
192274,0.6404107
192276,0.5594113
192277,0.35693556
192289,0.17477365
192296,0.5204949
192308,0.66059977
192309,0.087006874
192315,0.10226636
192322,0.63552225
192324,0.43085566
192343,0.4541907
192345,0.099966206
192367,0.46560252
192375,0.18893838
192382,0.73524386
192389,0.20205447
192390,0.67970645
192391,0.6120033
192423,0.1369846
192427,0.3786594
192431,0.33232024
192433,0.25466028
192451,0.41860676
192453,0.42406368
192455,0.18285936
192468,0.2711605
192469,0.24632353
192474,0.10067108
192481,0.33225843
192482,0.18013096
192483,0.1524926
192486,0.55212975
192490,0.3733937
192491,0.61004853
192494,0.42940766
192507,0.050494194
192508,0.20297532
192509,0.61742336
192525,0.5917863
192526,0.4449411
192528,0.09770033
192535,0.20178625
192545,0.8505714
192548,0.49354693
192572,0.82345057
192594,0.2397423
192607,0.13444886
192625,0.62857646
192626,0.5142927
192631,0.36594248
192632,0.45343837
192636,0.26159647
192637,0.49000904
192655,0.31216368
192657,0.056643393
192674,0.52613753
192675,0.12558375
192680,0.7204215
192682,0.68722636
192686,0.36214998
192698,0.55095536
192703,0.08600975
192705,0.10635202
192717,0.2752769
192720,0.26124966
192721,0.42326775
192722,0.43686026
192728,0.092546016
192734,0.12349144
192739,0.3297402
192740,0.42866898
192752,0.1399265
192761,0.10110329
192770,0.093554735
192780,0.39202943
192782,0.25883442
192783,0.7001633
192789,0.49807394
192796,0.1346282
192800,0.15697388
192802,0.29586437
192811,0.5804005
192812,0.33380964
192815,0.1347694
192838,0.7361361
192861,0.13018346
192868,0.3205374
192872,0.27622306
192876,0.42026564
192877,0.18751965
192897,0.6557584
192898,0.289938
192903,0.29185846
192904,0.5399254
192905,0.16341051
192911,0.8218371
192920,0.34551358
192921,0.13903157
192922,0.6067791
192942,0.28322726
192946,0.42721504
192963,0.33581835
192978,0.6832362
192979,0.7041839
192981,0.668602
192991,0.5597877
192995,0.3458028
192998,0.77798796
193019,0.2771577
193027,0.22379963
193028,0.14196107
193032,0.17621905
193036,0.33660737
193044,0.19064821
193046,0.26688132
193049,0.21542987
193050,0.28178763
193054,0.19807139
193057,0.17623746
193060,0.61275226
193075,0.15049313
193088,0.08985177
193091,0.24918081
193112,0.27488503
193122,0.28383332
193123,0.6565882
193128,0.20807894
193133,0.21939436
193143,0.47252148
193150,0.690852
193151,0.29676503
193160,0.8277151
193180,0.6669833
193198,0.2028808
193204,0.5529111
193207,0.24114545
193210,0.7619493
193225,0.25098968
193232,0.52321464
193248,0.28866607
193249,0.75234437
193262,0.19175026
193270,0.47886124
193273,0.5221599
193275,0.15170136
193286,0.22377026
193289,0.7500738
193290,0.21664941
193311,0.82344097
193321,0.15649623
193322,0.20404471
193340,0.46163985
193349,0.21311066
193368,0.62503314
193369,0.28613022
193375,0.110868245
193385,0.6478662
193389,0.17772931
193394,0.43846518
193396,0.20504469
193398,0.11635762
193402,0.49100038
193409,0.1496274
193421,0.23181091
193426,0.11727225
193430,0.2725598
193436,0.62655836
193437,0.24543457
193440,0.16664113
193441,0.64129853
193449,0.45609576
193462,0.114029944
193464,0.115898356
193468,0.124500774
193474,0.14440925
193475,0.2169576
193479,0.6646753
193484,0.5629036
193488,0.24125242
193496,0.11131647
193507,0.3652054
193510,0.40258774
193512,0.08533645
193514,0.2264515
193515,0.49014235
193516,0.6654237
193520,0.13192078
193522,0.6201707
193541,0.24615258
193545,0.05323663
193549,0.24380986
193554,0.30006847
193558,0.6345354
193568,0.17780223
193569,0.88132083
193579,0.25662145
193587,0.3239379
193589,0.21747607
193613,0.213508
193642,0.6611403
193643,0.3918767
193647,0.2487149
193648,0.3883483
193663,0.5270946
193664,0.6559998
193665,0.37785485
193672,0.2507064
193675,0.696008
193686,0.84933007
193692,0.37232193
193706,0.23628604
193725,0.1710107
193726,0.45855486
193727,0.29113066
193733,0.23509358
193738,0.6325272
193739,0.091432236
193745,0.57798886
193759,0.17111121
193767,0.24732637
193774,0.46390137
193776,0.1548137
193777,0.90280485
193787,0.8413316
193789,0.5151776
193793,0.22299504
193805,0.11213371
193808,0.04977437
193816,0.13842452
193817,0.33809572
193821,0.5336721
193831,0.53916144
193832,0.25327772
193874,0.62440735
193879,0.44944376
193882,0.30625057
193910,0.25664014
193915,0.30719903
193916,0.57187515
193921,0.80376977
193924,0.5206471
193926,0.06417748
193927,0.37536454
193949,0.29990885
193954,0.697886
193966,0.7036545
193970,0.46251455
193971,0.33738685
193975,0.36636487
193980,0.34604806
193982,0.7511942
193983,0.3815861
193987,0.22887483
193997,0.15324922
194000,0.43374044
194013,0.24425301
194014,0.8806049
194026,0.15169767
194039,0.4114739
194042,0.2266572
194054,0.36464316
194057,0.41695917
194058,0.15989147
194068,0.27238014
194071,0.6935509
194073,0.3419771
194075,0.49074027
194093,0.13416296
194098,0.7313517
194105,0.37506643
194106,0.76395017
194110,0.35613635
194128,0.25135314
194137,0.27135706
194149,0.2863458
194150,0.26117012
194155,0.64196867
194157,0.41864192
194158,0.34052134
194164,0.2642183
194165,0.42938825
194166,0.06788895
194170,0.21682556
194171,0.22048882
194177,0.31313056
194187,0.29065847
194188,0.14578679
194213,0.5544689
194229,0.76319355
194230,0.4776968
194241,0.020217352
194243,0.292391
194244,0.3057421
194276,0.14678892
194279,0.18090409
194280,0.26104003
194281,0.50933796
194291,0.34212685
194293,0.7607733
194306,0.16635877
194307,0.29061016
194308,0.23894332
194310,0.6891301
194314,0.27423325
194326,0.7106969
194330,0.6121918
194338,0.2720416
194366,0.6332437
194370,0.17390507
194371,0.23658234
194379,0.07977163
194382,0.28571042
194383,0.6871624
194395,0.7433704
194402,0.22940175
194406,0.20376185
194408,0.8165464
194413,0.53019834
194414,0.18994163
194419,0.40547758
194423,0.7631265
194424,0.38828444
194429,0.49530405
194436,0.39436102
194468,0.33194748
194469,0.19853912
194478,0.343819
194480,0.7496361
194484,0.2805564
194505,0.5333883
194514,0.335427
194516,0.11048608
194523,0.7515365
194526,0.1378797
194533,0.18219881
194534,0.37445307
194536,0.36642024
194548,0.47608083
194552,0.749173
194558,0.53765684
194561,0.365288
194563,0.1989489
194569,0.6660693
194581,0.88167846
194586,0.21231718
194590,0.24010783
194598,0.3765643
194600,0.1774546
194603,0.27363142
194604,0.21131937
194605,0.40035233
194607,0.7564978
194610,0.6496163
194620,0.29197305
194627,0.51211053
194650,0.6278482
194652,0.1391707
194659,0.19139737
194660,0.4302525
194662,0.17248231
194665,0.26500884
194675,0.5277395
194677,0.533365
194679,0.06624958
194691,0.8947458
194696,0.21480364
194713,0.5504189
194716,0.35314393
194717,0.20716132
194725,0.1615773
194732,0.14035605
194737,0.53275883
194738,0.5627134
194769,0.35025433
194791,0.16967943
194802,0.6255966
194806,0.55002767
194810,0.11739638
194812,0.30584925
194813,0.53924924
194816,0.15377408
194827,0.26334783
194844,0.103678904
194856,0.19312032
194860,0.24040507
194866,0.1642904
194867,0.38134742
194877,0.5981575
194879,0.7532043
194880,0.18138397
194881,0.13741834
194887,0.1618652
194900,0.21475582
194906,0.36340964
194907,0.5966218
194908,0.6901387
194914,0.37377173
194934,0.6494343
194955,0.5879563
194956,0.43838394
194965,0.2640577
194966,0.5715976
194980,0.39875245
194985,0.60716146
194986,0.45038876
194995,0.38804853
194999,0.16181916
195000,0.51525164
195010,0.5031489
195013,0.57348806
195044,0.2884174
195048,0.34821793
195050,0.9492151
195051,0.6064984
195055,0.5381412
195070,0.2648984
195074,0.8426508
195075,0.60908043
195077,0.5535739
195081,0.21087429
195088,0.21634853
195089,0.08364242
195091,0.09061822
195096,0.7858861
195100,0.57841533
195103,0.41014543
195116,0.32086846
195117,0.40784127
195129,0.37583074
195151,0.14223944
195158,0.6208228
195164,0.4110255
195176,0.6254704
195186,0.46748757
195187,0.7727958
195198,0.21879888
195201,0.28620702
195207,0.31895486
195214,0.593037
195215,0.30302364
195234,0.5441413
195235,0.15452674
195239,0.28655234
195240,0.44913882
195253,0.48618066
195255,0.049188185
195280,0.16254754
195291,0.10103409
195293,0.40328327
195300,0.16803874
195306,0.2853459
195307,0.5617996
195322,0.6593623
195326,0.8002194
195330,0.09453328
195341,0.6473801
195343,0.37934187
195367,0.33195603
195369,0.42836812
195371,0.19248529
195372,0.18680507
195389,0.42036882
195415,0.16021529
195435,0.55702275
195439,0.13844317
195440,0.14732777
195444,0.11196472
195447,0.35332456
195450,0.0936866
195451,0.3257244
195456,0.45518056
195457,0.39605978
195461,0.5732683
195462,0.6783425
195463,0.17137147
195466,0.5968782
195468,0.09094374
195469,0.5976776
195489,0.12517345
195495,0.45047507
195496,0.6282184
195504,0.6130549
195505,0.44686133
195506,0.438151
195511,0.3880551
195518,0.23720074
195519,0.41179857
195529,0.13111562
195531,0.16521066
195546,0.3909887
195547,0.21785514
195552,0.26963046
195577,0.48132217
195579,0.25469607
195588,0.16553636
195597,0.5846822
195607,0.110473126
195617,0.25071678
195626,0.42630306
195632,0.8189556
195634,0.82286125
195635,0.23249842
195645,0.41965163
195648,0.2413377
195674,0.68913835
195691,0.09987206
195695,0.67447746
195703,0.677237
195710,0.49263218
195711,0.27560565
195727,0.5288883
195729,0.22533053
195734,0.54207766
195739,0.5003651
195740,0.10649899
195746,0.8196343
195750,0.7677983
195769,0.5226331
195772,0.60065216
195785,0.11351169
195789,0.6797572
195793,0.38826737
195801,0.37690893
195803,0.1520122
195810,0.62271917
195818,0.38592926
195819,0.84924686
195823,0.5602938
195828,0.6147492
195836,0.43369165
195843,0.18588957
195858,0.45828363
195876,0.514869
195890,0.41136193
195891,0.39767042
195900,0.2058882
195905,0.48248434
195910,0.5260886
195911,0.6099744
195912,0.21409339
195917,0.342825
195918,0.593379
195923,0.8786728
195937,0.41386148
195940,0.86482716
195945,0.22999643
195946,0.32559246
195948,0.53766376
195955,0.20540814
195957,0.6255523
195958,0.1445403
195959,0.85041463
195970,0.16778485
195974,0.021135133
195979,0.6406812
195990,0.7182019
196004,0.34166902
196007,0.66691417
196012,0.6472129
196019,0.25530064
196029,0.7983606
196034,0.5586473
196042,0.33915067
196066,0.7641302
196067,0.43651527
196071,0.105114825
196074,0.6783733
196075,0.19069207
196079,0.13319042
196080,0.8446484
196082,0.24977219
196083,0.2975915
196085,0.81099635
196115,0.4473209
196118,0.7567753
196128,0.3863765
196149,0.4906374
196150,0.32317212
196162,0.6896324
196194,0.5241871
196198,0.09467053
196204,0.2394048
196206,0.39672646
196210,0.7601327
196220,0.3461645
196221,0.19949183
196230,0.11222987
196236,0.32067052
196242,0.65946025
196256,0.71584606
196261,0.7657185
196274,0.19614546
196281,0.3228837
196303,0.061262198
196305,0.645086
196322,0.26025346
196343,0.18021518
196346,0.51108605
196354,0.1727592
196357,0.32766658
196359,0.10904132
196360,0.6611021
196361,0.44208616
196364,0.8570889
196371,0.05275839
196375,0.1919136
196377,0.2734079
196378,0.2206969
196381,0.211625
196384,0.13088666
196385,0.67150146
196388,0.72534305
196394,0.767288
196400,0.8572197
196401,0.5626664
196404,0.69448966
196411,0.45803937
196436,0.3863047
196443,0.34777978
196444,0.56581056
196446,0.46529144
196475,0.5307376
196476,0.7484775
196486,0.1363552
196489,0.53845173
196492,0.37810016
196498,0.7818898
196500,0.046887282
196505,0.5967596
196507,0.15310512
196510,0.39938828
196514,0.15369478
196530,0.23418066
196544,0.037347026
196551,0.33117965
196578,0.23371205
196585,0.44537255
196587,0.345667
196588,0.60635525
196594,0.5280386
196598,0.34412068
196605,0.20591961
196618,0.26510155
196619,0.40357095
196623,0.43184483
196624,0.2907444
196643,0.2986197
196649,0.3700364
196650,0.14234343
196656,0.17793562
196663,0.7122979
196667,0.69302136
196669,0.7276096
196681,0.7106394
196717,0.386068
196726,0.6880115
196728,0.19109036
196729,0.2663016
196731,0.4305824
196736,0.29142556
196738,0.24924053
196745,0.5019622
196747,0.2726175
196748,0.2911108
196753,0.22974642
196757,0.21489583
196760,0.48979986
196777,0.7267548
196788,0.35721636
196799,0.36922452
196808,0.30765903
196819,0.34189832
196825,0.090668276
196826,0.6647683
196834,0.24725962
196841,0.68280184
196847,0.4890422
196849,0.41249722
196851,0.36930576
196867,0.2690069
196884,0.108969375
196889,0.5015522
196898,0.20186546
196901,0.08327429
196917,0.3749956
196930,0.4314084
196936,0.35274976
196956,0.027491838
196959,0.16958404
196962,0.3500239
196963,0.3729952
196971,0.773005
196972,0.58366865
196977,0.268437
196984,0.20958632
196985,0.8114921
197010,0.6974725
197029,0.6102313
197040,0.1828925
197058,0.5757391
197060,0.31218538
197064,0.78680587
197075,0.28800568
197083,0.7312481
197102,0.6068603
197103,0.6904471
197107,0.5581964
197129,0.29271066
197135,0.26889792
197140,0.20451604
197150,0.4000007
197152,0.35657275
197153,0.3741281
197154,0.2531837
197156,0.6484697
197166,0.21269675
197167,0.33430234
197177,0.35825163
197178,0.3419361
197187,0.4537582
197191,0.1992876
197205,0.63827974
197206,0.7478471
197219,0.7385139
197224,0.1412031
197245,0.5450855
197246,0.3067497
197273,0.75391173
197275,0.17488095
197278,0.29484633
197288,0.3147788
197290,0.4685549
197294,0.42620146
197295,0.32080358
197311,0.32899672
197314,0.7071088
197320,0.55702394
197321,0.77392066
197324,0.59280413
197327,0.32027063
197332,0.20901935
197333,0.7405233
197335,0.22377713
197348,0.12580737
197362,0.62717044
197363,0.66621757
197368,0.18640514
197378,0.45520762
197381,0.6082904
197384,0.261911
197386,0.4703343
197393,0.6060895
197396,0.26862848
197400,0.25566393
197408,0.21341285
197412,0.28894302
197413,0.65896547
197415,0.25692323
197418,0.68487906
197427,0.17839429
197443,0.64357936
197448,0.42954093
197449,0.26940316
197470,0.58314466
197478,0.46644545
197482,0.6202737
197488,0.23544057
197491,0.4701087
197495,0.30613112
197498,0.59403664
197502,0.7333437
197507,0.6300235
197509,0.5223952
197510,0.6047497
197512,0.42676055
197513,0.1370145
197524,0.43434358
197525,0.55106205
197529,0.85815805
197533,0.10203157
197534,0.6754493
197540,0.73842394
197541,0.17553337
197559,0.11460511
197566,0.26267466
197582,0.11813238
197585,0.3860421
197587,0.5906771
197595,0.29859868
197625,0.59925365
197631,0.26850274
197633,0.21445075
197638,0.4163368
197640,0.5101799
197644,0.06692366
197645,0.24334449
197646,0.4672219
197650,0.24918294
197657,0.52330333
197664,0.44129035
197668,0.30898634
197681,0.27955705
203470,0.2544713
197682,0.54337436
197693,0.48203543
197695,0.44405892
197699,0.7646837
197709,0.25957665
197711,0.57636815
197715,0.10853882
197716,0.65467215
197722,0.6109823
197728,0.57427835
197729,0.41967687
197730,0.7210034
197744,0.24900039
197768,0.21284284
197770,0.25856245
197775,0.8272351
197788,0.17600314
197795,0.13483441
197806,0.594584
197808,0.47471735
197812,0.5787891
197813,0.17101869
197822,0.09662473
197827,0.20985253
197828,0.38373718
197836,0.5753467
197857,0.44212812
197862,0.6926773
197872,0.31211972
197892,0.27535868
197903,0.3756033
197907,0.5326925
197908,0.38492504
197916,0.5221352
197921,0.18405436
197924,0.1790732
197930,0.4340339
197934,0.7952059
197942,0.34080482
197945,0.83404434
197958,0.2620693
197959,0.16275312
197967,0.45787054
197969,0.7534192
197978,0.54358864
197999,0.17387758
198001,0.5921779
198004,0.1666518
198007,0.171089
198019,0.30209243
198020,0.36894152
198024,0.25558987
198026,0.693889
198038,0.43858993
198044,0.26021287
198050,0.7646645
198054,0.7012837
198055,0.3926256
198082,0.1968196
198094,0.06496466
198095,0.18311134
198099,0.4225707
198101,0.53526574
198102,0.3502213
198114,0.61562675
198125,0.46152264
198127,0.3297949
198128,0.26707065
198137,0.10898949
198141,0.26567265
198142,0.405019
198155,0.5237615
198179,0.5420069
198181,0.36650681
198184,0.433663
198185,0.31950548
198186,0.39795658
198187,0.5240097
198193,0.13848208
198197,0.34204856
198209,0.07489011
198221,0.3252631
198225,0.40868047
198229,0.68643886
198237,0.7011954
198239,0.83408815
198247,0.39430526
198253,0.48084894
198272,0.11699573
198279,0.18632104
198282,0.18817806
198284,0.20909971
198285,0.17122471
198287,0.42836314
198294,0.5652518
198309,0.15644392
198312,0.66679305
198315,0.27671763
198323,0.42804328
198331,0.2679923
198333,0.7749687
198359,0.19881901
198370,0.4909789
198378,0.30694422
198379,0.56820107
198381,0.0549895
198383,0.17312697
198384,0.509017
198385,0.25238004
198420,0.42669466
198421,0.57114905
198425,0.60336363
198427,0.44835418
198429,0.15882033
198437,0.29206344
198445,0.21156432
198452,0.1867545
198454,0.16371757
198487,0.21344446
198523,0.5989777
198528,0.6480145
198530,0.73769546
198539,0.06787812
198540,0.3503401
198547,0.37708986
198566,0.46053374
198568,0.18437678
198569,0.47955856
198595,0.13889271
198600,0.30144107
198614,0.401392
198617,0.23481321
198619,0.89651084
198627,0.4948362
198640,0.1522755
198655,0.5436124
198664,0.4694136
198665,0.06475709
198666,0.5850517
198670,0.29382226
198673,0.5839308
198680,0.31469887
198689,0.19460373
198690,0.48958796
198702,0.14857988
198703,0.12758373
198704,0.7054616
198714,0.6820673
198715,0.7947417
198717,0.21316569
198718,0.22162211
198720,0.6760781
198721,0.114869535
198730,0.32180616
198739,0.51768804
198754,0.27379078
198761,0.1918647
198772,0.18350962
198774,0.26634523
198775,0.63530916
198779,0.4288138
198783,0.16074373
198790,0.5811023
198794,0.5692439
198798,0.6932707
198799,0.46768388
198802,0.5246964
198806,0.22602645
198847,0.3495885
198854,0.75034994
198858,0.4565279
198859,0.6820482
198865,0.36984602
198872,0.53321296
198874,0.40898803
198878,0.38972327
198883,0.52148944
198884,0.48343197
198891,0.33746913
198899,0.2654179
198907,0.39409065
198916,0.5228852
198917,0.47700354
198934,0.1129928
198937,0.12521154
198938,0.20543785
198941,0.66918635
198957,0.27460018
198966,0.17893264
198984,0.2740732
198997,0.025269179
199001,0.5517806
199003,0.5101916
199009,0.35796738
199011,0.10294175
199013,0.33823997
199015,0.09767434
199024,0.32057422
199026,0.45352477
199027,0.841842
199029,0.3044322
199030,0.43597984
199041,0.27438188
199048,0.6238048
199057,0.3886404
199058,0.17591524
199062,0.19780517
199067,0.14120623
199070,0.39024904
199075,0.11384792
199076,0.12860899
199092,0.56237894
199096,0.25023335
199104,0.6991073
199114,0.38951257
199115,0.11681096
199117,0.5206722
199126,0.5923626
199131,0.5239234
199141,0.1006035
199145,0.18873453
199150,0.67272896
199151,0.19435394
199153,0.07672002
199166,0.2668932
199167,0.32371768
199177,0.6209187
199182,0.2885778
199183,0.6991222
199185,0.08277384
199212,0.16944873
199213,0.54758507
199222,0.6480122
199229,0.2895146
199230,0.1734379
199242,0.84676373
199243,0.12901586
199246,0.5675768
199247,0.42206404
199249,0.35333282
199262,0.5022792
199263,0.2525655
199275,0.079622485
199276,0.42232037
199287,0.31609136
199298,0.1356985
199304,0.36042574
199307,0.18567619
199311,0.55573606
199316,0.1371423
199320,0.5471787
199321,0.6094016
199325,0.3151469
199326,0.7671659
199327,0.71230114
199334,0.11417295
199344,0.7294368
199345,0.30259958
199352,0.518918
199364,0.732372
199378,0.5720089
199379,0.27358136
199387,0.22512558
199405,0.52104515
199418,0.642004
199424,0.45304665
199425,0.21770857
199432,0.35795328
199433,0.30513036
199442,0.8157206
199446,0.12727727
199457,0.18840285
199458,0.0854742
199477,0.44842628
199522,0.29355797
199525,0.6617685
199533,0.5007252
199536,0.42349365
199537,0.11999204
199550,0.54730564
199560,0.22675237
199564,0.7194428
199575,0.55081296
199580,0.13732824
199586,0.13823897
199597,0.25809518
199598,0.43034896
199604,0.25857678
199608,0.6074659
199609,0.5169378
199616,0.11181621
199625,0.5559816
199648,0.7193423
199650,0.21713465
199655,0.08046203
199663,0.24132223
199670,0.19426721
199673,0.34958738
199685,0.2946802
199696,0.39698744
199703,0.58116287
199704,0.30831876
199706,0.3095986
199727,0.27327845
199740,0.3977683
199746,0.36599115
199764,0.38838515
199766,0.5999796
199785,0.23841894
199786,0.16144094
199795,0.554146
199797,0.4353833
199803,0.8199347
199804,0.6015269
199810,0.5209114
199815,0.45883706
199822,0.30148935
199824,0.3214546
199828,0.49294797
199833,0.45190746
199840,0.53955
199844,0.417541
199846,0.35624197
199858,0.55762136
199862,0.4718962
199865,0.46786782
199866,0.47207636
199869,0.28288585
199870,0.2811812
199871,0.17089516
199878,0.31311426
199889,0.33748877
199891,0.3234061
199898,0.24679786
199903,0.07952671
199904,0.15024655
199924,0.5421113
199950,0.24757747
199954,0.36343628
199956,0.2649914
199962,0.66348857
199965,0.8404499
199971,0.24374653
199972,0.4375855
199988,0.79545593
199995,0.5755537
199997,0.26694143
199998,0.30169842
199999,0.17795861
200011,0.46213204
200012,0.051164504
200016,0.10808656
200019,0.025041616
200030,0.33513486
200031,0.4041307
200032,0.15649243
200038,0.4582942
200043,0.3113013
200044,0.427845
200045,0.7100518
200053,0.6805213
200057,0.33570045
200061,0.20596048
200064,0.48954946
200071,0.6791638
200084,0.62066954
200085,0.13537854
200086,0.4347651
200093,0.5219135
200095,0.31952372
200105,0.25544602
200111,0.1281216
200116,0.8191019
200125,0.7751439
200126,0.3091388
200157,0.44291395
200173,0.61431754
200181,0.3383493
200185,0.26522502
200187,0.1964462
200193,0.31440738
200200,0.6904497
200202,0.3669418
200206,0.5341681
200207,0.20107913
200216,0.13098209
200229,0.48090374
200234,0.06728396
200241,0.35292163
200244,0.17252426
200258,0.55837923
200262,0.53709185
200268,0.77436954
200277,0.4541252
200286,0.071035385
200293,0.6261607
200299,0.8105834
200306,0.2021012
200335,0.20035073
200358,0.35547268
200366,0.05154391
200367,0.20017736
200370,0.24308543
200373,0.7813944
200374,0.162203
200383,0.41012964
200387,0.41947255
200390,0.5991275
200391,0.2143422
200421,0.7547912
200437,0.24224178
200442,0.16609286
200447,0.08343935
200460,0.33517313
200463,0.6181926
200467,0.6472072
200487,0.2045456
200488,0.41389373
200490,0.31305268
200493,0.462635
200494,0.24758571
200501,0.6026796
200506,0.40327317
200516,0.17399335
200518,0.4916393
200520,0.528822
200523,0.51773584
200524,0.4735551
200525,0.2855656
200534,0.39090088
200538,0.44999465
200552,0.24603236
200556,0.36022174
200557,0.7683637
200567,0.23484297
200568,0.20929846
200570,0.36063504
200572,0.60361356
200576,0.17505407
200585,0.57662165
200587,0.54159397
200588,0.46289268
200593,0.5824831
200594,0.26581818
200595,0.5391869
200603,0.843059
200615,0.4633438
200624,0.56493896
200631,0.8587241
200632,0.10795125
200636,0.3355585
200638,0.25835478
200641,0.21683241
200650,0.47659555
200653,0.17448607
200657,0.60020125
200668,0.31821397
200669,0.26247936
200670,0.16810411
200676,0.20810625
200697,0.17918092
200710,0.58907807
200720,0.36639258
200729,0.140848
200749,0.6156665
200753,0.7585801
200755,0.5184891
200756,0.56493026
200757,0.6123833
200768,0.39905855
200776,0.083331496
200799,0.62378764
200801,0.17983559
200810,0.6809
200823,0.4500955
200832,0.750094
200836,0.5122427
200838,0.123023555
200864,0.7545678
200867,0.2997743
200869,0.37396142
200873,0.4623916
200876,0.4836102
200881,0.25008348
200883,0.11470099
200890,0.51448995
200895,0.38696462
200897,0.21385126
200899,0.32442117
200900,0.23522407
200907,0.23137791
200912,0.24794975
200926,0.500235
200930,0.70702666
200971,0.07062265
200974,0.27832252
200979,0.3505538
200998,0.597801
201008,0.5822826
201018,0.721541
201026,0.24860846
201043,0.18228109
201049,0.26186344
201050,0.52126473
201061,0.49495837
201062,0.29871616
201072,0.24770315
201076,0.4302625
201077,0.28072095
201081,0.6057687
201084,0.64744145
201089,0.65866214
201092,0.08519915
201109,0.55836475
201110,0.60102654
201116,0.07062728
201122,0.5470604
201135,0.54674256
201143,0.10377319
201153,0.17521177
201159,0.5634786
201165,0.17784561
201187,0.6445166
201197,0.35781738
201218,0.59628934
201219,0.5577387
201231,0.29130256
201234,0.12263734
201243,0.18134776
201246,0.42058423
201254,0.5883209
201256,0.34463906
201262,0.9125108
201263,0.5555794
201272,0.7456433
201273,0.1350003
201281,0.31049272
201290,0.25520095
201294,0.34618202
201296,0.0712807
201320,0.11475908
201332,0.23408295
201342,0.4842801
201343,0.291756
201347,0.5272295
201350,0.17404006
201351,0.63267446
201362,0.712047
201363,0.48620063
201368,0.528998
201373,0.30682206
201375,0.38152337
201378,0.42147234
201386,0.56146663
201387,0.10811231
201390,0.8021864
201393,0.5683944
201409,0.32081848
201442,0.24461637
201444,0.5674787
201447,0.7253383
201451,0.23889923
201474,0.6163834
201481,0.38528746
201491,0.17935005
201498,0.27368367
201499,0.530331
201501,0.48954853
201502,0.19042523
201516,0.13952574
201517,0.2297988
201524,0.42197526
201526,0.8760633
201528,0.17349662
201532,0.3289777
201543,0.81824684
201544,0.3723615
201546,0.354312
201552,0.41113582
201554,0.54036427
201556,0.28098074
201557,0.24871631
201559,0.5413918
201575,0.11285817
201592,0.6997435
201593,0.7000008
201600,0.35978228
201630,0.43676436
201631,0.5291487
201635,0.10097738
201638,0.2953404
201642,0.32213688
201645,0.06564472
201660,0.23565269
201663,0.44049275
201665,0.05488587
201674,0.30936468
201675,0.17884517
201677,0.61604446
201688,0.67823577
201698,0.6518168
201706,0.20756187
201709,0.150183
201710,0.6154936
201718,0.3861749
201720,0.67330724
201727,0.69299954
201730,0.2306737
201732,0.27981305
201733,0.28175408
201736,0.51211977
201738,0.31265128
201744,0.70943105
201747,0.602874
201751,0.5483123
201766,0.73053086
201777,0.16012877
201778,0.3760631
201785,0.7186648
201804,0.24002147
201808,0.5548344
201813,0.7219382
201815,0.045442626
201820,0.19918272
201825,0.21336141
201830,0.13922812
201838,0.1247596
201839,0.69522464
201845,0.4866727
201849,0.102667436
201850,0.3875302
201853,0.1502825
201856,0.19489627
201873,0.3923848
201875,0.2279667
201906,0.52013373
201907,0.51133704
201908,0.3769769
201909,0.32849336
201911,0.56398356
201927,0.29276356
201928,0.17228849
201937,0.23391624
201943,0.44535798
201946,0.28350377
201948,0.19547418
201949,0.4509152
201955,0.1147045
201962,0.49522159
201977,0.17570965
201996,0.22476655
201997,0.6425163
202004,0.42888376
202005,0.087125875
202006,0.5058737
202010,0.18865071
202020,0.46386302
202029,0.84487563
202033,0.3685102
202034,0.4054573
202040,0.63685006
202045,0.08229403
202048,0.13241093
202055,0.22452198
202058,0.30432448
202062,0.36579454
202073,0.51641893
202078,0.38962734
202079,0.67983156
202080,0.48888913
202085,0.59259266
202090,0.47310668
202092,0.5915266
202114,0.19550659
202124,0.12455006
202133,0.1988732
202136,0.43271554
202150,0.05941035
202156,0.07901471
202159,0.20516163
202165,0.23333648
202167,0.5732169
202168,0.30536023
202169,0.5356432
202170,0.57843214
202204,0.21495908
202209,0.17461608
202216,0.51417434
202220,0.5298648
202228,0.19586667
202229,0.18303944
202231,0.5468881
202232,0.1577704
202234,0.7143508
202252,0.70765865
202253,0.56567985
202272,0.13364094
202273,0.2024889
202292,0.08283251
202300,0.1798129
202302,0.25300676
202311,0.11627646
202316,0.28915262
202318,0.4541608
202324,0.59220564
202343,0.43243405
202344,0.49740407
202349,0.14115652
202351,0.6968629
202355,0.0997574
202379,0.7065811
202407,0.06567251
202409,0.38487142
202410,0.23271395
202422,0.49122378
202423,0.6865325
202435,0.3776194
202437,0.7390086
202438,0.4565458
202439,0.60512173
202441,0.35663205
202444,0.13508493
202446,0.5302241
202450,0.4987824
202455,0.29827654
202457,0.17329785
202461,0.7135864
202463,0.7818298
202473,0.20526189
202478,0.33778724
202484,0.86548996
202490,0.23583032
202491,0.26482445
202492,0.75526845
202497,0.7867501
202508,0.5344073
202509,0.4503443
202510,0.09929508
202511,0.5232404
202514,0.054652676
202524,0.31618676
202527,0.42076963
202547,0.43711695
202554,0.19063517
202557,0.4623939
202568,0.5770434
202573,0.25194126
202587,0.22357483
202599,0.3193484
202610,0.49708673
202613,0.3833992
202618,0.693421
202621,0.18730235
202645,0.32162023
202646,0.10584445
202649,0.47698775
202653,0.4376849
202655,0.30889663
202656,0.34278676
202659,0.589194
202661,0.36424226
202681,0.40802473
202688,0.48801297
202691,0.048905276
202692,0.07270137
202697,0.8510959
202698,0.5673331
202717,0.41398582
202720,0.5202304
202724,0.5211678
202725,0.40092072
202734,0.6382043
202740,0.08575471
202743,0.34508893
202746,0.10833387
202760,0.25465304
202761,0.13108568
202765,0.38091046
202769,0.64746696
202785,0.24286422
202793,0.6264631
202796,0.32083365
202805,0.043071523
202816,0.35568628
202823,0.76912373
202825,0.43154517
202829,0.1071575
202830,0.7401576
202848,0.5488775
202861,0.42820483
202862,0.7015244
202863,0.269584
202879,0.6206143
202889,0.15217052
202894,0.7802448
202895,0.2734388
202897,0.14039908
202899,0.18180269
202900,0.5836137
202907,0.3677223
202927,0.5921849
202945,0.31617802
202951,0.32046086
202955,0.21193935
202960,0.23149657
202967,0.5145975
202972,0.40203726
202982,0.6785023
202993,0.20351887
202996,0.17022918
202998,0.17212021
203008,0.23823874
203026,0.5865433
203038,0.63561356
203044,0.33078778
203054,0.19559668
203070,0.83696574
203075,0.33409184
203082,0.40276334
203089,0.3114306
203090,0.19649535
203098,0.68540955
203108,0.5511056
203109,0.2756436
203113,0.5330689
203123,0.3034896
203124,0.15654661
203128,0.3653609
203129,0.7532915
203131,0.66974443
203142,0.39713636
203154,0.33438954
203175,0.47103384
203176,0.4762198
203183,0.2082399
203185,0.22934201
203195,0.5115323
203201,0.43103436
203205,0.3859502
203218,0.36962023
203241,0.1767389
203244,0.6186886
203245,0.31918806
203253,0.80238825
203259,0.4699927
203264,0.82900476
203276,0.45707104
203283,0.3761008
203286,0.0304066
203288,0.38141173
203290,0.44225383
203298,0.6264299
203300,0.3620522
203312,0.3387465
203318,0.3010826
203331,0.6828084
203337,0.052007228
203339,0.33621955
203344,0.10640598
203348,0.55165064
203349,0.14127396
203350,0.27257216
203358,0.77169925
203366,0.5070608
203371,0.23671423
203377,0.54436123
203399,0.33055684
203402,0.4684046
203407,0.7163316
203410,0.3942153
203421,0.70897835
203428,0.29775023
203475,0.65510684
203476,0.27908155
203496,0.65342927
203518,0.14247489
203547,0.36970428
203549,0.32208097
203550,0.24374217
203552,0.021811524
203561,0.08866441
203564,0.6443478
203567,0.4459919
203575,0.35159135
203590,0.47967234
203591,0.20129056
203605,0.7109147
203606,0.23659782
203640,0.41858807
203643,0.7245785
203647,0.6916107
203648,0.38163912
203669,0.35656032
203671,0.12891604
203692,0.3528915
203695,0.43233418
203706,0.21934566
203713,0.4456455
203730,0.29523852
203736,0.37918848
203745,0.5911135
203751,0.2842165
203753,0.33169296
203755,0.2551804
203762,0.62881875
203769,0.24793397
203774,0.33201572
203796,0.22575478
203799,0.23916131
203806,0.3177741
203807,0.6821841
203810,0.07879421
203816,0.6121758
203821,0.8380351
203822,0.26143736
203850,0.53553504
203854,0.13565396
203862,0.4656856
203868,0.41846624
203869,0.27854264
203870,0.30248272
203876,0.28170058
203878,0.20997973
203889,0.22789566
203897,0.11002845
203905,0.76484966
203914,0.60769725
203915,0.39665896
203950,0.21393311
203956,0.21045867
203957,0.32046318
203973,0.34106177
203975,0.13318369
203980,0.26271325
203997,0.500329
204001,0.36679032
204008,0.36524427
204017,0.32189217
204020,0.47500208
204021,0.2634989
204026,0.525582
204027,0.13448428
204043,0.12677838
204047,0.329695
204055,0.14315914
204059,0.354695
204060,0.44642842
204061,0.13770448
204073,0.51204455
204076,0.50359887
204086,0.44498175
204088,0.29446998
204102,0.74587286
204116,0.42707208
204117,0.32761332
204121,0.43503633
204129,0.11678745
204139,0.6254221
204148,0.14467624
204149,0.36272144
204175,0.11011724
204181,0.51882905
204183,0.2057304
204187,0.41290486
204193,0.63076454
204194,0.2965907
204195,0.14149527
204196,0.4243845
204202,0.28718486
204206,0.085623436
204207,0.60418034
204214,0.21864603
204222,0.34241197
204226,0.20155774
204227,0.58601576
204228,0.39241168
204231,0.32418966
204232,0.7959976
204235,0.81052506
204237,0.06498401
204239,0.2145662
204242,0.291385
204254,0.26910233
204255,0.5561952
204259,0.21366638
204268,0.17447023
204280,0.067773946
204282,0.5561227
204307,0.104433164
204314,0.62031364
204318,0.452921
204321,0.39952874
204330,0.1118646
204335,0.41639152
204339,0.732741
204344,0.15326071
204350,0.7277203
204371,0.0872797
204372,0.46938697
204374,0.5121651
204383,0.6364777
204392,0.65200657
204403,0.12215289
204409,0.1424422
204416,0.36298594
204417,0.28966498
204437,0.6317866
204440,0.12661043
204445,0.10413672
204446,0.45358557
204449,0.7780426
204468,0.3464482
204504,0.5129179
204506,0.22570904
204536,0.2937032
204539,0.54369307
204601,0.19156988
204614,0.25564128
204616,0.68825346
204618,0.55098516
204623,0.16572022
204630,0.5463232
204636,0.42053914
204639,0.075908884
204642,0.448736
204644,0.22247064
204648,0.20546573
204662,0.26579198
204673,0.24244128
204674,0.5155781
204681,0.11770869
204682,0.31807122
204683,0.5739822
204689,0.40571457
204690,0.60500234
204707,0.3707223
204728,0.62646997
204736,0.59474677
204740,0.20602149
204749,0.3961949
204756,0.3816838
204771,0.18851772
204778,0.19762713
204808,0.2499102
204822,0.7803694
204827,0.68819815
204831,0.6156751
204836,0.21801911
204837,0.064720966
204843,0.35327798
204846,0.22754571
204847,0.123275936
204850,0.28198096
204852,0.18837565
204854,0.2522731
204856,0.5881291
204857,0.4828594
204863,0.45688736
204870,0.09724479
204885,0.49452478
204895,0.41182634
204905,0.3844426
204911,0.47056437
204927,0.43354914
204929,0.39628604
204941,0.42263824
204959,0.2546538
204962,0.5956107
204965,0.8691948
204970,0.7601771
204971,0.24081004
204972,0.6588234
205000,0.5692333
205011,0.23991086
205013,0.258829
205014,0.8696093
205019,0.17535266
205043,0.39757288
205045,0.6056832
205054,0.20396402
205066,0.34004474
205069,0.6167849
205070,0.27829453
205071,0.5285655
205073,0.48930427
205077,0.2864301
205078,0.29031312
205088,0.24553238
205104,0.5008314
205107,0.19735716
205117,0.31112137
205118,0.13145562
205128,0.49215248
205134,0.15287708
205140,0.14379553
205141,0.75725013
205142,0.04805073
205153,0.82994896
205158,0.2112277
205169,0.18918276
205170,0.45330033
205183,0.15819716
205184,0.1962075
205197,0.13796988
205199,0.3674945
205204,0.056152645
205208,0.18741646
205209,0.19878377
205210,0.4549071
205216,0.16114834
205219,0.7701146
205222,0.4724706
205225,0.16853686
205235,0.39522806
205236,0.33879945
205241,0.088598184
205244,0.3416994
205251,0.5085337
205252,0.6711827
205258,0.25148576
205262,0.3837838
216333,0.20851603
205264,0.082732745
205274,0.79732496
205277,0.41343105
205281,0.145079
205306,0.19120796
205307,0.60851943
205323,0.42568806
205336,0.8039675
205337,0.6940048
205360,0.51614827
205363,0.1939404
205365,0.3267411
205367,0.6207891
205368,0.11968677
205375,0.09600767
205403,0.45664227
205411,0.3020825
205415,0.31971323
205429,0.37372938
205434,0.5807655
205445,0.2642159
205463,0.27710295
205471,0.36658862
205472,0.4655978
205479,0.61025643
205480,0.2844212
205493,0.7438801
205503,0.67851585
205508,0.1865455
205524,0.5639913
205525,0.2332402
205526,0.109058276
205533,0.34075248
205542,0.120587684
205545,0.27240846
205552,0.28810477
205561,0.40596676
205563,0.16558985
205564,0.44648013
205565,0.17796364
205566,0.19880061
205569,0.33976302
205579,0.26499036
205585,0.5590685
205587,0.14644079
205588,0.44339034
205591,0.3083801
205594,0.8217936
205600,0.37514725
205608,0.40620023
205613,0.19100298
205618,0.59460586
205619,0.03000135
205623,0.06885176
205627,0.83050185
205628,0.72769547
205635,0.1535796
205638,0.2074111
205640,0.6211904
205641,0.72912824
205642,0.8218601
205643,0.17478469
205646,0.29812276
205655,0.526908
205672,0.1729272
205678,0.35055673
205681,0.18915299
205682,0.14294554
205690,0.093282126
205693,0.23991187
205695,0.35569516
205724,0.106186904
205738,0.17681317
205741,0.51532537
205744,0.34347963
205750,0.184512
205751,0.6942105
205752,0.112360016
205766,0.28703338
205773,0.3819437
205775,0.3867888
205776,0.25446093
205789,0.5449669
205793,0.38652143
205797,0.10341846
205798,0.29694226
205802,0.14856824
205806,0.36398274
205807,0.1538904
205815,0.54163927
205819,0.14281006
205821,0.17509659
205822,0.5093932
205831,0.46596175
205832,0.461977
205836,0.35342613
205843,0.6479402
205862,0.39584112
205863,0.33558637
205866,0.56159574
205873,0.34558228
205877,0.45642382
205879,0.24196826
205880,0.09696141
205886,0.6382117
205898,0.6596784
205903,0.24585769
205907,0.23199894
205908,0.52500176
205909,0.17888688
205930,0.12067636
205931,0.15803343
205932,0.33427215
205951,0.19090879
205957,0.86244977
205960,0.4125641
205987,0.4934236
205994,0.8492726
205995,0.35616496
206006,0.25315812
206007,0.16978368
206013,0.13254511
206020,0.11338042
206030,0.12248855
206035,0.12506379
206038,0.07771393
206039,0.50098974
206061,0.20063098
206066,0.621402
206068,0.601321
206071,0.6271062
206076,0.4687734
206077,0.33587134
206091,0.17246458
206097,0.43918228
206101,0.6193175
206145,0.35970506
206147,0.19970843
206163,0.31590787
206171,0.3558934
206173,0.6067489
206174,0.76894176
206197,0.3528828
206198,0.31848264
206209,0.5761962
206211,0.4229189
206213,0.1742392
206246,0.69818646
206252,0.3373917
206253,0.64273673
206254,0.4016788
206257,0.33837995
206270,0.25180894
206283,0.09454085
206290,0.2693478
206291,0.15864255
206292,0.6571601
206307,0.4156808
206315,0.2345882
206319,0.58539575
206324,0.51436406
206326,0.68632156
206338,0.47922733
206339,0.15578666
206354,0.1882909
206359,0.20055991
206374,0.52531636
206377,0.26380658
206395,0.55208665
206403,0.10002731
206410,0.67566377
206413,0.38373175
206414,0.30846792
206418,0.5515144
206424,0.31430188
206427,0.29394108
206428,0.2503539
206429,0.27075624
206430,0.17142841
206447,0.120266005
206451,0.48833758
206465,0.5702419
206477,0.62020713
206484,0.5270501
206497,0.13427615
206517,0.22801265
206533,0.14002472
206542,0.63553447
206557,0.35147896
206563,0.103910506
206564,0.78326994
206565,0.28629446
206582,0.34972247
206593,0.57035524
206605,0.57690394
206606,0.46759158
206621,0.3219229
206639,0.20179972
206640,0.33631414
206641,0.29382092
206645,0.2720009
206656,0.3854422
206666,0.33462375
206679,0.30229634
206681,0.147009
206684,0.21215722
206686,0.15930541
206687,0.199847
206697,0.33496583
206700,0.30191594
206702,0.45558494
206703,0.179443
206708,0.34005773
206710,0.5506844
206721,0.4500194
206723,0.49046603
206735,0.34071982
206739,0.36013466
206742,0.41442785
206744,0.8178568
206747,0.7621264
206752,0.10020022
206774,0.22234195
206776,0.77508336
206792,0.15752494
206799,0.5841895
206805,0.21059558
206806,0.78878754
206809,0.37842524
206812,0.47799867
206814,0.10524585
206830,0.20694058
206831,0.18991779
206878,0.7034552
206905,0.098943226
206908,0.56203246
206910,0.25486326
206917,0.33380923
206920,0.652452
206927,0.2974834
206933,0.23156185
206945,0.5428415
206968,0.2885563
206987,0.2489919
206989,0.13675503
207017,0.69499815
207027,0.22018601
207029,0.27242854
207030,0.7200783
207035,0.45672113
207040,0.56614274
207043,0.68973804
207054,0.57816964
207055,0.107931145
207059,0.20243315
207060,0.13397805
207062,0.16781299
207071,0.36376724
207073,0.812585
207079,0.20357753
207100,0.18689965
207107,0.33553797
207129,0.25798947
207132,0.26188973
207139,0.37198794
207148,0.43663868
207153,0.19575799
207163,0.46317807
207164,0.28574413
207168,0.23073934
207171,0.07437486
207173,0.71335083
207174,0.14658289
207181,0.14663637
207182,0.2745506
207198,0.21115328
207201,0.2976077
207213,0.61323935
207234,0.49237752
207238,0.38007528
207256,0.32492635
207257,0.41288078
207264,0.8232623
207268,0.81034476
207275,0.42243323
207291,0.289931
207296,0.2969552
207304,0.71758384
207308,0.34724954
207314,0.3095288
207324,0.5739331
207332,0.31943366
207333,0.54557914
207339,0.22416717
207349,0.14948447
207351,0.38035426
207359,0.62445325
207361,0.07311926
207365,0.32820547
207369,0.18289576
207372,0.41870734
207377,0.11188447
207380,0.13392706
207394,0.21469198
207412,0.6968726
207423,0.3124787
207426,0.15058884
207427,0.81632024
207428,0.3013212
207430,0.91086423
207437,0.5683165
207440,0.33370048
207455,0.1768895
207456,0.22358067
207471,0.31768662
207476,0.13206066
207483,0.16300136
207497,0.42784595
207506,0.27619907
207515,0.5539998
207529,0.5297676
207533,0.3116216
207534,0.20089164
207541,0.4340808
207560,0.3367723
207561,0.7018506
207570,0.2342145
207600,0.29260042
207630,0.77514064
207633,0.7180222
207634,0.10125603
207635,0.2235366
207660,0.28795603
207682,0.13787106
207684,0.2460505
207687,0.29376352
207706,0.68630403
207708,0.38619983
207713,0.559369
207714,0.18806021
207718,0.13312048
207721,0.3418753
207724,0.28303257
207727,0.1499779
207731,0.18005908
207732,0.3551562
207734,0.21687344
207739,0.37905723
207744,0.4859306
207787,0.5918593
207792,0.26603755
207801,0.14714146
207811,0.52512264
207817,0.6870297
207818,0.53356457
207819,0.38300028
207830,0.3563322
207834,0.587208
207841,0.71453077
207844,0.54718494
207849,0.36112177
207856,0.18804938
207865,0.12192563
207867,0.43001354
207873,0.57588136
207882,0.6796963
207887,0.24208605
207888,0.33906034
207889,0.11838658
207907,0.042771906
207921,0.7505481
207922,0.15614203
207928,0.4856102
207930,0.7216355
207940,0.14802803
207941,0.44256738
207956,0.2837725
207960,0.13982016
207961,0.57087666
207968,0.30015752
207971,0.35388175
207972,0.3987524
207975,0.550059
207976,0.50032365
207979,0.76667833
207997,0.5016482
207999,0.9012102
208008,0.5082
208027,0.6154559
208030,0.31773958
208033,0.8186391
208035,0.5774678
208040,0.39949208
208052,0.34658936
208067,0.18828423
208090,0.05781568
208100,0.29399344
208102,0.14950494
208110,0.37471673
208117,0.21032381
208119,0.44988158
208123,0.70547605
208127,0.91971236
208136,0.17050587
208139,0.024652818
208140,0.13817334
208144,0.5008793
208149,0.14040098
208156,0.5589007
208166,0.5713923
208168,0.52118635
208170,0.75343835
208172,0.60835683
208178,0.33773518
208193,0.36325788
208195,0.1776426
208211,0.20046389
208213,0.32986942
208229,0.510785
208231,0.7866272
208235,0.13568765
208238,0.5998297
208240,0.52467644
208249,0.117387176
208262,0.44688296
208263,0.52073133
208270,0.33314314
208288,0.21418153
208292,0.67643815
208302,0.2815343
208303,0.6057236
208312,0.11519804
208317,0.19400291
208322,0.29698682
208331,0.48864853
208336,0.20768757
208337,0.49859568
208339,0.58531797
208346,0.65172845
208353,0.37813324
208358,0.22282787
208359,0.5681173
208360,0.15427864
208370,0.48364344
208373,0.12264173
208390,0.25040033
208391,0.5374481
208394,0.3006653
208396,0.25620383
208397,0.2265191
208398,0.6171631
208400,0.28323567
208410,0.222284
208420,0.20501322
208421,0.7321371
208431,0.5862056
208450,0.17847313
208451,0.67047256
208455,0.3921102
208478,0.47321433
208479,0.21815215
208482,0.26639372
208502,0.67154247
208516,0.2486892
208518,0.12350363
208534,0.4081675
208550,0.19071572
208551,0.0977506
208566,0.4717358
208567,0.32213178
208575,0.4840289
208576,0.19002557
208588,0.18465005
208590,0.484694
208595,0.15635976
208619,0.53471214
208620,0.28700525
208627,0.7961194
208629,0.40131843
208642,0.30261883
208645,0.22556245
208661,0.2594055
208662,0.030251991
208679,0.17812812
208681,0.20159094
208689,0.66984886
208696,0.19510986
208701,0.1933838
208707,0.68713045
208719,0.21770455
208720,0.47154966
208730,0.28931615
208748,0.26202527
208753,0.4682193
208755,0.42756248
208769,0.41129962
208775,0.38809776
208785,0.20696366
208796,0.3329393
208806,0.31453133
208815,0.59681547
208830,0.32844955
208833,0.4106321
208837,0.18940072
208842,0.21335723
208860,0.120897114
208874,0.3190313
208886,0.4120135
208897,0.19506222
208898,0.73722124
208905,0.67113817
208907,0.2095984
208924,0.4856984
208925,0.55159736
208933,0.26328382
208941,0.34221643
208948,0.0881239
208960,0.16986547
208962,0.27886754
208963,0.28491384
208965,0.19991645
208973,0.2825893
208974,0.53757745
208986,0.39533564
208992,0.24586336
208995,0.7231625
209001,0.21606694
209006,0.4136361
209012,0.17614765
209022,0.2713403
209055,0.77496547
209056,0.5850526
209057,0.3588188
209060,0.60458505
209067,0.153438
209071,0.5022419
209078,0.093324885
209080,0.21502943
209094,0.14377372
209097,0.17144105
209098,0.6048298
209101,0.16668049
209108,0.19616228
209109,0.3799176
209111,0.17464234
209116,0.7169364
209117,0.9091501
209121,0.083616495
209126,0.11236996
209127,0.22342157
209141,0.23199852
209142,0.5026397
209159,0.14771688
209164,0.7324865
209168,0.82184976
209177,0.2974761
209197,0.5070827
209202,0.6630667
209209,0.11242246
209211,0.47941697
209233,0.45178393
209234,0.4318041
209253,0.44039303
209260,0.21927644
209263,0.2410124
209268,0.27515483
209275,0.43923825
209288,0.29320166
209298,0.7478628
209305,0.20178995
209326,0.5740908
209340,0.2955881
209352,0.6752804
209362,0.428502
209367,0.39799055
209369,0.26272848
209377,0.23988311
209387,0.45287317
209392,0.37753183
209393,0.18628487
209420,0.06229845
209423,0.65665394
209457,0.4977124
209458,0.53566396
209470,0.42852736
209479,0.7703194
209483,0.4064024
209488,0.8185639
209489,0.24049464
209497,0.20362878
209504,0.26854602
209510,0.6641666
209513,0.17481244
209547,0.20960616
209549,0.2424555
209556,0.23490621
209561,0.6911513
209565,0.6537162
209591,0.74497086
209595,0.52915925
209596,0.68756825
209608,0.31088468
209628,0.3104248
209643,0.4730186
209645,0.32314667
209651,0.33642069
209659,0.55618674
209660,0.42019945
209661,0.6445492
209665,0.5322568
209682,0.12609112
209687,0.59604585
209689,0.36815417
209699,0.40826535
209705,0.5732753
209707,0.21361576
209713,0.29972884
209717,0.15782942
209718,0.51691085
209723,0.7160475
209727,0.16548027
209729,0.20236224
209739,0.2630129
209741,0.6582203
209744,0.7921607
209748,0.6518353
209749,0.30642548
209758,0.1378099
209761,0.26542982
209764,0.6310979
209772,0.29097438
209773,0.7314332
209794,0.3167223
209795,0.6109844
209814,0.34583727
209828,0.6080069
209838,0.33783558
209839,0.5724644
209862,0.14028059
209869,0.35147926
209872,0.36488536
209879,0.6243449
209881,0.4341288
209882,0.78125626
209893,0.80492437
209913,0.35467833
209918,0.42428738
209920,0.6455554
209921,0.16091949
209929,0.68577737
209943,0.474721
209957,0.26347128
209960,0.2595431
209962,0.44355914
209969,0.43386292
209980,0.43010134
209986,0.32660988
209989,0.5868654
209990,0.45364347
209991,0.19106947
210007,0.3625232
210016,0.26330885
210018,0.2665059
210019,0.21288283
210020,0.08154184
210036,0.17497377
210050,0.46938786
210080,0.19349262
210084,0.27788028
210089,0.63495034
210104,0.4692913
210129,0.24871966
210135,0.27325436
210137,0.48474324
210140,0.6581271
210145,0.23319386
210146,0.33339107
210147,0.38815266
210152,0.08957012
210157,0.21898364
210158,0.5264486
210164,0.32806838
210170,0.25496688
210171,0.09755651
210173,0.7853967
210174,0.5992118
210176,0.43393704
210190,0.086072035
210191,0.6855099
210195,0.7067582
210196,0.14238594
210201,0.12680113
210211,0.43533754
210231,0.23716885
210239,0.69305766
210241,0.26228964
210242,0.11149864
210255,0.44602272
210278,0.6328699
210283,0.07014217
210284,0.5137088
210304,0.17495485
210307,0.19215864
210330,0.22956836
210332,0.3164844
210350,0.8569183
210379,0.17191108
210385,0.32369697
210401,0.31928253
210405,0.34013164
210413,0.84014636
210414,0.6067385
210415,0.5336728
210419,0.51931673
210429,0.19810739
210467,0.881736
210481,0.16840844
210482,0.14669955
210492,0.35147956
210502,0.7060068
210523,0.15201555
210525,0.6963135
210529,0.5400872
210538,0.14241728
210543,0.29322082
210549,0.23968111
210551,0.40436918
210555,0.60518944
210558,0.64172846
210591,0.4444619
210597,0.6933597
210599,0.25859705
210610,0.3806581
210616,0.61099917
210618,0.27184454
210622,0.8204391
210639,0.5452616
210645,0.18910557
210650,0.320853
210672,0.112989716
210676,0.43480602
210683,0.50616
210697,0.8190561
210701,0.21265218
210706,0.5632998
210712,0.69503415
210717,0.48407337
210728,0.6778753
210729,0.27831927
210730,0.43158606
210731,0.23957877
210733,0.71842945
210735,0.3267333
210742,0.17413467
210748,0.11419379
210749,0.60152787
210758,0.41144967
210767,0.4759536
210769,0.45940536
210777,0.49582165
210789,0.0761417
210791,0.25876036
210794,0.17238306
210811,0.39115575
210814,0.11354573
210821,0.35514688
210833,0.2934575
210835,0.20789598
210859,0.19301872
210862,0.29783678
210870,0.31980366
210886,0.19357197
210893,0.15846018
210901,0.20236114
210906,0.73166955
210913,0.36410648
210953,0.27613977
210961,0.15560645
210962,0.8096304
210966,0.42435625
210983,0.5297798
211000,0.4611645
211025,0.6853766
211036,0.12323679
211043,0.6071151
211062,0.70265836
211076,0.4010989
211085,0.44164255
211096,0.2269878
211097,0.8229019
211098,0.5427115
211103,0.3853721
211108,0.5980726
211131,0.5341678
211135,0.65063727
211139,0.09377679
211146,0.22345845
211150,0.16567843
211158,0.2298623
211170,0.75723577
211177,0.47341704
211183,0.59837353
211187,0.48720425
211191,0.14184228
211194,0.77747035
211196,0.71162397
211203,0.1051491
211209,0.6787048
211210,0.55436146
211211,0.5149344
211232,0.1994983
211244,0.7326744
211263,0.2254893
211264,0.5802544
211270,0.19070934
211278,0.17291144
211292,0.34065273
211293,0.25443786
211295,0.46962583
211296,0.51888955
211308,0.50790775
211310,0.23547854
211312,0.58171123
211325,0.19975042
211326,0.27289805
211330,0.45563516
211333,0.10914344
211341,0.23057824
211342,0.05069957
211350,0.21225753
211355,0.45394516
211357,0.6168731
211358,0.4494139
211362,0.3318631
211377,0.31357267
211378,0.6715762
211379,0.56781536
211384,0.60929817
211395,0.5995745
211398,0.30354652
211399,0.13830866
211417,0.31020725
211419,0.73227304
211420,0.17931949
211439,0.6810553
211442,0.2145216
211451,0.22014272
211457,0.4417133
211469,0.41524634
211483,0.1495276
211505,0.52005225
211508,0.13881236
211509,0.48809776
211510,0.47205904
211526,0.33058172
211547,0.30921686
211548,0.44038317
211550,0.17971857
211551,0.37229887
211553,0.7402005
211562,0.42201734
211563,0.18650524
211564,0.66504854
211565,0.55648845
211571,0.73240983
211572,0.8381016
211577,0.39948133
211580,0.6120961
211609,0.22312725
211625,0.6426829
211635,0.69917315
211646,0.3905191
211660,0.40317994
211670,0.66319126
211672,0.3218078
211688,0.16869141
211694,0.22790538
211696,0.42663693
211711,0.7368018
211718,0.26398674
211732,0.24107072
211735,0.23875791
211736,0.43072
211740,0.34709522
211741,0.10102611
211746,0.22671866
211751,0.41837576
211754,0.2810686
211770,0.40258327
211771,0.42946142
211787,0.8382593
211788,0.48618552
211802,0.31077358
211804,0.27002567
211810,0.7095796
211832,0.35659853
211839,0.34087014
211860,0.30491397
211863,0.6915814
211866,0.18873538
211869,0.46965596
211872,0.32691422
211894,0.2808833
211901,0.35080284
211902,0.779916
211903,0.7361912
211946,0.13765654
211950,0.45932493
211959,0.26031736
211964,0.4590916
211965,0.25545722
211979,0.31390917
211983,0.7326028
211986,0.47818094
211987,0.18683346
211988,0.32903942
211999,0.20505443
212002,0.3480359
212004,0.28407815
212009,0.43715516
212015,0.21766376
212023,0.37300977
212048,0.54130125
212055,0.17798923
212067,0.09650105
212079,0.175903
212080,0.15227057
212083,0.18559274
212085,0.6719828
212088,0.22045685
212089,0.2271567
212092,0.20255493
212097,0.49979684
212124,0.20145208
212132,0.2141591
212136,0.4522066
212144,0.2742381
212145,0.54544544
212167,0.18353619
212174,0.7941495
212175,0.3214904
212187,0.8238659
212191,0.19605714
212194,0.6701661
212238,0.36753437
212242,0.25187778
212245,0.31822452
212258,0.21925989
212262,0.2517115
212277,0.113479055
212283,0.20322366
212287,0.46709564
212288,0.62939066
212289,0.31922677
212293,0.32173038
212296,0.71282005
212300,0.7416317
212303,0.6642482
212326,0.2856422
212327,0.47361168
212328,0.0704484
212329,0.1311474
212339,0.4526778
212340,0.34481555
212343,0.18311132
212360,0.07780706
212389,0.42978185
212401,0.46770453
212407,0.15210155
212409,0.5297734
212422,0.39319605
212424,0.637178
212440,0.24534309
212441,0.7292358
212443,0.26575953
212448,0.18795949
212472,0.57027084
212478,0.4389058
212481,0.23727417
212493,0.5598506
212508,0.47311056
212511,0.22885978
212525,0.12917963
212531,0.46503133
212533,0.034113746
212555,0.28488418
212592,0.58301455
212610,0.2843351
212621,0.68007815
212629,0.36841333
212635,0.48859078
212636,0.08180337
212637,0.4743806
212643,0.52523816
212648,0.265624
212654,0.8099994
212655,0.6062871
212660,0.46857062
212661,0.44402936
212664,0.57215804
212669,0.12755193
212670,0.3607082
212674,0.748159
212676,0.79326385
212690,0.1822632
212691,0.4111691
212696,0.2604065
212710,0.48469794
212712,0.12513258
212716,0.32190025
212718,0.52068985
212720,0.40816438
212723,0.37257254
212730,0.20131601
212740,0.12549493
212747,0.603579
212763,0.4067532
212773,0.14402446
212775,0.28869665
212776,0.30818224
212777,0.81249404
212781,0.5611424
212782,0.81308526
212785,0.20396224
212786,0.48646882
212795,0.16247085
212800,0.50108624
212818,0.444761
212834,0.36478242
212837,0.44733694
212841,0.3485182
212842,0.24280582
212847,0.6762439
212848,0.22274902
212851,0.27568445
212865,0.15167929
212866,0.0973848
212874,0.32468095
212880,0.24560766
212894,0.23494826
212897,0.2267815
212912,0.4935826
212913,0.13037182
212916,0.33266973
212917,0.108192034
212933,0.26637283
212935,0.3199239
212936,0.25140274
212950,0.76569283
212957,0.25650018
212958,0.27253765
212961,0.53756994
212962,0.27494532
212963,0.6255652
212964,0.5280893
212968,0.53303695
212969,0.41191116
212976,0.11850137
212978,0.29829368
212983,0.43128896
212993,0.70193386
213004,0.27879915
213008,0.1204018
213014,0.068349965
213018,0.46609914
213021,0.1953885
213024,0.39373577
213045,0.36265904
213054,0.093489274
213059,0.72630954
213076,0.36204797
213095,0.29052478
213096,0.269755
213100,0.123918645
213101,0.4397607
213109,0.3412301
213111,0.11333389
213116,0.1354653
213133,0.77212954
213140,0.41342074
213141,0.4443771
213143,0.79392624
213150,0.17721888
213152,0.36007234
213158,0.3586933
213159,0.2936187
213166,0.296267
213167,0.87376237
213170,0.7171083
213178,0.4751822
213179,0.13186249
213189,0.17364036
213196,0.37945092
213201,0.091269545
213203,0.2486218
213204,0.32520354
213205,0.2012183
213206,0.31808817
213207,0.7514924
213208,0.18080433
213212,0.14573082
213214,0.10950144
213220,0.11737638
213240,0.17542307
213244,0.14232828
213263,0.85905814
213264,0.51431394
213265,0.09101841
213270,0.26601905
213283,0.45762557
213287,0.33249334
213292,0.59386724
213295,0.5225021
213299,0.8264806
213303,0.29023716
213307,0.3976231
213308,0.335366
213312,0.7775008
213313,0.22134095
213316,0.13739036
213317,0.5974191
213338,0.6133637
213357,0.28041655
213368,0.6712698
213374,0.3315663
213375,0.23046748
213386,0.5937753
213390,0.3774257
213393,0.1650301
213401,0.5263012
213423,0.35487363
213430,0.4031703
213431,0.46200973
213447,0.10248376
213465,0.29379383
213468,0.21176359
213473,0.6677028
213475,0.48458365
213476,0.29817444
213482,0.08615927
213493,0.5514751
213531,0.6550058
213534,0.34450853
213542,0.13378227
213546,0.41812268
213569,0.27796063
213570,0.43959433
213588,0.18733652
213591,0.17225339
213595,0.118163936
213597,0.19833937
213598,0.2954994
213604,0.5375336
213622,0.22507904
213623,0.8187229
213633,0.15277816
213639,0.059767876
213641,0.19230832
213649,0.34943226
213671,0.3150598
213675,0.20222047
213679,0.42602372
213680,0.39406258
213684,0.549303
213685,0.24695171
213689,0.099040516
213691,0.86804134
213693,0.18147923
213712,0.26773575
213717,0.16289973
213734,0.64395374
213739,0.7805418
213765,0.41495958
213775,0.1147416
213776,0.65566486
213804,0.7793706
213808,0.18245412
213818,0.7103169
213821,0.1989473
213829,0.28543362
213836,0.5045248
213838,0.41073734
213843,0.39529094
213854,0.40538287
213859,0.60355896
213862,0.9014898
213874,0.6144934
213878,0.68709534
213886,0.062063206
213888,0.20285834
213892,0.41811633
213910,0.37550437
213921,0.39117905
213926,0.45906004
213928,0.2649187
213935,0.16428158
213949,0.29702556
213957,0.63441354
213959,0.3175316
213967,0.30012378
213974,0.38081065
213975,0.35120013
213983,0.29480684
213984,0.21360338
213998,0.489233
214004,0.17489874
214006,0.19562311
214008,0.31744906
214014,0.23381034
214015,0.3559576
214034,0.14830786
214059,0.28936166
214067,0.033105556
214077,0.34718436
214078,0.34201893
214079,0.3019843
214085,0.42154962
214088,0.67747456
214099,0.22233102
214138,0.25543728
214141,0.08431058
214152,0.5221755
214154,0.13374986
214155,0.2424785
214177,0.26404575
214188,0.10336712
214192,0.37878373
214207,0.27274466
214217,0.34736064
214219,0.55894923
214228,0.38281813
214229,0.6368512
214233,0.41769433
214236,0.5637046
214242,0.2112638
214249,0.04000677
214263,0.18610552
214264,0.1605558
214265,0.29124647
214268,0.4763495
214281,0.24811432
214282,0.19816297
214295,0.39338398
214311,0.16806385
214315,0.31951505
214325,0.26082388
214334,0.32075903
214336,0.2738923
214337,0.36537352
214342,0.82135236
214344,0.6046544
214349,0.38104635
214355,0.12975267
214356,0.1812563
214358,0.26880467
214363,0.21470685
214364,0.10949947
214371,0.38875946
214377,0.8524306
214379,0.2771904
214383,0.6180672
214406,0.051108494
214407,0.5332726
214411,0.36653087
214415,0.52157915
214418,0.71263987
214419,0.09567642
214421,0.18164586
214430,0.15353557
214436,0.25300226
214463,0.6537412
214472,0.55244124
214474,0.732214
214476,0.28400347
214478,0.16480072
214481,0.49511495
214484,0.09272578
214488,0.6528651
214491,0.59499955
214505,0.5601727
214507,0.31412858
214510,0.43308607
214518,0.4567466
214523,0.8006765
214539,0.27832934
214542,0.4556279
214544,0.46503484
214553,0.23587433
214554,0.3891491
214561,0.46260795
214563,0.47369125
214566,0.2111013
214581,0.26699173
214587,0.34315634
214588,0.38237748
214589,0.5716341
214593,0.65177035
214620,0.39248887
214630,0.5620504
214643,0.38598233
214644,0.6187369
214647,0.2986841
214654,0.109076366
214657,0.25841603
214658,0.37423345
214662,0.33780017
214666,0.6158189
214680,0.16951992
214685,0.166729
214693,0.12972397
214701,0.2754753
214705,0.27985254
214706,0.37165353
214719,0.38036665
214721,0.92428714
214724,0.18697128
214741,0.35273522
214769,0.33909708
214777,0.07195301
214780,0.49460012
214786,0.3169596
214789,0.30974576
214797,0.3552798
214804,0.25282156
214808,0.52795136
214810,0.8091625
214828,0.8286901
214830,0.21416558
214835,0.652424
214844,0.22888926
214859,0.8764791
214861,0.21419163
214863,0.39885092
214887,0.14589669
214898,0.20026907
214906,0.44070375
214913,0.18913966
214915,0.5005835
214937,0.18358526
214944,0.52690345
214948,0.5867283
214970,0.48269534
214976,0.48823944
214999,0.65782714
215000,0.6985881
215016,0.20592964
215024,0.065544866
215029,0.825601
215033,0.91374487
215037,0.79216564
215054,0.15806162
215057,0.25197202
215064,0.33956823
215074,0.5336482
215077,0.4878475
215082,0.2364542
215096,0.16917376
215101,0.2304065
215103,0.16246209
215109,0.5951205
215124,0.4880488
215142,0.60476625
215143,0.13640901
215145,0.23686126
215157,0.13827042
215159,0.14461464
215161,0.40100864
215166,0.34595594
215177,0.50433224
215186,0.55899364
215194,0.3914166
215196,0.19343056
215204,0.79106176
215211,0.49464875
215230,0.5237159
215241,0.19885196
215256,0.7262269
215257,0.3303145
215266,0.6468136
215267,0.08680535
215268,0.11846648
215278,0.6955553
215280,0.8610162
215318,0.7771144
215326,0.26338482
215331,0.30729902
215337,0.12734634
215344,0.22022365
215346,0.3756459
215348,0.5383755
215351,0.13897738
215358,0.5806444
215360,0.43501112
215367,0.22242656
215369,0.37474376
215383,0.20037013
215395,0.6998825
215407,0.38577288
215408,0.29404294
215412,0.2061284
215433,0.17858276
215454,0.5485301
215463,0.6693638
215488,0.09108996
215508,0.58950686
215512,0.045377485
215516,0.6453521
215525,0.5107504
215531,0.46988195
215534,0.48342037
215537,0.35677367
215539,0.13666542
215548,0.14364907
215554,0.45198804
215556,0.16895753
215559,0.773931
215560,0.37979293
215563,0.30881923
215564,0.121768944
215569,0.58798146
215574,0.84750277
215586,0.53546095
215594,0.6453947
215608,0.358021
215614,0.3641208
215623,0.6340084
215628,0.673406
215637,0.8203002
215638,0.7924895
215649,0.27177995
215651,0.21479514
215653,0.1732401
215678,0.26758263
215708,0.31771445
215711,0.58836716
215733,0.49651882
215739,0.06258247
215742,0.15876111
215756,0.4494525
215772,0.52447706
215775,0.71444714
215791,0.20539807
215796,0.5204044
215803,0.2307568
215805,0.3399692
215807,0.10197281
215829,0.2708166
215855,0.29142353
215856,0.6511507
215860,0.43444985
215861,0.33956796
215877,0.15738557
215883,0.35698336
215889,0.32548356
215897,0.27900016
215898,0.1138407
215901,0.2464865
215908,0.33482704
215910,0.9621993
215911,0.13850264
215923,0.22445786
215928,0.29136068
215934,0.50684327
215936,0.54836607
215947,0.061600685
215951,0.27858147
215958,0.035200182
215959,0.35604113
215963,0.43080664
215968,0.72886705
215972,0.33477354
215976,0.383822
215978,0.43025994
215981,0.20230736
215999,0.1258802
216001,0.7965792
216012,0.33617228
216020,0.6778018
216035,0.32854334
216038,0.7736323
216041,0.34606668
216049,0.51708627
216065,0.3360985
216096,0.8060724
216110,0.1202526
216115,0.5248026
216121,0.27186427
216122,0.87844145
216129,0.33915713
216131,0.54670787
216138,0.48989287
216142,0.44952357
216143,0.2595434
216150,0.1705832
216180,0.39826435
216184,0.27005967
216189,0.23236652
216190,0.8226024
216197,0.15893358
216218,0.8263961
216219,0.56134707
216221,0.39328054
216231,0.14536946
216240,0.6648606
216272,0.29080868
216281,0.53275764
216284,0.10327591
216290,0.3614971
216297,0.32073146
216305,0.13595597
216338,0.5595929
216339,0.65110993
216346,0.3284185
216349,0.648528
216350,0.75027317
216351,0.32280716
216353,0.2439994
216355,0.42296997
216364,0.5871118
216387,0.38126722
216392,0.2134914
216393,0.65397394
216399,0.06362822
216416,0.26739973
216433,0.36742932
216435,0.13408217
216442,0.6867111
216458,0.48266137
216461,0.79675937
216468,0.6312891
216469,0.5041022
216471,0.4050755
216473,0.6766192
216475,0.2776673
216496,0.3157161
216510,0.32489958
216511,0.600908
216515,0.18857463
216516,0.51053447
216521,0.13035998
216532,0.30494654
216548,0.118074626
216551,0.4734638
216560,0.3314883
216562,0.29333523
216563,0.30024764
216565,0.32655287
216582,0.31474584
216587,0.5821441
216589,0.3453122
216597,0.45417058
216606,0.29917228
216607,0.059687886
216608,0.6284269
216621,0.2449381
216622,0.15758976
216627,0.43563533
216636,0.43072885
216647,0.15851077
216655,0.6386914
216659,0.54370254
216666,0.7259029
216676,0.34081945
216677,0.2086072
216679,0.547429
216681,0.38930598
216686,0.20522098
216687,0.40695345
216694,0.4498811
216697,0.13517722
216714,0.27467966
216719,0.41793194
216720,0.2411371
216721,0.46748912
216723,0.43404514
216740,0.6420864
216746,0.41194573
216747,0.2894322
216751,0.39699304
216758,0.3840907
216768,0.18578528
216778,0.3514778
216786,0.430937
216801,0.6115371
216802,0.67566687
216807,0.13990581
216808,0.14153099
216810,0.44443116
216818,0.18915118
216823,0.28657418
216826,0.08880403
216827,0.12373898
216828,0.48553917
216840,0.7824405
216844,0.38708112
216845,0.49656197
216851,0.5880979
216857,0.26201406
216858,0.20557025
216862,0.13900171
216874,0.17186166
216880,0.14797187
216900,0.36544144
216902,0.30855966
216903,0.3263562
216904,0.33048767
216931,0.28114745
216936,0.219557
216938,0.64754236
216952,0.620143
216954,0.3963005
216955,0.29025832
216961,0.40189138
216981,0.7300977
216985,0.13047945
216992,0.4491207
216995,0.20795552
216997,0.14844361
216998,0.32088
216999,0.3915385
217022,0.64630127
217034,0.4023185
217038,0.3209404
217050,0.26485914
217055,0.23808758
217064,0.6091051
217071,0.18125561
217078,0.6594171
217083,0.7354377
217084,0.095898345
217086,0.40949476
217096,0.54125476
217101,0.73620313
217109,0.45850652
217118,0.32161078
217121,0.65708435
217125,0.54846823
217130,0.77330625
217136,0.4490677
217137,0.32784906
217143,0.11531353
217148,0.27479592
217155,0.24628633
217162,0.23090415
217172,0.35582903
217174,0.29521522
217175,0.7397769
217177,0.31507215
217178,0.7726318
217192,0.23253928
217220,0.09542133
217221,0.34726688
217223,0.075673394
217232,0.24849656
217243,0.28859463
217248,0.50655645
217250,0.42641622
217271,0.5476547
217283,0.15833038
217297,0.73907435
217323,0.56636655
217326,0.1359462
217334,0.38813815
217338,0.23286134
217341,0.83335906
217342,0.71079344
217355,0.12020985
217362,0.4264484
217366,0.6786027
217367,0.4971701
217371,0.4647347
217383,0.50105715
217401,0.62635535
217404,0.5080401
217419,0.15603906
217422,0.59781224
217423,0.07394568
217427,0.44833782
217429,0.33954966
217430,0.16951975
217441,0.41156015
217444,0.12250508
217465,0.15747567
217471,0.14646514
217488,0.4452431
217493,0.3217782
217509,0.695075
217510,0.2923199
217511,0.7297079
217519,0.5019322
217522,0.6174867
217562,0.38047743
217574,0.43029755
217577,0.07130249
217579,0.5125731
217596,0.13021323
217602,0.12413749
217612,0.51086134
217632,0.3820284
217635,0.124289446
217636,0.70000464
217638,0.57836527
217639,0.48568597
217651,0.4500788
217652,0.084280595
217663,0.80352944
217669,0.23102015
217686,0.46896586
217699,0.30417696
217700,0.7209818
217703,0.20542727
217706,0.70369154
217714,0.53710794
217732,0.15391998
217736,0.5259466
217749,0.8299061
217763,0.114743836
217770,0.39406052
217771,0.21403712
217772,0.51092905
217776,0.38679513
217777,0.31021985
217778,0.61610603
217782,0.13894951
217790,0.56748873
217792,0.16343829
217793,0.43530837
217795,0.6639696
217796,0.30442342
217800,0.29263982
217804,0.21911371
217807,0.12017646
217846,0.38745192
217847,0.5584404
217853,0.18605705
217856,0.24903208
217864,0.2061594
217867,0.5115258
217868,0.74157095
217885,0.60733294
217887,0.40654835
217889,0.3221508
217900,0.15768084
217903,0.12446751
217905,0.48478997
217909,0.3305265
217913,0.1635253
217944,0.24408716
217946,0.4161864
217954,0.3021565
217956,0.5285918
217957,0.19716434
217961,0.7883004
217962,0.34058252
217976,0.33782974
217980,0.34410775
217981,0.3561921
218006,0.33882952
218009,0.41367397
218032,0.72875816
218049,0.17606069
218053,0.35071847
218078,0.50008386
218080,0.4453872
218081,0.27640224
218094,0.6865049
218098,0.18225607
218099,0.5732756
218100,0.70592475
218113,0.29296625
218117,0.34488326
218118,0.27026516
218119,0.409034
218125,0.29610145
218133,0.24263881
218153,0.6332621
218165,0.33635125
218166,0.12606543
218177,0.14062256
218178,0.29862416
218202,0.33111697
218203,0.3202682
218207,0.24342018
218209,0.49380273
218236,0.21979085
218244,0.2161391
218247,0.54093844
218250,0.19687942
218266,0.49895227
218275,0.74792194
218276,0.1643136
218287,0.46868372
218292,0.2216888
218298,0.71075016
218300,0.19521369
218320,0.29974005
218321,0.59497815
218333,0.09180134
218347,0.3293209
218353,0.16759923
218366,0.37755638
218368,0.17386712
218369,0.18907428
218372,0.5292334
218376,0.32502714
218378,0.21161743
218403,0.3437135
218413,0.48525608
218418,0.40493917
218449,0.74543524
218450,0.5196261
218458,0.20986274
218464,0.40058887
218475,0.5793136
218476,0.530297
218478,0.43969533
218515,0.3920347
218517,0.35645542
218518,0.5153696
218538,0.12757044
218539,0.7103178
218550,0.734619
218551,0.25896937
218565,0.73619187
218580,0.13122365
218591,0.59308875
218598,0.04250742
218600,0.3746522
218602,0.58407265
218607,0.6433538
218651,0.32746226
218652,0.23542677
218656,0.90520763
218658,0.2995201
218669,0.65590894
218670,0.409213
218671,0.26319632
218677,0.41715452
218680,0.3435644
218685,0.0344049
218686,0.73324966
218692,0.36961865
218693,0.5132389
218699,0.7687235
218709,0.2703979
218729,0.21411674
218734,0.1884774
218742,0.20099482
218743,0.15308274
218756,0.37644672
218772,0.3268201
218782,0.26121184
218786,0.3967049
218788,0.39900857
218796,0.20864207
218801,0.26798686
218812,0.22149202
218832,0.6515827
218834,0.55794567
218846,0.8197562
218847,0.8330856
218848,0.120198265
218853,0.5227084
218865,0.39859015
218870,0.09426479
218873,0.20250012
218884,0.18582225
218893,0.44999835
218898,0.10248505
218911,0.4355188
218933,0.5887179
218934,0.2793876
218939,0.21552204
218948,0.16954067
218957,0.6671022
218962,0.56452614
218973,0.24389654
218975,0.12759246
219000,0.11095379
219001,0.24586198
219006,0.09040565
219027,0.3159979
219036,0.40308532
219043,0.6332244
219047,0.33481425
219057,0.350409
219059,0.75183785
219062,0.14183567
219074,0.12337311
219085,0.06691211
219087,0.38477382
219095,0.28713354
219114,0.2952485
219115,0.32546508
219119,0.35368574
219140,0.41503108
219147,0.33365935
219170,0.28534716
219171,0.71936184
219174,0.5216513
219177,0.3396513
219180,0.17356503
219195,0.10868111
219203,0.0847603
219207,0.41376373
219223,0.3331555
219229,0.49458426
219236,0.39689112
219238,0.42879012
219243,0.60368997
219245,0.41658404
219247,0.7538162
219273,0.20010382
219278,0.68519264
219279,0.40723267
219284,0.42095435
219319,0.23636305
219326,0.43919405
219336,0.418078
219344,0.34228146
219359,0.29727304
219360,0.15026806
219364,0.50877106
219368,0.5751146
219376,0.4118153
219382,0.05462535
219388,0.11892036
219396,0.6840759
219398,0.5790196
219403,0.35257494
219405,0.19539006
219406,0.47527254
219410,0.32127666
219424,0.5902984
219446,0.15883172
219450,0.09500983
219451,0.47552058
219464,0.1624852
219465,0.24012876
219469,0.18665023
219472,0.7395667
219482,0.42840382
219506,0.2549146
219507,0.52088886
219516,0.70962554
219521,0.66985667
219564,0.8853439
219565,0.1669903
219568,0.20461509
219570,0.07143841
219578,0.17201354
219579,0.8125112
219588,0.48035398
219593,0.5698828
219594,0.28677243
219601,0.24205643
219608,0.17378306
219616,0.4132818
219620,0.4362583
219621,0.31188458
219628,0.26262566
219632,0.50182366
219637,0.44364357
219670,0.46323937
219688,0.05256913
219704,0.5049519
219717,0.4999249
219723,0.63130593
219741,0.6913096
219772,0.6098881
219774,0.24603926
219775,0.38584605
219778,0.3160616
219787,0.49635148
219788,0.70834947
219806,0.5229753
219811,0.23989911
219815,0.24336939
219817,0.34976178
219835,0.3055727
219845,0.11990862
219848,0.16970497
219864,0.5047593
219866,0.29060453
219868,0.31113043
219870,0.3198181
219886,0.43923512
219908,0.23592827
219910,0.5935606
219914,0.39709932
219925,0.5944148
219935,0.6622644
219940,0.57994825
219959,0.5205117
219962,0.42969412
219975,0.18518157
219981,0.3904227
219998,0.48475984
219999,0.55661577
220006,0.33464426
220010,0.8296475
220012,0.2977331
220014,0.17099859
220018,0.2129801
220019,0.4437153
220021,0.38805234
220058,0.10306596
220060,0.68621475
220061,0.15598133
220063,0.2924148
220066,0.6917857
220070,0.16202688
220071,0.63820535
220082,0.38633728
220094,0.45855722
220107,0.3043825
220114,0.48288152
220120,0.13568154
220126,0.5090015
220143,0.14472057
220147,0.67748404
220157,0.5332046
220160,0.4687216
220169,0.28201255
220177,0.27167818
220181,0.31195617
220186,0.19706088
220189,0.2778303
220206,0.77792233
220221,0.5011716
220227,0.4055007
220228,0.6777429
220248,0.42665976
220277,0.60588324
220304,0.73343295
220311,0.23593138
220315,0.4070461
220316,0.21377403
220323,0.11826713
220325,0.25616667
220358,0.22079621
220363,0.42417446
220369,0.5061403
220370,0.23463856
220380,0.3912957
220386,0.79412067
220387,0.28882635
220393,0.055110835
220394,0.38859263
220412,0.5642394
220415,0.17593388
220416,0.7726938
220417,0.56396383
220418,0.28726783
220422,0.14331165
220431,0.49376518
220439,0.7467433
220456,0.19750981
220458,0.2513586
220468,0.11491601
220474,0.26015002
220479,0.506296
220494,0.13610654
220501,0.7021077
220503,0.21213165
220511,0.12775472
220514,0.5613283
220516,0.8587311
220521,0.5528002
220530,0.41120213
220562,0.06162934
220565,0.19196256
220582,0.18424498
220594,0.22627144
220600,0.7568858
220614,0.2655932
220621,0.6646707
220624,0.6818089
220629,0.41775453
220632,0.3585758
220639,0.10902424
220655,0.13117465
220664,0.109795645
220670,0.16826081
220686,0.056659177
220699,0.5003567
220714,0.13210063
220729,0.46105337
220732,0.736321
220733,0.1301774
220735,0.24411263
220740,0.17630146
220741,0.2625328
220747,0.68070614
220748,0.26723078
220749,0.47505906
220755,0.48126507
220764,0.32351458
220767,0.59432256
220772,0.40182674
220779,0.38236973
220781,0.53612936
220790,0.09391056
220806,0.24944587
220811,0.15031673
220816,0.38241687
220822,0.27053076
220827,0.6967341
220828,0.39586112
220829,0.6092059
220832,0.3314886
220833,0.5319048
220841,0.63431877
220842,0.28514686
220856,0.5223026
220874,0.6634042
220881,0.5693951
220882,0.29991883
220887,0.21112518
220893,0.3310857
220909,0.16219258
220916,0.33932126
220917,0.8183364
220918,0.66814774
220924,0.21853781
220931,0.411882
220932,0.37282804
220949,0.19060515
220950,0.6291381
220956,0.27766103
220972,0.054795817
220994,0.19882643
221004,0.85869116
221008,0.7764821
221011,0.2825968
221030,0.17048025
221032,0.30121514
221035,0.10775704
221058,0.4061352
221059,0.20833956
221075,0.5057856
221079,0.3042693
221080,0.25765422
221107,0.4059053
221116,0.8609827
221129,0.61686945
221148,0.31410882
221158,0.16132689
221165,0.38563305
221169,0.39459276
221171,0.4313036
221198,0.6964027
221202,0.2532677
221205,0.75380695
221223,0.42319945
221227,0.25759086
221228,0.14330372
221234,0.42797902
221242,0.4686416
221252,0.82913285
221256,0.403157
221260,0.6177097
221261,0.45880646
221264,0.15304177
221267,0.2845503
221272,0.31098378
221284,0.5098175
221292,0.5855983
221311,0.376392
221322,0.41311193
221327,0.44838572
221339,0.31514266
221371,0.28480121
221372,0.2932582
221404,0.3405964
221411,0.19743127
221438,0.2736156
221451,0.4758146
221465,0.544102
221477,0.6536115
221483,0.15051104
221493,0.40590218
221495,0.0922973
221498,0.49897915
221500,0.7018919
221506,0.5938334
221513,0.4567122
221523,0.44683015
221528,0.17708734
221529,0.538502
221530,0.23296106
221531,0.39617896
221549,0.2930992
221550,0.25581154
221565,0.74540114
221570,0.5695967
221573,0.05698966
221575,0.33792958
221576,0.45487434
221604,0.5572727
221615,0.38337168
221626,0.09871149
221629,0.64149916
221630,0.39464438
221636,0.32096392
221656,0.2413374
221659,0.26997975
221663,0.6764835
221665,0.33309457
221675,0.661476
221676,0.091037266
221677,0.47168022
221679,0.124155834
221707,0.31506494
221712,0.5866739
221717,0.31736773
221725,0.39525956
221733,0.39058825
221741,0.19181009
221747,0.12255239
221762,0.36326858
221763,0.111854695
221770,0.3439103
221771,0.2642967
221787,0.14503023
221793,0.07643227
221804,0.29431927
221805,0.032798294
221825,0.51636547
221827,0.57134414
221828,0.5097322
221829,0.26278618
221845,0.7698606
221859,0.27030456
221860,0.22628672
221867,0.6253809
221868,0.44904944
221870,0.6538543
221876,0.4237662
221884,0.61831987
221895,0.22061826
221911,0.5025613
221921,0.40447485
221931,0.55945194
221935,0.4984283
221955,0.39928105
221959,0.06175723
221966,0.30635813
221974,0.19871709
221981,0.3408781
222002,0.89210606
222010,0.08917487
222012,0.59952277
222013,0.6809145
222023,0.48140344
222034,0.29401454
222048,0.38558185
222052,0.71376616
222059,0.5486805
222060,0.35372257
222061,0.23894136
222067,0.21543084
222076,0.80393595
222081,0.75134444
222120,0.22040482
222121,0.4561952
222133,0.4979063
222149,0.6353405
222150,0.28120756
222153,0.2539091
222154,0.19509353
222159,0.3932146
222165,0.4447559
222167,0.11073836
222170,0.6116921
222178,0.63789195
222179,0.3822611
222188,0.18268125
222189,0.22636347
222195,0.5669985
222198,0.5188181
222224,0.16250971
222234,0.17553635
222254,0.47204936
222256,0.5212329
222264,0.3229757
222281,0.16373292
222296,0.85501504
222303,0.57715136
222309,0.28185248
222310,0.22901903
222313,0.619636
222321,0.63702095
222322,0.25672132
222328,0.5672334
222333,0.34316787
222334,0.58886456
222338,0.100625396
222347,0.6475065
222349,0.2589294
222351,0.17241757
222352,0.48960727
222357,0.32111877
222362,0.082092024
222381,0.6089007
222392,0.19390938
222401,0.6324525
222413,0.40574282
222422,0.25719312
222423,0.51378226
222430,0.26920635
222432,0.44359535
222452,0.22433308
222459,0.50426626
222473,0.22703172
222475,0.37560618
222481,0.56542236
222482,0.6035497
222489,0.089917034
222496,0.2930427
222505,0.47490296
222516,0.17580988
222537,0.45399287
222555,0.21696208
222566,0.46507144
222572,0.3111922
222577,0.47194833
222618,0.33516705
222619,0.17526129
222624,0.2212584
222625,0.28246048
222626,0.14938611
222629,0.326019
222634,0.096610904
222636,0.6016751
222637,0.132576
222641,0.10868125
222646,0.4110704
222648,0.7188184
222659,0.13348879
222663,0.26057222
222665,0.24253644
222671,0.5212529
222674,0.21753286
222675,0.3282703
222707,0.5491637
222709,0.16092478
222711,0.47742525
222717,0.60696495
222728,0.68211454
222752,0.6662803
222753,0.21338584
222755,0.20816483
222765,0.099742375
222768,0.60695714
222769,0.7766334
222783,0.662498
222799,0.37962106
222821,0.11041866
222825,0.6803864
222837,0.73563117
222862,0.62723356
222863,0.41027206
222869,0.43816227
222876,0.23062743
222892,0.41431633
222898,0.29886532
222912,0.113754794
222920,0.2111676
222926,0.37040892
222934,0.43235308
222938,0.2842678
222945,0.5369552
222947,0.17744543
222966,0.71308005
222971,0.6227058
222994,0.12638697
223008,0.56851935
223019,0.08912144
248934,0.31571263
223040,0.35078254
223042,0.6965261
223049,0.13059482
223051,0.20436083
223056,0.15764247
223058,0.497334
223064,0.39213756
223067,0.18614861
223073,0.68841875
223075,0.2424848
223078,0.5639113
223079,0.45378
223082,0.5739983
223098,0.7998307
223112,0.15833218
223116,0.52097464
223121,0.5470256
223128,0.64021593
223135,0.34781563
223136,0.36931118
223144,0.11623479
223151,0.23544003
223157,0.38827923
223181,0.40513083
223190,0.38187066
223197,0.59167254
223205,0.49989644
223209,0.22687444
223221,0.8009624
223235,0.7212287
223238,0.2953441
223244,0.31226614
223258,0.21155106
223262,0.4137433
223272,0.48482567
223288,0.43100426
223298,0.26015264
223310,0.4134247
223320,0.23624682
223357,0.8172719
223365,0.14510535
223369,0.2710027
223375,0.60590804
223384,0.10556426
248951,0.28789183
223393,0.15417464
223412,0.291317
223428,0.3828094
223440,0.7816757
223456,0.8624169
223470,0.26170936
223471,0.34039056
223484,0.0906042
223488,0.74387383
223489,0.3016185
223490,0.26684713
223492,0.15565866
223496,0.44595557
223503,0.095646575
223507,0.35389924
223518,0.5903502
223519,0.2639085
223521,0.15311304
223524,0.12466242
223526,0.1387321
223527,0.71116126
223529,0.23145089
223534,0.23941047
223538,0.65939677
223547,0.11328415
223549,0.20658642
223551,0.6315702
223552,0.47750482
223567,0.24072418
223571,0.6161057
223582,0.11004557
223584,0.34806958
223585,0.77615243
223586,0.30585253
223588,0.06179195
223592,0.16481015
223594,0.2304529
223607,0.62487227
223608,0.14100721
223609,0.79148865
248954,0.49652612
223610,0.14166707
223611,0.29149315
223635,0.3066018
223636,0.16580799
223638,0.32018945
223649,0.10786077
223670,0.51313776
223688,0.31228378
223698,0.2823614
223699,0.71621376
223716,0.393892
223718,0.52243257
248961,0.21579207
223720,0.19546457
223727,0.2139897
223729,0.101864606
223739,0.33039314
223740,0.2899379
223741,0.2663771
223750,0.24747671
223752,0.199064
223764,0.5989608
223781,0.1001772
223783,0.63041764
223794,0.16389541
223808,0.35315707
223810,0.5220043
223814,0.39805743
223817,0.5639666
223830,0.65558594
223839,0.18315214
223849,0.39742777
223851,0.8249625
223854,0.54987764
223888,0.796187
223914,0.5385192
223923,0.28633714
223925,0.066269904
223939,0.15719445
223949,0.40819833
223951,0.7344114
223952,0.5267379
223967,0.25020584
223971,0.7956074
223974,0.20449153
223978,0.31719235
223991,0.54649067
224008,0.28635
224016,0.030090824
224024,0.31808192
224039,0.22447959
224040,0.5792981
224044,0.50778216
224047,0.40575272
224055,0.16575393
224061,0.48501235
224065,0.20698217
224079,0.31032127
224080,0.19058885
224089,0.32499003
224094,0.7489747
224095,0.60500824
224109,0.5064097
224111,0.16866386
224112,0.34319347
224134,0.69923645
224135,0.21885982
224138,0.6590871
224139,0.21045618
224158,0.37936848
224161,0.6904982
224171,0.61541986
224182,0.7312589
224191,0.5305367
224194,0.18846881
224195,0.37610868
224205,0.4165738
224206,0.4510569
224211,0.038895402
224213,0.18492806
224214,0.38864297
224236,0.34819233
224239,0.7022615
224241,0.6368481
224251,0.2865162
224259,0.5407483
224262,0.496711
224263,0.20653322
224268,0.21030207
224270,0.28991538
224282,0.5742692
224300,0.16875385
224315,0.33795664
224319,0.1723194
224325,0.10585379
224337,0.32911858
224339,0.56429493
224343,0.11564256
224344,0.49376667
224347,0.5573457
224353,0.589904
224363,0.22339574
224370,0.40619126
224379,0.28500047
224380,0.55157936
224393,0.37435746
224395,0.29164544
224407,0.43305707
224408,0.17321332
224426,0.37518203
224427,0.24631442
224428,0.16891815
224437,0.86982065
224444,0.048549466
224445,0.6155674
224459,0.12499292
224473,0.8551451
224488,0.5997326
224490,0.6639651
224493,0.68531924
224494,0.5832441
248966,0.21375024
224495,0.4312638
224499,0.20295659
224524,0.28146484
224528,0.12851489
224538,0.85080653
224553,0.5735511
224554,0.13142014
224575,0.21491991
224586,0.2040477
224593,0.3440263
224599,0.31983608
224614,0.23059472
224625,0.2112484
224626,0.297307
224627,0.37072778
224628,0.54961187
224631,0.08952948
224651,0.6509735
224658,0.4639637
224664,0.13116658
224668,0.1380887
224673,0.4724028
224674,0.26746887
224683,0.28467852
224708,0.46247497
224748,0.33001235
224756,0.3751541
224757,0.37012082
224760,0.1126074
224771,0.62092024
224772,0.14028217
224797,0.49305496
224823,0.683113
224831,0.34953222
224841,0.24252018
224843,0.5073512
248968,0.695695
224844,0.60233
224849,0.24182095
224855,0.39530057
224856,0.17582
224864,0.22177732
224871,0.36802843
224876,0.32147345
224889,0.4794764
224896,0.32072523
224899,0.28535962
224912,0.22528781
224916,0.4689454
224918,0.34592038
224925,0.40965322
224929,0.30464366
224934,0.37315705
224950,0.6583729
224953,0.3427675
224956,0.6123957
224958,0.3704379
224960,0.4403195
224971,0.7785708
224975,0.38256693
224978,0.39429978
224986,0.48384765
224987,0.4939766
224990,0.20758215
225010,0.18330464
225041,0.252763
225044,0.064284235
225045,0.27993017
225048,0.4473346
225053,0.66978097
225058,0.34060705
225075,0.14428993
225085,0.166488
225103,0.19163862
225107,0.2304926
225114,0.50493914
225122,0.3570846
225130,0.22855212
225131,0.6764272
225132,0.29518035
225134,0.21315268
225136,0.26574937
225141,0.17870283
225145,0.21906127
225146,0.22939005
225156,0.25755
225158,0.49284667
225165,0.39384836
225185,0.6117876
225194,0.5377239
225195,0.123481385
225223,0.62045324
225224,0.57669777
248977,0.18429424
225231,0.32722232
225233,0.3936198
225246,0.7548126
225281,0.36997032
225286,0.30937588
225301,0.62682176
225302,0.19859846
225336,0.41061908
225347,0.55774957
225351,0.283916
225362,0.20566036
225363,0.18538097
225364,0.28018808
225370,0.22456917
225374,0.27865177
225375,0.40335885
225380,0.20314308
225381,0.14547892
225382,0.3460465
225392,0.22787848
225410,0.42506102
225425,0.5691576
225431,0.13835187
225456,0.08720268
225460,0.56293756
225475,0.29524514
225478,0.20028117
225483,0.59701455
225499,0.7188287
225514,0.8860798
225517,0.23462471
225524,0.74470407
225532,0.22678952
225545,0.36140049
225546,0.30431437
225550,0.2289991
225580,0.6141944
225581,0.5100516
225582,0.40558895
225585,0.58951586
225601,0.5737742
225612,0.5368777
225621,0.5463542
225636,0.51398605
225639,0.39955813
225650,0.15259178
225654,0.37824607
225664,0.22082618
225665,0.8019964
225666,0.12126612
225686,0.4815316
225689,0.3189791
225691,0.15928513
225721,0.08770132
225733,0.4074314
225739,0.34723735
225741,0.70286775
225766,0.14252849
225776,0.6079059
225788,0.19333197
225792,0.21966274
225803,0.4285739
225804,0.39532647
225805,0.8003027
225808,0.14817786
225819,0.16994268
225826,0.18759479
225832,0.47311574
225850,0.19151068
225851,0.30888468
225854,0.46083683
225858,0.3434501
225875,0.24872556
225884,0.24518745
225890,0.11232758
225906,0.1977725
225908,0.44289666
225910,0.48678166
225920,0.80045605
225950,0.6412449
225990,0.45647112
225991,0.2156549
226010,0.33511892
226011,0.118347675
226018,0.28737894
226029,0.5688442
226030,0.2792566
226041,0.34080854
226044,0.19773665
226051,0.48693022
226054,0.27951878
226085,0.60221
226105,0.25798014
226116,0.819729
226130,0.49987593
226131,0.45784047
226170,0.20718133
226171,0.4336303
226176,0.51542205
226177,0.41768414
226183,0.080889724
226187,0.55427897
226188,0.5858473
226190,0.63870895
226206,0.1613415
226213,0.59288776
226214,0.67098504
226226,0.19500922
226244,0.31812137
226245,0.109206714
226251,0.62915105
226258,0.17539904
226259,0.32152465
226265,0.41416013
226291,0.6494656
226294,0.38122243
226299,0.33534536
226300,0.26529494
226301,0.5953665
226302,0.56654704
226308,0.25104523
226309,0.11370341
226318,0.07173551
226319,0.46195868
226320,0.38754684
226325,0.5771961
226334,0.25897717
226337,0.6451166
226348,0.5196594
226353,0.056771614
226361,0.2016121
226387,0.56796694
226395,0.49053538
226413,0.15066212
226416,0.15983737
226427,0.33758762
226433,0.45480466
226447,0.49255416
226487,0.30163217
226495,0.38529468
226496,0.23062815
226499,0.11439489
226501,0.61205703
226505,0.27467048
226506,0.33872628
226507,0.41666988
226516,0.09324632
226523,0.35025984
226527,0.5278876
226533,0.26230118
226537,0.40779823
226539,0.17690471
226551,0.6254943
226556,0.16457725
226557,0.17308423
226561,0.6848546
226565,0.27722985
226567,0.22310977
226590,0.28011033
226599,0.7299201
226639,0.6486069
226654,0.6019925
226664,0.38854152
226668,0.4576068
226677,0.46689618
226682,0.36925614
226689,0.38938367
226691,0.30939227
226698,0.39976457
226713,0.27374616
226720,0.45997903
226734,0.2533716
226735,0.30952337
226738,0.64803195
226742,0.122521125
226763,0.05412806
226766,0.43363082
226772,0.31627172
226779,0.5200964
226780,0.5591933
226787,0.8150295
226790,0.86700374
226792,0.38713494
226797,0.26143748
226803,0.34349465
226807,0.46962515
226827,0.07069511
226828,0.3329515
226836,0.3232019
226837,0.13129072
226838,0.72220856
226847,0.3416273
226881,0.7850681
248978,0.43258104
226882,0.30431664
226884,0.4036342
226917,0.46609446
226921,0.40602735
226933,0.21954934
226938,0.80407447
226948,0.38410643
226952,0.20247072
226954,0.42140213
226965,0.1445421
226970,0.21036865
226977,0.82315433
226986,0.31452224
227005,0.28079513
227009,0.38238966
227010,0.4048103
227013,0.48487562
227019,0.27007303
227025,0.42206016
227026,0.20944916
227027,0.3848934
227029,0.16644111
227049,0.44841495
227053,0.23220062
227054,0.43536565
227058,0.3321282
227074,0.20610447
227099,0.10145566
227100,0.17254761
227109,0.13573226
227111,0.3142742
227112,0.26084524
227125,0.6218541
227145,0.3365178
227148,0.67545813
227151,0.2935168
227160,0.63703597
227165,0.51624846
227200,0.7531086
227210,0.35007098
227213,0.4230275
227235,0.51259923
227242,0.54534715
227245,0.5109396
227246,0.19427879
227248,0.44002864
227251,0.6253935
227252,0.20861338
227258,0.22519188
227264,0.36608806
227270,0.45493987
227272,0.14839622
227274,0.16477488
227281,0.27772433
227290,0.3407675
227293,0.48135808
227299,0.47573787
227306,0.21635054
227323,0.16427848
227325,0.2196852
227326,0.49318033
227332,0.4603052
227336,0.23443946
227343,0.2867144
227344,0.12271321
227345,0.3865299
227348,0.82841283
227360,0.19744141
227376,0.24720123
227386,0.30991974
227392,0.44369975
227393,0.35538337
227401,0.09597699
227404,0.64560056
227413,0.22814344
227420,0.5653752
227459,0.21659754
227460,0.11268177
227462,0.34705666
227463,0.68614715
227481,0.40531772
227482,0.17650372
227485,0.79514426
227486,0.39948788
227493,0.28858665
227500,0.38289398
227501,0.28933644
227502,0.43552434
227506,0.5445013
227523,0.35875142
227525,0.21903268
227531,0.2507172
227532,0.80324084
227535,0.40340567
227542,0.34355953
227545,0.41373596
227566,0.170612
227578,0.25430542
227585,0.66703385
227586,0.15578614
227587,0.32974103
227590,0.3474966
227595,0.59973776
227596,0.23232909
227597,0.5277511
227600,0.5932401
227621,0.74165833
227637,0.4200262
227640,0.69534755
227649,0.8161907
227653,0.19171919
227674,0.40133655
227675,0.43368596
227680,0.5073459
227696,0.19910224
227701,0.90543294
227707,0.40476012
227713,0.55710536
227715,0.32361624
227728,0.30217084
227730,0.33043423
227731,0.15618661
227732,0.2825738
227736,0.43177038
227739,0.45906955
227740,0.7417735
227741,0.7473992
227742,0.91152966
227745,0.3284001
227749,0.7716083
227752,0.03471984
227756,0.8347558
227769,0.51503134
227779,0.3045877
227783,0.51002353
227799,0.3958853
227803,0.26324022
227818,0.45906577
227822,0.5401799
227823,0.18209615
227824,0.35711753
227825,0.2732278
227826,0.5986911
227833,0.39817056
227834,0.46377382
227837,0.42558488
227839,0.11708071
227856,0.5166294
227872,0.25770378
227876,0.45601866
227905,0.61722666
227908,0.6584768
227909,0.7596081
227912,0.48197478
227917,0.23316015
227931,0.48880297
227936,0.52359426
227939,0.17967154
227941,0.114962704
227942,0.3214822
227944,0.36601716
227952,0.51486236
227954,0.50771374
227968,0.035217825
227975,0.22740193
227989,0.53927803
227992,0.28645122
227993,0.36926976
227996,0.25545627
227997,0.38057277
227998,0.20385934
228040,0.35325277
228044,0.24023923
228045,0.34872907
228046,0.113373175
228051,0.3366151
228052,0.36042544
228053,0.27913228
228059,0.43957663
228062,0.295045
228070,0.19301437
228074,0.38194036
228077,0.39027426
228078,0.60249084
228097,0.33910963
228099,0.6785772
228100,0.2407684
228102,0.75934666
228103,0.6572324
228104,0.6302166
228107,0.34790418
228117,0.18251276
228123,0.24028446
228125,0.17663375
228130,0.119983345
228134,0.24700907
228141,0.4917062
228153,0.6149788
228163,0.3698249
228164,0.23364113
228166,0.57808304
228168,0.6793169
228169,0.43993527
228183,0.71061397
228198,0.33865967
228199,0.45873448
228201,0.23460674
228207,0.39706823
228209,0.4475155
228219,0.33338815
228239,0.11057045
228248,0.414191
228260,0.6543572
228268,0.85631347
228280,0.3683441
228282,0.4533377
228288,0.19359533
228289,0.33479175
228295,0.13623007
228296,0.32371834
228297,0.7390305
228298,0.13653705
228299,0.37820506
228301,0.044668436
228322,0.49773803
228324,0.59884286
228332,0.10230926
228334,0.27647513
228342,0.6365282
228351,0.14599027
228354,0.55387104
228355,0.2060648
228362,0.118513726
228375,0.2870957
228383,0.28766644
228389,0.43781558
228392,0.7099514
228411,0.26790726
228414,0.19100025
228420,0.3891491
228424,0.33985272
228426,0.7601223
228429,0.10551199
228447,0.8208864
228455,0.23895732
228458,0.5282636
228467,0.6196832
228472,0.27164623
228479,0.14937478
228482,0.62830055
228488,0.3952746
228489,0.8581874
228499,0.306755
228501,0.03299019
228502,0.3195249
228503,0.5921746
228509,0.14202167
228512,0.6270531
228514,0.3529935
228519,0.6675538
228530,0.13295577
228534,0.6633593
228536,0.091756426
228537,0.1241444
228538,0.54105836
228539,0.3025118
228557,0.40976295
228591,0.46330738
228592,0.3355065
228608,0.39520735
228609,0.37569526
228636,0.41389024
228647,0.5442352
228656,0.57499385
228657,0.26018614
228661,0.45797235
228663,0.4765559
228671,0.22927976
228682,0.61353636
228697,0.6762849
228698,0.23891596
228712,0.25281313
228713,0.39470115
228729,0.14333066
228730,0.45893478
228737,0.48765936
228744,0.1750597
228752,0.2931915
228761,0.7798677
228763,0.61552215
228764,0.13940962
228770,0.31124035
228774,0.14114426
228781,0.2566289
228792,0.21882196
228794,0.7851808
228796,0.25016004
228799,0.33260292
228808,0.642079
228809,0.51204205
228810,0.32995984
228813,0.33641568
228821,0.8562247
228826,0.34767467
228830,0.3556071
228831,0.3504017
228835,0.65045094
228854,0.21070333
228855,0.23470573
228863,0.5136685
228869,0.6134978
228872,0.66999304
228885,0.6029317
228888,0.3616964
228889,0.7535205
228890,0.3768327
228891,0.10990463
228894,0.6689626
228902,0.51052034
228907,0.36047852
228915,0.45401725
228918,0.49036366
228919,0.26085398
228933,0.39800942
228946,0.23165594
228947,0.36114368
228954,0.25685385
228956,0.56648755
228958,0.25462413
228969,0.62923294
228973,0.3780456
228978,0.19060975
228979,0.7890547
228988,0.4596538
228995,0.6217079
229019,0.54988974
229037,0.2836249
229041,0.32637942
229042,0.349959
229046,0.23823181
229048,0.20341672
229053,0.1821796
229064,0.89649963
229073,0.24830079
229074,0.24964823
229077,0.651858
229095,0.7733449
229100,0.47017992
229103,0.27859277
229104,0.54275966
229105,0.19588791
229107,0.12878627
229115,0.34455523
229117,0.6301398
229118,0.2554321
229124,0.66571563
229125,0.1095346
229130,0.76918584
229157,0.25707445
229162,0.1399534
229185,0.7232151
229195,0.15593155
229201,0.44232604
229202,0.1842991
229219,0.20139045
229220,0.1703727
229223,0.6011534
229224,0.47493672
229229,0.49920946
229233,0.26602656
229255,0.25950444
229261,0.56437963
229262,0.35265616
229271,0.4896856
229276,0.5191655
229277,0.36847535
229278,0.5104569
229280,0.40188798
229298,0.021099372
229301,0.30812976
229316,0.50191694
229325,0.52823323
229329,0.3689004
229334,0.28587225
229336,0.46274468
229337,0.43091074
229342,0.13980858
229349,0.4125502
229357,0.28923357
229369,0.6545075
229374,0.31852004
229402,0.4999869
229427,0.24174751
229452,0.6676115
229455,0.46763018
229459,0.7907037
229462,0.2387011
229482,0.33473226
229488,0.19676885
229496,0.296366
229507,0.5560702
229508,0.24851653
229531,0.379821
229576,0.15485743
229595,0.5694674
229602,0.3259417
229609,0.4952885
229610,0.83802104
229614,0.5500054
229615,0.7595059
229631,0.5097993
229632,0.443255
229638,0.31497177
229647,0.29331902
229651,0.086382374
229659,0.59514236
229663,0.6644327
229671,0.51656264
229672,0.3298916
229675,0.35838136
229684,0.31593412
229687,0.546105
229705,0.15957521
229711,0.18453473
229713,0.55930126
229714,0.39337593
229731,0.4571327
229738,0.5834297
229742,0.37855378
229745,0.35515663
229746,0.1800764
229749,0.5157954
229765,0.39322495
229767,0.27343768
229779,0.63156986
229782,0.34835377
229802,0.59691226
229805,0.35889617
229810,0.85796547
229816,0.25890085
229828,0.38251314
229838,0.4566181
229850,0.64925385
229858,0.23175764
229860,0.23726322
229877,0.16657229
229888,0.10700815
229894,0.19709106
229898,0.57077485
229905,0.28247485
229912,0.7933591
229913,0.23079967
229921,0.8646527
229923,0.3172087
229930,0.15182741
229962,0.1987293
229963,0.6810067
229977,0.27769658
229984,0.25610775
229998,0.24587753
230012,0.27293187
230016,0.7119983
230020,0.39685464
230024,0.7847438
230037,0.28819573
230038,0.5107527
230040,0.3480378
230042,0.08671328
230044,0.29301116
230050,0.54910076
230056,0.15509596
230067,0.30492562
230076,0.12545688
230077,0.41837192
230084,0.6001988
230098,0.2391465
230107,0.58589715
230116,0.3000666
230119,0.2903352
230121,0.3016015
230122,0.56369257
230135,0.7438436
230139,0.14277959
230179,0.25805843
230180,0.5942564
230185,0.11768941
230192,0.600655
230203,0.6851464
230216,0.4119444
230226,0.466711
230260,0.7312493
230268,0.56745553
230289,0.6984261
230296,0.23967394
230317,0.078465186
230328,0.5951199
230329,0.8982369
230330,0.3371131
230332,0.18306412
230338,0.24221112
230343,0.26434332
230344,0.41428137
230349,0.19458885
230369,0.14251393
230379,0.64497185
230391,0.3291756
230393,0.83642393
230394,0.23340164
230402,0.34577057
230404,0.6553316
230416,0.22817573
230417,0.67948693
230423,0.66613835
230427,0.40458417
230448,0.74246216
230449,0.24789289
230451,0.14411409
230453,0.15086894
230454,0.12638576
230457,0.56604844
230458,0.606171
230459,0.6783264
230461,0.1718454
230464,0.38276985
230494,0.20513597
230517,0.14022239
230520,0.3848738
230521,0.54217607
230534,0.36407965
230553,0.4179094
230581,0.69685256
230585,0.24858446
230590,0.14476271
230592,0.30673042
230605,0.3004241
230610,0.11793713
230623,0.32393852
230628,0.51318705
230629,0.4854413
230640,0.46619675
230641,0.220665
230642,0.10546798
230655,0.23001918
230656,0.22269885
230662,0.31727606
230675,0.2530578
230677,0.3996815
230688,0.07939474
230709,0.60619795
230716,0.06574958
230742,0.28516164
230748,0.61586714
230763,0.60947865
230779,0.4093362
230780,0.3314938
230781,0.7853718
230783,0.2767127
230788,0.55872184
230789,0.18911776
230792,0.17727746
230817,0.43980637
230820,0.29867485
230827,0.27285323
230828,0.3226638
230860,0.17203972
230864,0.556482
230875,0.32922763
230878,0.103455715
230880,0.5537316
230929,0.3125419
230931,0.69675976
230934,0.5089659
230939,0.11284648
230940,0.30436155
230941,0.4725015
230942,0.7740322
230982,0.34726292
231028,0.34372333
231031,0.48488328
231039,0.56834984
231048,0.53468823
231065,0.4746988
231076,0.16647953
231079,0.24490553
231082,0.3125108
231086,0.21745187
231107,0.33844307
231118,0.5237402
231127,0.123474054
231134,0.16351703
231136,0.2081284
231137,0.41390947
231156,0.56095314
231160,0.7942641
231175,0.38873726
231177,0.33186305
231189,0.2029977
231191,0.7111848
231194,0.5633937
231198,0.64550847
231203,0.5599784
231211,0.404366
231226,0.5373608
231245,0.41038397
231257,0.3907241
231268,0.37614545
231279,0.5598762
231290,0.62697685
231298,0.27143124
231299,0.2568069
231301,0.4311718
231306,0.05888988
231312,0.29500058
231314,0.69144714
231326,0.92170656
231343,0.28139663
231353,0.50486195
231359,0.3727888
231364,0.14650363
231387,0.40902176
231392,0.195972
231409,0.3330278
231423,0.30868372
231427,0.15573944
231429,0.78659946
231433,0.09564872
231437,0.17468968
231448,0.10891993
231454,0.7340091
231460,0.21274781
231480,0.3210685
231496,0.10278745
231504,0.61898196
231513,0.12357922
231516,0.25976568
231523,0.29778847
231529,0.21171445
231532,0.24249549
231533,0.46413684
231542,0.32163075
231546,0.4255404
231554,0.15836194
231556,0.8463053
231561,0.44797808
231562,0.5786799
231563,0.089745544
231568,0.56414425
231589,0.12321773
231598,0.6311721
231616,0.44441223
231628,0.29290572
231637,0.3349172
231641,0.4597749
231656,0.7248234
231679,0.73015594
231682,0.645551
231689,0.40152934
231690,0.44218916
231713,0.6170519
231716,0.2846405
231726,0.17772473
231734,0.78000134
231736,0.2971088
231742,0.078357466
231754,0.56313753
231757,0.2497602
231758,0.13048458
231761,0.41059113
231771,0.53321385
231773,0.13662565
231782,0.474516
231785,0.38137788
231786,0.3110217
231789,0.16649528
231790,0.23773438
231791,0.37030846
231804,0.61845565
231835,0.252375
231837,0.0904515
231840,0.5139191
231845,0.60589355
231863,0.75648063
231867,0.6374195
231874,0.8134945
231877,0.22301921
231887,0.37176737
231892,0.11033588
231899,0.2791003
231912,0.8966033
231914,0.29516828
231924,0.6909619
231927,0.43311796
231935,0.2512891
248986,0.72114414
231938,0.5578745
231940,0.7679594
231947,0.45192805
231954,0.13850157
231955,0.592356
231956,0.13535419
231969,0.12667462
231982,0.13290384
231983,0.20449832
231984,0.16713493
231987,0.30730224
232006,0.076979876
232012,0.08827192
232022,0.09982834
232023,0.6096872
232028,0.27652007
232034,0.35238943
232047,0.5146953
232050,0.21921621
232054,0.29721177
232063,0.3751213
232066,0.19933166
232081,0.4894289
232083,0.36152807
232094,0.45842242
232103,0.23049623
232108,0.25459224
232110,0.30404785
232122,0.32263833
232123,0.06554135
232132,0.060777184
232148,0.4396108
232149,0.23456123
232152,0.7719284
232157,0.52106845
232164,0.4501349
232170,0.4762775
232172,0.39809814
232174,0.553451
232177,0.63628656
232227,0.3838825
232228,0.2046128
232237,0.1871473
232256,0.4971222
232275,0.23158011
232278,0.47172913
232279,0.21138583
232282,0.25895524
232285,0.35364804
232288,0.10249113
232301,0.5690424
232303,0.2971325
232309,0.31585234
232325,0.41656464
232329,0.25870672
232331,0.14424263
232335,0.41533354
232370,0.5042044
232371,0.20420171
232372,0.2828516
232390,0.9069037
232391,0.13173524
232392,0.446018
232410,0.18862881
232423,0.106580466
232426,0.42699245
232428,0.78587747
232450,0.5156668
232466,0.6448314
232478,0.58844703
232493,0.60215867
232506,0.7168071
232516,0.59409094
232518,0.6073622
232530,0.3873366
232534,0.33805624
232535,0.4737602
232541,0.33133563
232547,0.23668619
232552,0.16548006
232558,0.54379034
232559,0.09904728
232560,0.0858542
232566,0.33244753
232570,0.044901386
232575,0.42826262
232578,0.23152606
232590,0.21271944
232615,0.30443802
232640,0.8055644
232643,0.24515122
232664,0.77608407
232676,0.2697978
232699,0.55844533
232702,0.20351227
232720,0.12394326
232733,0.20465273
232736,0.23839448
232738,0.30310324
232752,0.049945343
232758,0.16652384
232779,0.34033477
232784,0.6537524
232790,0.26088637
232799,0.47480893
232823,0.09802517
232824,0.20809384
232842,0.10651627
232849,0.39145923
232853,0.5850397
232859,0.53983694
232862,0.7059577
232864,0.14534749
232866,0.36484075
232869,0.32846934
232871,0.25167546
232876,0.305217
232881,0.33421367
232898,0.40690106
232899,0.275129
232914,0.51769227
232917,0.3565853
232923,0.5038972
232925,0.054280907
232942,0.62293
232943,0.46181738
232965,0.13506983
232968,0.69190323
232972,0.16278109
232980,0.70643264
232999,0.054277148
233013,0.49806193
233021,0.83381647
233022,0.25801742
233054,0.29201603
233059,0.6573996
233065,0.18331696
233071,0.4383154
233074,0.064741105
233093,0.03129484
233095,0.6870206
233102,0.16198438
233104,0.6162098
233107,0.21214047
233108,0.45029643
233109,0.66247666
233112,0.6168935
233113,0.113255106
233122,0.3879225
233125,0.4771502
233126,0.47112772
233170,0.26840362
233171,0.4714818
233172,0.8015015
233175,0.34138507
233179,0.29568097
233189,0.5953744
233223,0.44997236
233224,0.2517733
233228,0.23065023
233247,0.44328895
233249,0.370791
233263,0.22830875
233271,0.23973462
233273,0.51836246
233301,0.08555835
233305,0.47487274
233310,0.51260924
233311,0.4319317
233312,0.39110056
233324,0.13450147
233326,0.5214029
233327,0.3167191
233335,0.6190404
233349,0.33224398
233352,0.64890784
233362,0.5609614
233373,0.3212289
233390,0.6389996
233393,0.6646779
233400,0.5635908
233401,0.64341134
233404,0.65390784
233405,0.38698238
233406,0.5287966
233411,0.4845383
233421,0.21340334
233423,0.27121502
233424,0.21717033
233427,0.31172422
233429,0.58142006
233431,0.21614216
233432,0.10651401
233438,0.2833978
233448,0.48241287
233450,0.14283916
233451,0.10336444
233453,0.6060949
233480,0.24982661
233482,0.4819644
233483,0.10360734
233489,0.78374
233490,0.6559053
233496,0.7125821
233497,0.2856595
233508,0.69644064
233509,0.78716487
233512,0.17767079
233517,0.53397197
233526,0.56608254
233528,0.3726657
233544,0.240737
233554,0.7880734
233566,0.6285505
233572,0.13891877
233575,0.28676724
233578,0.07170025
233582,0.86704195
233583,0.57086694
233589,0.40909392
233594,0.632032
233603,0.4434274
233627,0.2276883
233632,0.31478414
233639,0.12379818
233651,0.52425
233652,0.61679775
233658,0.18925677
233675,0.3500362
233677,0.5227752
233682,0.32285738
233688,0.60503596
233689,0.68990356
233692,0.30564904
233697,0.6716236
233704,0.4732868
233709,0.441098
233711,0.661531
233721,0.30113462
233729,0.10803284
233734,0.06594312
233744,0.23009145
233764,0.64950705
233775,0.45891178
233783,0.72891873
233792,0.28122258
233796,0.26473975
233797,0.4060798
233798,0.31406906
233810,0.3444934
233818,0.3708485
233819,0.28662026
233830,0.30379224
233831,0.53044164
233838,0.17225368
233852,0.38610712
233854,0.2757019
233856,0.21736896
233858,0.3232195
233883,0.15496595
233888,0.14874335
233889,0.25450796
233892,0.11606453
233893,0.1182952
233894,0.51358944
233895,0.5707867
233901,0.088974625
233927,0.5764162
233928,0.2326041
233929,0.50398284
233960,0.46163562
233965,0.6173831
233970,0.25535044
233975,0.5854372
233981,0.7727193
233991,0.7810939
234012,0.36056846
234016,0.15412991
234024,0.29543564
234025,0.16486637
234027,0.56430894
234034,0.53014916
234035,0.22045398
234048,0.28347066
234069,0.22721636
234077,0.29251832
234086,0.3048598
234103,0.3969354
234110,0.4064835
234115,0.50429285
234126,0.47453246
234135,0.7987863
234136,0.19406614
234147,0.3556614
234151,0.152819
234159,0.1465824
234163,0.31468686
234174,0.24888048
234186,0.13740313
234187,0.6120819
234192,0.22912104
234198,0.23409797
234205,0.22654246
234215,0.40948144
234220,0.56476253
234225,0.44315723
234227,0.18382546
234228,0.19238095
234231,0.56257623
234232,0.5456881
234236,0.3602667
234239,0.18679312
234240,0.58243877
234242,0.32421163
234262,0.3308279
234267,0.65882736
234283,0.47272483
234284,0.3360243
234286,0.17143679
234291,0.59269994
234302,0.5281236
234303,0.46956494
234308,0.11163966
234320,0.3698122
234326,0.54595935
234336,0.33811352
234340,0.77593124
234362,0.04837896
234365,0.24326773
234371,0.20465977
234373,0.5177614
234395,0.0959877
234400,0.3672831
234404,0.57734835
234412,0.3918261
234431,0.49197197
234433,0.74806064
234440,0.45948863
234453,0.34700102
234454,0.3815658
234460,0.21163136
234470,0.65610486
234473,0.28839085
234502,0.66491795
234503,0.44540602
234507,0.6727243
234529,0.5558723
234531,0.091816865
234543,0.16623402
234550,0.7319622
234556,0.2703052
234560,0.43906757
234567,0.07149175
234580,0.64488345
234582,0.60126024
234594,0.12140509
234599,0.6016965
234604,0.11556214
234605,0.4377147
234611,0.25603485
234617,0.35791147
234648,0.32853904
234660,0.10670555
234661,0.30604854
234663,0.61858714
234664,0.08365052
234670,0.09488877
234671,0.67614
234673,0.37821025
234687,0.56561667
234688,0.33686322
234690,0.5650086
234694,0.23735338
234695,0.036731564
234704,0.7018267
234705,0.11406204
234710,0.4705811
234718,0.44783506
234719,0.35376102
234732,0.50959444
234739,0.3545488
234755,0.80904317
234760,0.15542749
234778,0.19962665
234781,0.56213087
234786,0.5392653
234788,0.6337871
234789,0.1865712
234802,0.46405134
234809,0.9293864
234814,0.71406883
234823,0.3611558
234825,0.08732076
234829,0.15871346
234838,0.5278511
234847,0.4236723
234876,0.15258595
234908,0.76295877
234914,0.44830897
234917,0.45159182
234935,0.5141219
234936,0.40690142
234941,0.35797763
234942,0.3274129
234943,0.50851554
234946,0.22911115
234947,0.43381917
234960,0.3529229
234967,0.37269723
234980,0.6209658
234990,0.9399919
234996,0.17726432
234999,0.27905083
235002,0.46637008
235021,0.44819656
235025,0.59117746
235034,0.23485176
235037,0.26765302
235046,0.28184855
235051,0.34485066
235052,0.2040313
235054,0.21673341
235061,0.2902181
235066,0.2362433
235076,0.20736058
235087,0.123719536
235089,0.6953048
235091,0.6686462
235107,0.1641793
235118,0.25385487
235123,0.36641464
235134,0.25315565
235137,0.6667683
235146,0.15037823
235147,0.19813411
235153,0.14865555
235166,0.69230735
235168,0.37609062
235183,0.19341813
235187,0.22964455
235189,0.1652381
235202,0.4046246
235214,0.3947486
235215,0.11068604
235216,0.73332334
235219,0.48588657
235223,0.19564453
235231,0.5705628
235240,0.4700796
235252,0.18142961
235253,0.08137517
235254,0.39047372
235259,0.2865682
235270,0.38133928
235275,0.22433615
235283,0.6259128
235291,0.08806671
235306,0.103961915
235327,0.31569996
235337,0.6376891
235342,0.2553487
235356,0.12034855
235357,0.31936178
235372,0.44665086
235378,0.7927127
235386,0.1555391
235401,0.07907499
235403,0.15360983
235423,0.19155665
235424,0.12978044
235434,0.051283993
235435,0.34284943
235438,0.4982123
235451,0.15051717
235452,0.2743824
235454,0.6047875
235456,0.23176326
235459,0.26730412
235460,0.23581417
235463,0.60456264
235491,0.53007567
235492,0.62829137
235501,0.4170931
235505,0.355135
235512,0.64548516
235519,0.68442166
235549,0.6560204
235592,0.44875935
235597,0.4032793
235601,0.2667664
235602,0.25247505
235612,0.22278166
235617,0.42228743
235622,0.11365225
235636,0.24961653
235641,0.2589262
235644,0.34965685
235645,0.1900292
235651,0.3918457
235664,0.25906807
235668,0.7717429
235677,0.15227932
235692,0.07168282
235693,0.23533547
235698,0.43463877
235722,0.6652483
235741,0.32929838
235743,0.7509848
235752,0.08401307
235757,0.55666083
235766,0.12425781
235768,0.607017
235769,0.21362223
235775,0.3425701
235778,0.61165
235782,0.79254735
235791,0.6562458
235792,0.45456806
235796,0.5148702
235797,0.46817845
235799,0.6688824
235803,0.53250563
235804,0.7212356
235809,0.42308924
235811,0.160516
235812,0.19077401
235827,0.62295043
235837,0.17406656
235839,0.33720058
235850,0.76795095
235852,0.23817518
235854,0.51310503
235860,0.12813042
235862,0.26325533
235869,0.3915647
235877,0.36950484
235889,0.42625585
235890,0.7248326
235891,0.16829965
235893,0.3609707
235900,0.34729764
235901,0.35466987
235914,0.17838717
235915,0.8220518
235924,0.63474935
235950,0.45480174
235968,0.113882884
235977,0.5701141
235978,0.30353475
235980,0.4021674
235990,0.2838282
235999,0.13231078
236002,0.5501774
236022,0.56361026
236033,0.27479735
236034,0.49600282
236037,0.8632224
236038,0.5959798
236039,0.19131936
236040,0.22626519
236053,0.6500354
236064,0.51305836
236068,0.40763038
236069,0.3389805
236094,0.17867337
236107,0.30573
236123,0.53281116
236143,0.26830178
236214,0.24157725
236215,0.07219458
236221,0.8185709
236229,0.49102855
236234,0.34988993
236236,0.34735265
236237,0.19143644
236239,0.524252
236266,0.9010817
236271,0.15726195
236283,0.288417
236286,0.095055126
236287,0.83390266
236289,0.14477174
236293,0.30008286
236302,0.238547
236303,0.56475246
236313,0.23730434
236324,0.23352922
236330,0.579131
236332,0.48474884
236345,0.6144817
236350,0.36704975
236352,0.55381924
236359,0.17079672
236362,0.5804576
236373,0.14477527
236378,0.44880202
236391,0.24083614
236395,0.5864174
236412,0.6453416
236418,0.18921547
236421,0.17357312
236451,0.38593024
236454,0.15078843
236457,0.09775616
236463,0.6870699
236469,0.26056057
236476,0.55426466
236485,0.48401788
236508,0.15472807
236509,0.42248785
236525,0.44641635
236527,0.5720232
236529,0.37408108
236555,0.55575055
236562,0.7185027
236568,0.72182935
236569,0.45622107
236580,0.26724333
236581,0.17766124
236583,0.59875906
236586,0.5227362
236594,0.4702878
236631,0.13149482
236632,0.3285021
236634,0.59250253
236638,0.21756391
236643,0.47086227
236648,0.4255226
236655,0.5997865
236656,0.22668093
236657,0.09768537
236663,0.4503906
236681,0.22734854
236683,0.2530994
236691,0.2712925
236698,0.6264295
236713,0.4465873
236727,0.69693846
236732,0.27880874
236733,0.22872412
236735,0.33409542
236737,0.11514859
236749,0.31202084
236750,0.2992794
236752,0.2477724
236765,0.27611446
236766,0.35707834
236769,0.20304528
236771,0.5742162
236774,0.5138288
236775,0.16100627
236790,0.57609826
236793,0.23813175
236797,0.689476
236798,0.20080093
236809,0.23967993
236821,0.47505292
236831,0.41573584
236836,0.343618
236838,0.30120462
236849,0.3718841
236852,0.46212086
236860,0.46752143
236862,0.21569894
236865,0.3263918
236873,0.14804703
236885,0.24611282
236891,0.061196223
236894,0.28060344
236904,0.42367572
236905,0.26257
236911,0.29309776
236939,0.1374299
236948,0.26214942
236950,0.09631639
236957,0.15969563
236965,0.25526652
236974,0.1848133
236975,0.12596174
236981,0.3429481
236985,0.18761264
236995,0.6631708
237023,0.41816553
237025,0.116131686
237038,0.2251956
237058,0.09574702
237060,0.23969944
237078,0.6431294
237079,0.46968836
237080,0.64776796
237084,0.21400458
237086,0.13108234
237087,0.14414676
237091,0.7406171
237092,0.29486334
237093,0.46467677
237094,0.38518974
237103,0.13577494
237116,0.21300389
237118,0.13809489
237126,0.23581985
237136,0.23474488
237144,0.6942169
237149,0.51304305
237150,0.66205484
237157,0.107284866
237158,0.19056836
237170,0.59465754
237171,0.19530489
237193,0.14976424
237196,0.35646555
237200,0.06161973
237248,0.5837033
237254,0.6626755
237256,0.44721812
237257,0.259905
237267,0.16677916
237268,0.22695512
237269,0.1531336
237271,0.34770048
237280,0.37621063
237301,0.19716047
237304,0.6349585
237308,0.12155677
237311,0.52100724
237334,0.2838934
237338,0.7395855
237344,0.5101721
237361,0.08191351
237362,0.45622602
237368,0.7958548
237369,0.6014961
237371,0.25818804
237373,0.6365174
237377,0.46641454
237378,0.13467096
237383,0.64899105
237386,0.07969497
237392,0.1503118
237399,0.46609613
237408,0.36221623
237411,0.44131133
237414,0.48666114
237417,0.29823795
237424,0.73508185
237439,0.19576122
237457,0.28677037
237458,0.17062496
237459,0.16080746
237471,0.20284076
237474,0.3972463
237475,0.45758122
237476,0.3577134
237490,0.5384456
237491,0.37893298
237495,0.5833417
237501,0.50280434
237512,0.54138523
237516,0.21746306
237518,0.17476992
237528,0.49441653
237529,0.69775367
237537,0.7620022
237543,0.28263393
237547,0.3478194
237552,0.2605818
237563,0.62676495
237585,0.62144846
237598,0.15267879
237606,0.105406865
237624,0.81284124
237632,0.22694817
237635,0.42350024
237640,0.4398485
237642,0.44297782
237647,0.35299054
237648,0.34296247
237651,0.7142532
237657,0.5022111
237663,0.5628787
237692,0.29992154
237701,0.55024636
237715,0.4190757
237726,0.20151766
237728,0.6341315
237731,0.054231983
237732,0.3187046
237746,0.35540226
237759,0.17985065
237768,0.1982816
237772,0.91947645
237780,0.77851
237787,0.56139314
237792,0.7360592
237804,0.550179
237812,0.25647527
237815,0.41948435
237821,0.23003812
237827,0.09040177
237845,0.5779422
237862,0.33623245
237869,0.38637987
237872,0.5176962
237900,0.6926915
237909,0.27181366
237917,0.5124415
237921,0.084847175
237951,0.63301885
237952,0.5185541
237957,0.082112454
237960,0.512762
237963,0.31122613
237973,0.10471547
237984,0.2744868
237990,0.5169768
237997,0.4735719
237998,0.44983965
238025,0.33653313
238027,0.103263766
238052,0.12500896
238053,0.41094312
238054,0.8137729
238065,0.160672
238066,0.1409581
238075,0.7465255
238082,0.37262988
238087,0.5862695
238114,0.26488838
238117,0.43277055
238127,0.37198803
238129,0.61371773
238133,0.09859467
238135,0.18422517
238152,0.61895996
238157,0.44890025
238163,0.088006034
238170,0.14613777
238176,0.20012955
238180,0.5166636
238195,0.49115655
238198,0.48301864
238199,0.1955954
238206,0.7320695
238218,0.32629535
238219,0.4099185
238222,0.27609095
238224,0.098799355
238230,0.50100696
238237,0.34733692
238238,0.47448918
238247,0.27187547
238254,0.32878602
238256,0.07402874
238257,0.2266567
238270,0.5938864
238278,0.1823141
238279,0.6007497
238282,0.19309644
238286,0.108272895
238293,0.4893782
238298,0.14131738
238299,0.18301101
238306,0.7198852
238307,0.068905786
238308,0.2456969
238322,0.10988624
238327,0.29843274
238328,0.7424765
238330,0.13425899
238335,0.26754367
238347,0.6452423
238355,0.7216138
238356,0.8209659
238361,0.22367369
238367,0.22238496
238377,0.40553412
238413,0.14196447
238419,0.36390343
238436,0.2462293
238437,0.6976403
238443,0.34456548
238450,0.0735084
238452,0.15528356
238453,0.71781445
238454,0.732539
238457,0.4642803
238467,0.44396713
238469,0.17108612
238470,0.11212095
238474,0.64897984
238478,0.5579399
238480,0.64147186
238492,0.28360364
238496,0.44353268
238500,0.24557395
238508,0.8371497
238512,0.31282303
238520,0.17442879
238540,0.28411537
238548,0.36623868
238549,0.18516201
238550,0.21431434
238563,0.1840824
238586,0.18330328
238607,0.14968942
238608,0.4582173
238615,0.56445867
238623,0.46263444
238627,0.34548733
238630,0.7239517
238635,0.5067255
238638,0.6166132
238642,0.15041927
238646,0.39415997
238656,0.26003277
238665,0.5326714
238674,0.28738305
238687,0.37169653
238702,0.6010824
238703,0.2685923
238705,0.49387866
238712,0.8773296
238716,0.22843061
238717,0.5308437
238718,0.39314637
238747,0.3903115
238754,0.7650704
238767,0.55905926
238793,0.23666449
238794,0.80185664
238796,0.5445186
238806,0.37491688
238832,0.68687886
238833,0.26617265
238840,0.65994376
238850,0.14861415
238853,0.21932231
238855,0.33782825
238858,0.3781284
238867,0.8165561
238868,0.32772714
238869,0.68735814
238873,0.3662708
238879,0.59697
238893,0.8308267
238903,0.16161127
238904,0.38945988
238906,0.7799668
238928,0.1557612
238933,0.6313088
238941,0.62638867
238945,0.3106417
238947,0.15198515
238954,0.18219331
238963,0.39532244
238986,0.5972106
239003,0.7203958
239018,0.21627134
239019,0.76000875
239020,0.6182327
239021,0.61068374
239031,0.16395833
239042,0.44403505
239051,0.23557842
239056,0.5413491
239058,0.2987571
239075,0.37850255
239078,0.1366987
239079,0.16315226
239081,0.11888088
239082,0.46535984
239085,0.6185843
239100,0.3090949
239104,0.14278956
239120,0.49808234
239123,0.1612596
239140,0.64710546
239144,0.15100802
239145,0.54924417
239146,0.12553087
239153,0.08563297
239155,0.08214728
239161,0.4687696
239168,0.4020735
239177,0.66023976
239180,0.5472506
239193,0.04490778
239199,0.21604778
239206,0.41264537
239207,0.38932014
239209,0.32747856
239221,0.42479807
239225,0.22198376
239227,0.32250628
239237,0.3238511
239249,0.22357656
239273,0.87982225
239282,0.21560271
239290,0.76905346
239298,0.1375602
239302,0.48348355
239307,0.69795954
239309,0.6361524
239314,0.5869651
239319,0.5662107
239328,0.2492688
239334,0.16194725
239343,0.23160605
239344,0.19145095
239356,0.26793313
239357,0.62309116
239428,0.27386555
239429,0.25864485
239453,0.087940365
239471,0.7280692
239479,0.08381107
239480,0.6621607
239485,0.19288447
239489,0.55768514
239518,0.7136661
239522,0.24259447
239525,0.54885006
239540,0.66769034
239567,0.27896437
239573,0.407354
239574,0.45499802
239578,0.49631283
239587,0.2641664
239588,0.5730404
239597,0.5529468
239603,0.20024
239612,0.42045194
239616,0.8476834
239617,0.3577685
239618,0.79500633
239631,0.52498674
239639,0.6032268
239644,0.34556618
239672,0.37093496
239680,0.63819087
239685,0.15669478
239687,0.07701924
239715,0.59835595
239722,0.65872276
239733,0.11390446
239746,0.114576206
239748,0.1767415
239760,0.7494063
239765,0.46097523
239766,0.6538655
239774,0.2888407
239775,0.15628082
239788,0.76985484
239795,0.5185344
239796,0.19624676
239801,0.42595696
239808,0.25590357
239816,0.0495929
239819,0.043210108
239825,0.28817585
239832,0.59563327
239840,0.32262307
239845,0.1371393
239853,0.137259
239862,0.37048432
239867,0.4471035
239873,0.5902437
239884,0.27712867
239920,0.09017658
239924,0.5037959
239937,0.24962027
239938,0.24499479
239948,0.32250556
239951,0.3973463
239952,0.35361364
239996,0.30950347
239998,0.47592607
240013,0.30214167
240027,0.56057084
240028,0.16881655
240036,0.67944926
240041,0.6390736
240046,0.40300524
240063,0.22648063
240076,0.035511207
240082,0.7386133
240086,0.3546441
240087,0.2142055
240089,0.62510103
240090,0.065191664
240093,0.46625042
240110,0.56293315
275473,0.70501935
240111,0.3253496
240113,0.096062824
240117,0.30250686
240118,0.63057536
240120,0.075617366
240125,0.7239008
240130,0.4298898
240131,0.7816724
240133,0.2894848
240138,0.7850243
240149,0.39441642
240161,0.3532006
240177,0.6838718
240188,0.3906425
240197,0.46540278
240204,0.7133225
240215,0.2121433
240257,0.2941388
240266,0.30577818
240284,0.40887585
240296,0.16243078
240300,0.26078826
240312,0.06634699
240314,0.42879933
240320,0.24612504
240321,0.6885825
240337,0.6044365
240339,0.2920776
240341,0.4615738
240342,0.5479535
240346,0.22774176
240348,0.53734803
240364,0.4621131
240378,0.1835003
240382,0.5670782
240387,0.15351456
240404,0.049050376
240409,0.1921753
240412,0.18923691
240413,0.64019686
240414,0.50947374
240415,0.26542896
240416,0.50946677
240427,0.1890124
240428,0.6552446
240438,0.59527457
240447,0.10347226
240489,0.5778902
240494,0.7570841
240495,0.29625782
240507,0.5040464
240526,0.66799045
240530,0.6891825
240531,0.5678248
240554,0.3460218
240559,0.20006415
240561,0.28396863
240577,0.3093592
240578,0.51849574
240585,0.6137225
240587,0.59666276
240594,0.60990864
240603,0.083456345
240615,0.19938028
240629,0.13117106
240631,0.15976988
240637,0.18831274
240646,0.7416463
240649,0.41676062
240657,0.21060763
240664,0.48864603
240665,0.84006816
240668,0.36643168
240670,0.80549014
240685,0.66921407
240689,0.5733984
240702,0.16714399
240707,0.39928016
240709,0.52399355
240712,0.63094896
240716,0.25503042
240717,0.22763805
240725,0.15272819
240733,0.23684572
240742,0.84308183
240744,0.1862401
240819,0.50402373
240820,0.09467202
240826,0.48148793
240836,0.68145305
240839,0.34779224
240847,0.7652216
240859,0.7460723
240866,0.6176632
240868,0.11836673
240875,0.4182542
240878,0.3560722
240888,0.087259576
240896,0.5173567
240897,0.34769294
240898,0.69001704
240899,0.6374595
240900,0.20187482
240901,0.64403707
240902,0.34870842
240903,0.48027468
240904,0.37854138
240910,0.24612322
240916,0.20421325
240921,0.35932836
240923,0.48558015
240929,0.2529606
240930,0.45761782
240931,0.17492004
240932,0.54419833
240938,0.582684
240943,0.14075758
240948,0.20569256
240954,0.27549893
240972,0.18387093
240992,0.41873738
240993,0.49612814
240994,0.55278367
241018,0.20561786
241026,0.23542568
241031,0.45550305
241052,0.24197602
241060,0.491225
241076,0.80584687
241113,0.33501777
241116,0.7638479
241118,0.36849767
241121,0.27530643
241130,0.5451002
241142,0.11833002
241146,0.35920465
241159,0.31536785
241160,0.22674347
241161,0.5924243
241163,0.9195074
241176,0.38281816
241187,0.26644298
241188,0.2888025
241191,0.4674415
241192,0.51436394
241198,0.8783434
241208,0.781679
241210,0.2667401
241226,0.58270454
241244,0.1638478
241252,0.52654314
241254,0.15153217
241256,0.46885914
241264,0.4580182
241266,0.5504327
241267,0.58237714
241274,0.39641398
241279,0.2277728
241281,0.57884485
241284,0.28440273
241293,0.13598876
241330,0.28559384
241333,0.113984734
241344,0.6914056
241348,0.6258555
241359,0.21293537
241362,0.74999785
241372,0.071296096
241377,0.17310919
241381,0.6594039
241390,0.15827735
241395,0.10822302
241397,0.24640512
241401,0.17496338
241402,0.7590883
241415,0.54292953
241417,0.49118686
241426,0.7470457
241432,0.1695587
241436,0.1655059
241444,0.1222736
241447,0.6792517
241456,0.2500696
241457,0.13316597
241464,0.49698383
241465,0.5305926
241469,0.39081165
241479,0.06279404
241482,0.3861905
241488,0.7642174
241489,0.2657795
241507,0.42081377
241509,0.2711914
241511,0.20706126
241520,0.1940721
241523,0.060378622
241536,0.39285624
241545,0.5290852
241574,0.22051585
241577,0.7059399
241599,0.69324726
241608,0.34101838
241627,0.27356777
241631,0.2172959
241640,0.3757684
241642,0.2032193
241645,0.38087454
241647,0.20230639
241649,0.59606946
241654,0.79359597
241655,0.3495326
241657,0.59192824
241665,0.26847365
241671,0.30373108
241678,0.37485772
241683,0.19720331
241686,0.15352938
241699,0.25322154
241704,0.581235
241706,0.18467551
241709,0.3092734
241718,0.13922091
241723,0.5695483
241729,0.14421067
241739,0.49654445
241741,0.20295705
241752,0.52735895
241756,0.13214244
241763,0.2704393
241779,0.3991468
241793,0.15905109
241797,0.21715978
241804,0.48549086
241813,0.23030907
241816,0.58986384
241817,0.5716154
241821,0.0991088
241838,0.68956417
241839,0.3841991
241855,0.4429017
241857,0.25959095
241887,0.13959527
241888,0.18513238
241899,0.61843413
241903,0.3814214
241908,0.6861102
241914,0.2357841
241919,0.21612568
241933,0.57673603
241943,0.050027233
241947,0.44844496
241957,0.3170129
241960,0.66308326
241961,0.26385167
241965,0.5820536
241971,0.4176524
241982,0.2659888
241990,0.3109081
242011,0.20749159
242022,0.123813055
242023,0.35886663
242025,0.8096732
242035,0.44596174
242037,0.3797353
242043,0.32298523
242067,0.274217
242075,0.25015265
242077,0.05568971
242088,0.65396035
242103,0.49655268
242125,0.2550554
242134,0.7791255
242143,0.666707
242144,0.39103866
242148,0.3270973
242155,0.33153948
242163,0.1715639
242171,0.32057893
242182,0.54031515
242185,0.51975447
242188,0.5524993
242201,0.7736519
242203,0.24466479
242204,0.12960225
242208,0.5023302
242210,0.55580604
242217,0.29596105
242219,0.5443612
242222,0.33716014
242224,0.8118254
242229,0.5142353
242231,0.79785687
242236,0.739009
242256,0.4411113
242264,0.4128118
242269,0.31952223
242280,0.6065832
242281,0.17764877
242285,0.34419972
242295,0.16705748
242302,0.5690022
242314,0.3060769
242319,0.34906277
242332,0.5797911
242338,0.19757156
242342,0.5206747
242343,0.6264177
242345,0.12609014
242354,0.35370028
242361,0.56792635
242365,0.5876528
242373,0.3730713
242378,0.37415382
242383,0.55939984
242385,0.5463476
242389,0.18339346
242397,0.49639696
242404,0.8036989
242406,0.4949578
242410,0.26759136
242436,0.24595378
242439,0.10594716
242440,0.7152258
242444,0.34423524
242445,0.69733375
242455,0.5718996
242477,0.35191494
242479,0.7443326
242484,0.32169974
242491,0.4476843
242492,0.23357752
242497,0.24074353
242498,0.18246241
242499,0.6752699
242500,0.68882257
242501,0.51837844
242502,0.5585638
242516,0.28933632
242518,0.29805693
242523,0.7163221
242525,0.3535901
242537,0.43309978
242549,0.103962496
242550,0.3265002
242553,0.05729355
242554,0.221914
242561,0.26079974
242566,0.8611495
242567,0.5457178
242587,0.48372376
242598,0.2828483
242609,0.74467975
242611,0.299439
242614,0.73031396
242617,0.7702246
242622,0.7080229
242623,0.5479637
242629,0.18993312
242633,0.29934087
242636,0.6941176
242637,0.64361346
242642,0.29178807
242651,0.26226372
242655,0.20772125
242667,0.2224317
242668,0.17621392
242670,0.21608937
242681,0.19691287
242689,0.20206092
242690,0.7174129
242692,0.4862217
242693,0.2352027
242699,0.24999785
242706,0.3141642
242712,0.7362772
242714,0.5497501
242715,0.23785152
242721,0.5069152
242725,0.102623776
242740,0.13812087
242741,0.19170573
242762,0.6830436
242766,0.5075486
242772,0.18223248
242779,0.27466944
242782,0.2668016
242795,0.6495831
242796,0.17158262
242800,0.19642809
242810,0.25943217
242816,0.54773724
242824,0.49091557
242829,0.65112007
242833,0.19103661
242837,0.44266295
242851,0.56475675
242857,0.6700307
242858,0.61055374
242860,0.28769767
242874,0.39342448
242876,0.4656615
242877,0.06498065
242879,0.17220517
242890,0.53380805
242897,0.1318178
242898,0.13069497
242904,0.16950591
242916,0.069697164
242920,0.42261735
242924,0.46347997
242930,0.43222788
242936,0.5808459
242938,0.13829331
242951,0.5920068
242952,0.2529615
242956,0.19294757
242970,0.7928769
242972,0.20314075
242973,0.30938745
242975,0.16593768
288026,0.1547985
242979,0.558041
242985,0.41024002
242989,0.13101842
242994,0.70387703
242996,0.77696353
243004,0.59610033
243013,0.18679655
243015,0.3861764
243017,0.25216883
243022,0.20308113
243075,0.7275719
243077,0.19342707
243089,0.35466892
243096,0.35099888
243099,0.24399874
243109,0.4152125
243110,0.52609587
243111,0.09000617
243112,0.2620106
243114,0.5542443
243124,0.8794523
243128,0.86343807
243136,0.29485178
243143,0.19233792
243148,0.5255686
243151,0.12396312
243152,0.39272642
243163,0.3883199
243170,0.20593898
243173,0.2025088
243184,0.48791447
243187,0.3049407
243193,0.6792028
243206,0.5847615
243208,0.2520365
243236,0.13119279
243237,0.5690476
243241,0.16557114
243244,0.17048028
243251,0.4812855
243256,0.15366712
243257,0.3645525
243263,0.30529335
243265,0.5167124
243276,0.31139383
243283,0.54318804
243287,0.16558373
243289,0.78396046
243291,0.27968132
243294,0.12225089
243299,0.58459306
243301,0.74289024
243302,0.47738895
243310,0.507137
243313,0.75181127
288027,0.47773597
243334,0.57652587
243335,0.38484365
243345,0.2057857
243353,0.09946731
243369,0.24482976
243371,0.3989764
243375,0.40577474
243383,0.7482629
243387,0.11951044
243390,0.6543865
243398,0.047565725
243399,0.39713317
243401,0.21793458
243412,0.1510534
243430,0.32362935
243433,0.34989288
243440,0.30234
243445,0.83548903
243475,0.484482
243481,0.4032835
243501,0.7441558
243518,0.7080107
243528,0.13073808
243544,0.5110257
243550,0.30617878
243555,0.4360404
243558,0.6165015
243559,0.72365105
243569,0.52364624
243580,0.1893085
243581,0.08228008
243590,0.13094786
243611,0.49932328
243619,0.3453037
243643,0.29956493
243659,0.37875208
243664,0.17777087
243665,0.838062
243679,0.19282304
243680,0.50664145
243681,0.2068966
243689,0.5101803
243699,0.5348288
243700,0.6455677
243703,0.3293788
243714,0.8694289
243734,0.1016534
243741,0.72031707
243747,0.20898946
243757,0.6829322
243764,0.77363014
243766,0.5365422
243770,0.46018225
243774,0.5208677
243777,0.33827338
243778,0.24183628
243783,0.44180343
243788,0.5812008
243801,0.4722415
243802,0.16760966
243805,0.77913135
243821,0.4597863
243828,0.44537577
243831,0.5296885
243838,0.77218515
243850,0.045285985
243861,0.2827994
243871,0.5477889
243873,0.50850314
243874,0.5139248
243875,0.19493298
243891,0.37187028
243893,0.6412487
243900,0.17456011
243907,0.81367505
243908,0.7598627
243916,0.666158
243921,0.5363628
243943,0.21462429
243958,0.79888177
243963,0.8266576
243965,0.203275
288031,0.38074115
243968,0.27458084
243978,0.4771678
243993,0.6649139
243996,0.34308758
244004,0.6865201
244006,0.571489
244045,0.5060624
244046,0.1310809
244047,0.21195304
244049,0.096070595
244051,0.6453347
244058,0.28068575
244093,0.093674235
244100,0.36032215
244102,0.7970613
244104,0.4694543
244108,0.07480609
244112,0.45565662
244114,0.2637481
244134,0.4395615
244136,0.17994
244140,0.1696957
244151,0.15490659
244152,0.4421532
244164,0.6968118
244168,0.06196843
244173,0.18140097
244176,0.2139197
244179,0.18529917
244189,0.35576734
244201,0.42645058
244205,0.5441457
244212,0.63810503
244216,0.20471503
244226,0.4753701
244228,0.31054658
244238,0.6031228
244246,0.17460352
244252,0.530591
244257,0.20366426
244266,0.33765048
244268,0.5609179
244280,0.4096012
244290,0.19456942
244294,0.80696696
244295,0.6104165
244296,0.77113837
244298,0.2673812
244307,0.51531094
244321,0.3481225
244322,0.3578205
244324,0.1767703
244335,0.40675056
244346,0.62871486
244364,0.23036553
244372,0.76020813
244377,0.36395532
244387,0.83444566
244388,0.74555504
244395,0.7618619
244396,0.25865924
244403,0.17231691
244416,0.5202179
244417,0.11147088
244420,0.35364154
244421,0.38410926
244428,0.27634552
244429,0.5679943
244432,0.54471743
244456,0.6215521
244460,0.28512007
244461,0.5875324
244464,0.04676044
244470,0.11636108
244475,0.6336791
244484,0.72202015
244487,0.18566518
244489,0.30086926
244498,0.613537
244526,0.5245749
244529,0.90986603
244534,0.28371543
244536,0.67610896
244543,0.8641643
244545,0.33857524
244555,0.28497124
244560,0.596713
244562,0.47797683
244570,0.71834856
244572,0.69961214
244574,0.5323716
244605,0.5697095
244612,0.3255298
244624,0.25634798
244631,0.14115891
244632,0.67684585
244643,0.13035361
244652,0.4891986
244666,0.15034716
244671,0.27293268
244672,0.29828385
244683,0.27231446
244690,0.35096171
244696,0.24851182
244703,0.08402079
244710,0.41104415
244713,0.33094564
244719,0.41473338
244724,0.5785142
244736,0.5101673
244763,0.73234385
244764,0.7755024
244765,0.78659517
244767,0.45799765
244772,0.4405877
244786,0.40813765
244789,0.28282523
244794,0.26102182
244799,0.097569674
244810,0.13070579
244815,0.1434116
244830,0.2394619
244848,0.43038887
244852,0.087629065
244866,0.21097863
244867,0.5884281
244874,0.2414447
244887,0.39058188
244891,0.42661417
244897,0.8081215
244898,0.15311904
244909,0.45088515
244910,0.51192796
244913,0.5100103
244925,0.4930602
244928,0.44843048
244932,0.23769747
244942,0.18983935
244943,0.6822373
244949,0.43599343
244954,0.3000374
244971,0.43616655
244973,0.81254476
244989,0.6311907
245001,0.20285685
245012,0.3002779
245026,0.8209265
245030,0.32541957
245036,0.26537824
245049,0.7203892
245057,0.26522198
245062,0.31606323
245063,0.24690363
245074,0.16362795
245076,0.47127816
245105,0.32366934
245106,0.19369282
245121,0.23231407
245124,0.57922953
245129,0.10513557
245133,0.5618263
245138,0.4383858
245150,0.5554458
245156,0.49674082
245157,0.4555926
245168,0.4971404
245170,0.21446377
245177,0.28955755
245178,0.1683705
245182,0.022282649
245208,0.4057809
245219,0.73393613
245221,0.15475929
245222,0.3074972
245224,0.25464046
245225,0.14772508
245233,0.61876535
245234,0.25252008
245244,0.44290257
245253,0.7986897
245260,0.29604104
245272,0.3221271
245281,0.2564757
245296,0.6986514
245297,0.7655526
245303,0.21007885
245309,0.70411986
245313,0.06981052
245316,0.4071752
245328,0.2595995
245344,0.20222995
245351,0.2083887
245357,0.39431491
245367,0.2736773
245369,0.6701321
245376,0.5968112
245381,0.20169209
245411,0.3019453
245426,0.3169009
245428,0.07590805
245430,0.53238964
245437,0.64225477
245443,0.0708749
245450,0.2848626
245452,0.41115925
245468,0.6422219
245481,0.18565205
245486,0.21902925
245496,0.3043548
245501,0.49201328
245502,0.4072763
245503,0.23888311
245564,0.742297
245567,0.6060627
245568,0.74562734
245576,0.6667804
245577,0.33881143
245578,0.34060535
245595,0.25490484
245598,0.17267595
245604,0.2648043
245611,0.27760684
245615,0.6157171
245617,0.17868167
245627,0.3020542
245659,0.38244528
245661,0.43060175
245681,0.4152911
245687,0.52245724
245697,0.447522
245708,0.3430764
245713,0.39486244
245717,0.27543202
245720,0.3441618
245721,0.7480602
245724,0.19573908
245728,0.5379074
245738,0.29223403
245746,0.28516895
245747,0.5231154
245748,0.4089209
245766,0.20819686
245767,0.69543487
245784,0.3736483
245792,0.4111756
245802,0.5455805
245804,0.14355387
245815,0.30703917
245820,0.39871415
245830,0.4021003
245834,0.23697355
245836,0.33686593
245844,0.43513015
245853,0.06774916
245862,0.23206483
245863,0.70745647
245882,0.54442596
245892,0.23735355
245906,0.48889208
245913,0.21835428
245926,0.15070763
245932,0.33720508
245933,0.11170703
245934,0.32618654
245939,0.68958926
245948,0.35009772
245955,0.36884183
245957,0.14523716
245967,0.54296327
245979,0.24233143
245980,0.45545694
245989,0.18044585
245992,0.26230812
245994,0.49374261
246006,0.19675703
246010,0.23770213
246017,0.66629165
246041,0.15502466
246045,0.2173396
246053,0.32777196
246057,0.3914435
246059,0.20850784
246061,0.1908398
246079,0.079999804
246082,0.23907292
246089,0.23978326
246091,0.12707603
246102,0.2847826
246127,0.75979275
246134,0.32368127
246135,0.25788575
246138,0.7606555
246143,0.14293724
246146,0.57308227
246148,0.28144357
246152,0.76937836
246155,0.26099834
246164,0.21621946
246171,0.60558295
246185,0.27513346
246192,0.6615356
246200,0.60716295
246208,0.30573714
246210,0.2831285
246213,0.43841574
246214,0.73120576
246229,0.22189516
246242,0.15400077
246250,0.6380185
246258,0.12453503
246267,0.8449831
246273,0.3486814
246287,0.17477602
246289,0.40934807
246290,0.55201054
246302,0.21412583
246303,0.32755056
246304,0.22538587
246312,0.51665735
246319,0.8954139
246321,0.4587192
246335,0.5148713
246337,0.2621373
246348,0.09860883
246358,0.28312567
246362,0.82083935
246369,0.11954492
246374,0.4528546
246382,0.5845928
246384,0.4247488
246386,0.8508689
246390,0.25479004
246396,0.19089937
246400,0.5241237
246401,0.17858677
246405,0.48539028
246415,0.54473704
246416,0.38502222
246418,0.51962054
246422,0.10607369
246423,0.39584836
246426,0.38943532
246429,0.5316036
246432,0.31485084
246444,0.60898745
246448,0.67062175
246455,0.5079618
246469,0.40159115
246482,0.13514619
246488,0.23721279
246489,0.60517377
246491,0.23420028
246502,0.23759067
246516,0.19362037
246524,0.65381825
246525,0.6496662
246543,0.585491
246550,0.33755508
246554,0.2765619
246558,0.07526108
246559,0.57502866
246560,0.5470453
246561,0.09556473
246562,0.31812575
246564,0.26331136
246585,0.8038015
246615,0.5131697
246618,0.0979362
246619,0.17325687
246621,0.70018023
246624,0.22434294
246625,0.19289882
246627,0.6004467
246628,0.32787228
246631,0.40317473
246633,0.4347805
246654,0.25867683
246660,0.4034253
246665,0.6503846
246669,0.41869324
246681,0.15594296
246700,0.6719283
246705,0.39703786
246708,0.36537704
246711,0.7732989
246724,0.29495296
246740,0.122498415
246744,0.42898342
246745,0.72111344
246746,0.41303432
246748,0.2115571
246752,0.8475871
246758,0.5294452
246762,0.31137806
246765,0.21577427
246786,0.40951586
246798,0.27444956
246807,0.12568152
246816,0.7405717
246820,0.2212097
246833,0.16039577
246835,0.64019495
246836,0.55239075
246845,0.36955205
246849,0.40596864
246857,0.5560211
246861,0.2915304
246871,0.2103841
246872,0.6749196
246877,0.18313088
246879,0.06869562
246894,0.8022735
246896,0.107684344
246905,0.37516698
246907,0.27832508
246928,0.3168707
246935,0.053355288
246939,0.573873
246947,0.22848783
246951,0.10525647
246956,0.43764067
246972,0.3651843
246979,0.29905295
247003,0.15104285
247005,0.73266375
247006,0.20456758
247008,0.14676364
247014,0.73894894
247027,0.14355329
247032,0.53459305
247036,0.48381394
247080,0.3964234
247083,0.41300526
247086,0.4851942
247092,0.2149181
247098,0.22671835
247103,0.66644806
247105,0.2626701
247108,0.28776085
247118,0.53588974
247123,0.33636722
247129,0.7344679
247139,0.4986398
247147,0.2738469
247153,0.40481737
247157,0.29950213
247179,0.31533527
247190,0.49064553
247213,0.25786364
247220,0.15299861
247234,0.16920014
247260,0.19820614
247265,0.45006362
247269,0.66115695
247272,0.24287271
247277,0.12937912
247278,0.71453685
247280,0.24847637
247290,0.29806647
247296,0.26826653
247314,0.24828616
247316,0.40978637
247328,0.21798886
247332,0.18173672
247336,0.70436436
247340,0.61374795
247342,0.43789038
247347,0.46032214
247350,0.42927656
247351,0.11841295
247353,0.59946465
247354,0.24629131
247360,0.19705
247371,0.24622974
247378,0.24196558
247394,0.6632593
247402,0.26509374
247406,0.43945026
247409,0.30445358
247446,0.41201195
247453,0.19654715
247455,0.57939106
247463,0.15151785
247484,0.1998689
247485,0.50488025
247492,0.5413867
247497,0.40913087
247510,0.3109325
247521,0.2518744
247527,0.574771
247534,0.509537
247537,0.39930415
247558,0.26931846
247559,0.32708153
247560,0.59815884
247567,0.6356082
247572,0.65085834
247582,0.2060293
247583,0.65840024
247594,0.3309205
247595,0.21023414
247597,0.30693933
247598,0.16283843
247607,0.700201
247619,0.56722814
247632,0.67675227
247638,0.4216665
247639,0.59502226
247646,0.2335207
247655,0.24621893
247660,0.20683143
247672,0.47388092
247677,0.15835439
247682,0.31256428
247685,0.5373046
247690,0.3794634
247701,0.06856308
247708,0.82591784
247715,0.6158744
247734,0.37109378
247758,0.2910862
247761,0.1673588
247763,0.23405422
247766,0.18495189
247774,0.21887012
247775,0.54550683
247779,0.23208874
247781,0.46321383
247783,0.43272355
247785,0.31323922
247787,0.06330575
247793,0.11891394
247798,0.26474792
247802,0.5922163
247805,0.16223326
247814,0.10530626
247816,0.60247463
247834,0.18977082
247836,0.1443507
247844,0.7530615
247849,0.49090487
247852,0.09262751
247859,0.25085855
247861,0.70443976
247867,0.3993678
247868,0.23094846
247883,0.5108934
247890,0.288952
247892,0.78256065
247896,0.18004678
247897,0.28035897
247902,0.80763805
247904,0.26904398
247909,0.21183291
247910,0.33655754
247911,0.5559233
247929,0.14615828
247930,0.07452885
247935,0.11874322
247942,0.7497445
247950,0.38133752
247951,0.50439703
247972,0.4440318
247989,0.33563077
247993,0.37134543
247995,0.5184826
248012,0.24768147
248018,0.30342445
248019,0.6208765
248036,0.1465414
248037,0.46513277
248039,0.2118875
248040,0.73448974
248043,0.5554312
248054,0.16304533
248056,0.28672606
248068,0.62029564
248075,0.6900951
248085,0.27225003
248087,0.36806732
248089,0.2125562
248095,0.3671588
248105,0.36083847
248109,0.41148835
248115,0.40393147
248131,0.45502076
248135,0.7072573
248148,0.5485289
248154,0.65021133
248156,0.3478425
248165,0.5978108
248169,0.22456905
248173,0.1151558
248179,0.2821061
248187,0.22729044
248204,0.2512786
248207,0.47481844
248210,0.5611877
248212,0.4918086
248214,0.26801765
248229,0.4079189
248236,0.32360893
248239,0.4967557
248240,0.62299466
248246,0.12349761
248249,0.30369624
248261,0.35631317
248267,0.21784645
248268,0.3233478
248272,0.09745197
248276,0.44278967
248293,0.42492208
248303,0.50284344
248307,0.4936271
248308,0.568286
248327,0.2555372
248330,0.1545824
248345,0.441038
248355,0.12619196
248364,0.5093346
248368,0.45694897
248373,0.5975516
248375,0.643507
248378,0.32529667
248390,0.26140663
248394,0.4081514
248405,0.22141793
248409,0.4444142
248411,0.42183265
248415,0.56244224
248416,0.21254899
248419,0.55437255
288039,0.091035
248421,0.14412378
248422,0.381516
248424,0.11033859
248427,0.26195186
248429,0.7828846
248435,0.14727403
248452,0.4070238
248461,0.41774747
248467,0.29837784
248472,0.4667205
248473,0.14471522
248476,0.38846818
248488,0.8164599
248489,0.7283262
248505,0.24613369
248509,0.21224329
248510,0.5856982
248512,0.1341846
248524,0.788094
248526,0.54322934
248528,0.2700519
248533,0.12708566
248546,0.20910847
248568,0.32439107
248570,0.4069034
248579,0.4551106
248583,0.37844837
248585,0.122218534
248586,0.42687023
248596,0.069159284
248597,0.7555398
248601,0.09385858
248605,0.4627746
248613,0.21146943
248618,0.21489248
248622,0.32420486
248626,0.032045018
248627,0.098079115
248628,0.16497083
248635,0.35474873
248636,0.13244893
248644,0.23479238
288041,0.6568355
248667,0.6035129
248675,0.22415303
248677,0.4251176
248693,0.6805061
248694,0.42095527
248699,0.11200742
248706,0.6741973
248726,0.33168337
248728,0.36778584
248731,0.45879862
248736,0.87612987
248738,0.7606309
248739,0.17073755
248744,0.631176
248745,0.5951583
248756,0.24108914
248760,0.4190757
248767,0.73444146
248770,0.34202158
248772,0.5476097
248773,0.23360643
248785,0.17860073
248789,0.3548193
248791,0.39714146
248797,0.17882353
248826,0.10191994
248853,0.26669437
248854,0.1548596
248856,0.40149552
248861,0.32071936
248869,0.6174611
248871,0.26639736
248877,0.16634117
248883,0.57683146
248891,0.09937662
248892,0.7647762
248905,0.11996946
248910,0.30107743
248914,0.16477303
248921,0.48318118
248931,0.7742703
249000,0.16357118
249005,0.40295064
249025,0.059531707
249040,0.7043295
249045,0.39911777
249056,0.37335584
249057,0.05532355
249075,0.33294466
249084,0.56302434
249089,0.390481
249095,0.7277038
249101,0.546618
249113,0.24657048
249116,0.16223127
249118,0.29940647
249137,0.4384339
249140,0.20445885
249149,0.6973658
249151,0.33899283
249154,0.51339144
249155,0.30707774
249171,0.1692059
249173,0.762465
249190,0.3770874
249191,0.17146648
249197,0.3647557
249205,0.7707085
249212,0.59719914
249228,0.4504354
249235,0.53438556
249266,0.19438119
249269,0.33141482
249277,0.56558627
249298,0.33656812
249305,0.5587479
249310,0.3930604
249313,0.64619005
249320,0.7788524
249321,0.08315149
249332,0.14038236
249333,0.385723
249339,0.38658333
249343,0.7412232
249345,0.23184228
249347,0.3234751
249348,0.36070374
249358,0.06589066
249370,0.8437232
249382,0.5869525
249397,0.152853
249398,0.54662514
249400,0.6277658
249403,0.8538564
249412,0.68792635
249421,0.5251293
249422,0.27413362
249426,0.21354161
249445,0.2817714
249460,0.24191868
249465,0.060048442
249467,0.12572719
249481,0.35363922
249495,0.4166314
249496,0.47204468
249505,0.2098081
249507,0.06732734
249523,0.4502617
249528,0.44257843
249532,0.5563945
249534,0.55986935
249540,0.26821288
249542,0.584583
249557,0.3084143
249559,0.7690975
249578,0.12915084
249581,0.080638215
249588,0.5320186
249595,0.3497584
249603,0.5725684
249615,0.21202374
249630,0.44998154
249636,0.34729892
249640,0.37907103
249648,0.20721513
249657,0.28651002
249661,0.16141649
249664,0.19861694
249668,0.61659336
249677,0.2744631
249681,0.20771793
249687,0.6233524
249688,0.46120566
249695,0.8495904
249703,0.27261636
249705,0.612823
249718,0.66787547
249719,0.5986914
249720,0.4167151
249726,0.09579419
249728,0.49192804
249742,0.27321047
249764,0.4651046
249768,0.5642427
249770,0.43774983
249774,0.221745
249779,0.40204883
249783,0.38022363
249801,0.89456207
249808,0.2626169
249818,0.06658981
249820,0.55525446
249832,0.81864715
249839,0.12408388
249843,0.684205
249845,0.32223985
249847,0.27390194
249878,0.7979302
249883,0.28770396
249895,0.6015834
249898,0.42530286
249906,0.40344176
249909,0.15590557
249913,0.41035923
249920,0.6763478
249921,0.14182234
249928,0.64362854
249941,0.26581928
249951,0.24024382
249955,0.49097526
250020,0.26251295
250022,0.36907792
250026,0.50287706
250038,0.4747332
250045,0.6171827
250048,0.6119128
250049,0.6632667
250051,0.19045414
250056,0.5678537
250073,0.21925005
250085,0.16615641
250088,0.78660846
250091,0.5834436
250092,0.48827896
250093,0.114571325
250095,0.23993464
250098,0.63767207
250105,0.46774668
250114,0.8540753
250127,0.6206812
250134,0.6451563
250137,0.12694862
250153,0.44371784
250156,0.46138456
250176,0.32008868
250188,0.3655786
250189,0.35734737
250211,0.51426333
250212,0.6666802
250217,0.09916781
250226,0.49810967
250236,0.94145566
250237,0.37812626
250246,0.41371787
250270,0.4992525
250276,0.51631683
250299,0.60272807
250311,0.060705975
250312,0.62945294
250319,0.31120557
250324,0.13148376
250331,0.15931292
250340,0.30599684
250347,0.10381515
250354,0.2822468
250358,0.37683845
250359,0.12483759
250361,0.7291697
250363,0.44628754
250371,0.56765807
250377,0.45789254
250381,0.15374716
250391,0.13911344
250415,0.2674835
250416,0.4609613
250430,0.7587591
250431,0.4036403
250438,0.45282096
250444,0.63994116
250453,0.600138
250458,0.5330118
250462,0.81503797
250469,0.09263139
250473,0.2932097
250481,0.405157
250498,0.6015641
250502,0.7203917
250508,0.41905287
250514,0.07672965
250521,0.16687247
250522,0.7884233
250530,0.16587476
250531,0.113780774
250533,0.07264727
250539,0.42595845
250541,0.25909093
250545,0.6564327
250557,0.7875959
250576,0.4134109
250579,0.19564568
250585,0.8631423
250586,0.32035643
250591,0.707418
250592,0.23067208
250596,0.1097247
250616,0.13478161
250617,0.20292813
250632,0.5784718
250636,0.3295995
250640,0.45378932
250657,0.5407184
250658,0.52505785
250661,0.23337907
250684,0.45357144
250685,0.3216688
250691,0.6949485
250692,0.21368667
250712,0.16158615
250713,0.173468
250719,0.45589814
250737,0.399893
250749,0.11258629
250772,0.28206784
250773,0.7783519
250774,0.3299691
250781,0.47151875
250783,0.09486318
250810,0.38544577
250814,0.16412322
250819,0.21027231
250831,0.29960477
250855,0.26829103
250867,0.76220876
250878,0.20102943
250887,0.080065824
250889,0.22955766
250890,0.4732272
250900,0.5875151
250904,0.3691941
250909,0.3635054
250913,0.41314644
250914,0.23294462
250915,0.51882535
250918,0.30041876
250922,0.803523
250925,0.29018715
250939,0.5073906
250949,0.19393432
250956,0.444623
250961,0.508022
250963,0.3075104
250965,0.56421673
250968,0.16044603
250970,0.21843874
250981,0.43398845
250990,0.119746275
251001,0.53773654
251002,0.12875918
251011,0.6097268
251013,0.2590016
251021,0.16329765
251022,0.240996
251029,0.11129919
251046,0.104910426
251047,0.32304585
251058,0.08203491
251063,0.19998872
251064,0.49438813
251073,0.8119093
251083,0.4298924
251085,0.6331044
251091,0.6192555
251096,0.3929915
251105,0.8618217
251115,0.63418746
251123,0.24896252
251133,0.40490454
251152,0.20003618
251165,0.50381535
251180,0.47021714
251196,0.609663
251197,0.51863575
251214,0.13199177
251215,0.852728
251217,0.6611164
251219,0.27066997
251233,0.23981753
251234,0.5936716
251245,0.12766284
251248,0.69106835
251255,0.045926914
251267,0.0908496
251272,0.46375468
251276,0.2548243
251288,0.3309024
251297,0.3550369
251298,0.46492252
251300,0.42412737
251301,0.28919902
251302,0.24771047
251303,0.57366914
251311,0.17496428
251314,0.32650828
251322,0.13371995
251324,0.56661683
251333,0.53679264
251336,0.59240246
251341,0.52437
251346,0.27071735
251370,0.24186905
251378,0.32100073
251396,0.35579488
251401,0.5029711
251413,0.20462312
251422,0.17452523
251423,0.28793898
251434,0.69422984
251436,0.42719972
251443,0.41893137
251445,0.5043005
251455,0.20419534
251465,0.22568499
251470,0.15648603
251475,0.8521399
251488,0.3346953
251498,0.37913564
251504,0.57235557
251506,0.7422199
251530,0.5974639
251534,0.7294881
251538,0.7945129
251543,0.17565142
251557,0.39796335
251558,0.60765094
251567,0.22447382
251575,0.22207451
251579,0.26008737
251598,0.6527892
251599,0.3185027
251606,0.28212592
251608,0.1775221
251620,0.5648299
251624,0.42544815
251629,0.20142953
251631,0.43314725
251654,0.55332726
251671,0.32106546
251677,0.4075598
251682,0.24030651
251684,0.42835626
251689,0.48078424
251700,0.57272553
251716,0.40092254
251719,0.62872696
251727,0.3856371
251731,0.45353115
251732,0.28273657
251737,0.2627496
251744,0.24144743
251750,0.39514697
251754,0.7168133
251759,0.14077112
251761,0.7752084
251762,0.5733753
251765,0.26621827
251768,0.22533037
251770,0.11759994
251777,0.22378057
251786,0.28468275
251795,0.37940642
251805,0.49798268
251833,0.4091989
251839,0.21679355
251848,0.7584444
251851,0.2966166
251893,0.18969493
251909,0.18488006
251918,0.46105596
251920,0.35300705
251922,0.6372783
251923,0.7731845
251926,0.5586804
251933,0.16244203
251938,0.2314145
251948,0.45983207
251955,0.31607684
251956,0.47002512
251957,0.29126105
251964,0.18709359
251965,0.58455694
251966,0.35391477
251972,0.25980407
251980,0.15235429
252003,0.23175585
252016,0.33799377
252028,0.49835658
252032,0.1496936
252046,0.13161832
252054,0.100491695
252060,0.47145298
252073,0.22746685
252088,0.12580445
252092,0.14149648
252096,0.628469
252113,0.41950372
252115,0.077174135
252121,0.16578875
252133,0.47538194
252135,0.1201977
252145,0.61415255
252151,0.09780261
252167,0.3472421
252169,0.5215548
252175,0.7470903
252189,0.59168494
252190,0.662628
252191,0.60626286
252198,0.39740577
252212,0.5582883
252223,0.282218
252224,0.52638835
252228,0.64750916
252253,0.09535347
252257,0.70238715
252261,0.5492387
252265,0.37831974
252272,0.61846125
252273,0.41724488
252286,0.8759242
252312,0.081887335
252322,0.31287098
252326,0.49647892
252332,0.16084471
252345,0.25481284
252348,0.34661952
252354,0.44682726
252358,0.50183576
252364,0.48051247
252366,0.62253135
252369,0.71172297
252374,0.24679066
252382,0.3428365
252417,0.6824737
252425,0.8430597
252426,0.34476665
252429,0.2899304
252434,0.7593284
252447,0.3266055
252450,0.2685398
252452,0.70567566
252460,0.19392073
252463,0.3841617
252465,0.55181247
252492,0.59924287
252493,0.7198452
252518,0.44255385
252522,0.66196257
252524,0.36118445
252531,0.2879568
252533,0.58731234
252540,0.43631592
252543,0.14702235
252544,0.23653293
252555,0.32395878
252558,0.647778
252562,0.12727287
252565,0.6585456
252568,0.1083689
252569,0.17839459
252573,0.55753565
252582,0.17869134
252596,0.21199761
252599,0.15834326
252603,0.31031987
252606,0.2904149
252630,0.25091127
252636,0.21283057
252651,0.4538349
252653,0.10461341
252679,0.80123895
252682,0.66761607
252687,0.74531347
252713,0.12518863
252715,0.08948549
252721,0.78507215
252726,0.2949963
252746,0.40711293
252754,0.08004486
252760,0.07635686
252762,0.8650499
252763,0.40173063
252764,0.51732373
252768,0.36990643
252773,0.23978561
252774,0.3571419
252782,0.48599556
252784,0.33515528
252797,0.14012036
252798,0.13743953
252809,0.51080024
252819,0.20873824
252840,0.32333136
252862,0.13364293
252863,0.6005833
252865,0.38171118
252870,0.5768576
252880,0.5296437
252881,0.24925345
252888,0.47039485
252889,0.45373926
252894,0.19949308
252899,0.2500222
252911,0.15110983
252918,0.058295008
252926,0.10969446
252929,0.39734948
252932,0.56693715
252939,0.30149323
252940,0.31383374
252970,0.06621313
252971,0.20923872
252980,0.6500194
252981,0.31714025
252986,0.35427216
252990,0.19788848
253004,0.3440616
253011,0.41117516
253015,0.16457357
253022,0.2785305
253032,0.22528225
253044,0.76535666
253056,0.1607922
253065,0.3200616
253066,0.07976387
253067,0.37622893
253079,0.30123165
253088,0.38562518
253098,0.54186904
253099,0.6371524
253112,0.1620421
253113,0.404837
253133,0.43129843
253149,0.14312263
253151,0.23572047
253153,0.3192809
253160,0.25304192
253164,0.23071279
253169,0.6953181
253177,0.14171302
253183,0.6752389
253198,0.5509474
253206,0.4672381
253214,0.66504145
253218,0.28438
253224,0.26638487
253227,0.06801683
288045,0.6568561
253231,0.15934157
253247,0.35845143
253251,0.31288084
253262,0.32892972
253264,0.26515952
253265,0.39333606
253273,0.4042273
253275,0.16424806
253278,0.18009727
253284,0.56213456
253298,0.42276865
253313,0.5588285
253317,0.08300322
253322,0.5360878
253326,0.36645854
253332,0.7503444
253338,0.26703116
253339,0.09553109
253346,0.093134835
253348,0.72976476
253350,0.14771202
253357,0.57694393
253363,0.54789776
253365,0.13931814
253369,0.27847847
253373,0.65820473
253378,0.23708671
253383,0.7464059
253392,0.29304147
253395,0.2583486
253398,0.27757028
253410,0.6117937
253419,0.37361357
253420,0.5463734
253421,0.78847784
253441,0.65964365
253442,0.290548
253446,0.28403834
253447,0.5798516
253465,0.3729654
253488,0.56113714
253492,0.14683269
253499,0.8958612
253500,0.74607104
253501,0.2776007
253509,0.26000166
253521,0.26647234
253534,0.2545215
253544,0.2938328
253555,0.63695955
253557,0.48529497
253559,0.114173844
253583,0.51322263
253587,0.29649442
253589,0.4126958
253591,0.40282807
253596,0.18351834
253600,0.22202305
253605,0.13952056
253620,0.38109502
253628,0.14150654
253631,0.7467374
253634,0.07256211
253639,0.32104698
253641,0.7539428
253661,0.1086277
253672,0.43628988
253679,0.27212307
253683,0.43098414
253696,0.12664847
253706,0.33823806
253708,0.45765847
253712,0.13704555
253717,0.13745649
253720,0.5970554
253731,0.3352912
253734,0.48395267
253743,0.41893446
253744,0.2968146
253748,0.21327202
253754,0.48203996
253761,0.3447022
253787,0.47235695
253788,0.3402516
253796,0.7496167
253826,0.6066765
253829,0.5501833
253837,0.6868479
253841,0.581999
253843,0.2878846
253844,0.41160133
253845,0.442834
253849,0.51772994
253854,0.16088153
253861,0.25727746
253863,0.24308786
253875,0.7406663
253891,0.4448899
253894,0.602723
253895,0.871205
253918,0.5936972
253930,0.10104855
253939,0.3237047
253940,0.5608248
253945,0.52066624
253950,0.043825
253951,0.061813265
253964,0.6662674
253967,0.31289393
253975,0.81752115
253986,0.28717047
253998,0.819285
254017,0.46420595
254025,0.6029798
254026,0.14106323
254031,0.24424449
254035,0.30345663
254040,0.44419235
254042,0.20464522
254047,0.3063798
254051,0.8210442
254056,0.23554036
254060,0.3977411
254068,0.40382868
254073,0.76616955
254088,0.26477966
254100,0.2776206
254110,0.60968524
254115,0.1724171
254116,0.9135173
254125,0.33914068
254130,0.2717206
254135,0.6138013
254149,0.48575938
254161,0.23912553
254167,0.24656104
254176,0.5944592
254205,0.14328998
254226,0.095417045
254228,0.56913143
254238,0.13131925
254242,0.60506845
254257,0.77365816
254261,0.48823026
254280,0.3025909
254295,0.10935512
254316,0.53620714
254325,0.6733667
254326,0.6154322
254327,0.27963188
254335,0.14713226
254342,0.5256915
254347,0.53286165
254355,0.40592194
254358,0.24063668
254359,0.23110089
254368,0.46374422
254376,0.50535536
254382,0.65185153
254383,0.72058815
254390,0.3574768
254392,0.42137775
254394,0.1326443
254400,0.02745723
254406,0.25937495
254411,0.21024418
254421,0.4635427
254435,0.6254309
254437,0.2271862
254440,0.027495893
254460,0.46276128
254470,0.23284118
254471,0.5964416
254472,0.15014812
254483,0.80566347
254493,0.18887575
254513,0.23355319
254518,0.7073867
254520,0.6736482
254534,0.33600995
254537,0.34369546
254562,0.2555714
254567,0.31184837
254577,0.41114405
254578,0.47418514
254580,0.76497996
254586,0.34074974
254591,0.51586354
254593,0.18091384
254597,0.783131
254599,0.13341914
254613,0.16589862
254629,0.56534183
254631,0.4775624
254633,0.34109843
254639,0.23365821
254642,0.48802438
254650,0.5922482
254659,0.24948439
254662,0.54052097
254671,0.4549477
254672,0.22107486
254674,0.6946302
254676,0.79670423
254679,0.2122537
254701,0.29149753
254722,0.06467639
254728,0.4002073
254742,0.14998206
254748,0.37017342
254750,0.19096226
254751,0.45007628
254753,0.5930572
254773,0.6786956
254783,0.24055883
254805,0.36780772
254806,0.6000393
254810,0.21665312
254817,0.2201645
254820,0.2438924
254829,0.5779218
254835,0.28078017
254837,0.39495778
254843,0.28855833
254850,0.3154276
254858,0.41318282
254861,0.31377807
254884,0.20877588
254885,0.56950855
254890,0.25965628
254910,0.37709174
254916,0.262555
254917,0.34032157
254920,0.05342329
254926,0.26260513
254928,0.31640825
254930,0.29200977
254937,0.6812715
254940,0.10798757
254953,0.59697217
254956,0.15790382
254969,0.43382633
254982,0.5266394
254988,0.45287412
254998,0.28168806
255013,0.72049105
255017,0.28558645
255018,0.24225543
255029,0.48163408
255033,0.8862669
255035,0.7551311
255061,0.85928786
255067,0.098259054
255068,0.32325745
255070,0.67313844
255084,0.19054219
255096,0.44796658
255106,0.072069146
255114,0.37095502
255117,0.23777476
255135,0.52452725
255142,0.31488594
255143,0.42954805
255146,0.64641756
255155,0.2968093
255156,0.6742865
255158,0.19074458
255167,0.3569083
255172,0.25732327
255199,0.1361132
255204,0.23520671
255206,0.34321737
255210,0.25038752
255226,0.2720409
255230,0.33501458
255253,0.2611496
255259,0.17130964
255260,0.20297529
255278,0.5379494
255288,0.31415942
255312,0.35352772
255317,0.15718025
255319,0.30296597
255320,0.6377237
255322,0.23747587
255332,0.8805835
288065,0.57436854
255337,0.3279306
255344,0.09486143
255347,0.34504196
255348,0.13256198
255351,0.31578273
255366,0.43557733
255371,0.31168413
255372,0.15800828
255373,0.5747517
255377,0.5180477
255378,0.5191407
255405,0.5009789
255408,0.41591427
255425,0.57338065
255434,0.4824949
255441,0.34563887
255442,0.7500836
255451,0.54593295
255486,0.1458112
255490,0.8708445
255493,0.35200667
255501,0.526847
255503,0.2099002
255515,0.50828934
255522,0.6130661
255526,0.19417258
255538,0.72793335
255541,0.3531717
255546,0.62955964
288068,0.48412046
255549,0.12464787
255557,0.13158837
255564,0.70323116
255568,0.2575212
255572,0.43997708
255581,0.16115302
255585,0.13178852
255586,0.5590189
255596,0.6940929
255598,0.24788392
255600,0.40850773
255619,0.39264518
255620,0.12538049
255623,0.28372544
255631,0.3474376
255632,0.50621665
255633,0.40847012
255646,0.45978287
255647,0.22698116
255649,0.35594535
255659,0.28957376
255666,0.18240596
255669,0.3555685
255674,0.23555698
255675,0.15207377
255678,0.48064187
255682,0.7817984
255690,0.5594436
255691,0.18552625
288079,0.2019669
255694,0.6642245
255706,0.17922242
255717,0.20070386
255720,0.09743331
255723,0.47286698
255724,0.58730537
255729,0.19980389
255731,0.49311104
255733,0.09992258
255734,0.5654965
255738,0.44762686
255760,0.14835995
255766,0.17902541
255770,0.14738491
255772,0.14542405
255775,0.33837432
255776,0.2043929
255786,0.29418793
255795,0.16646005
255797,0.4038725
255810,0.40515375
255813,0.30069497
255829,0.5041104
255830,0.18976824
255832,0.391766
255847,0.13334522
255853,0.5596515
255876,0.22129348
255881,0.0616636
255883,0.13897817
255891,0.43595967
255899,0.47454125
255900,0.6277403
255906,0.5199583
255907,0.4798348
255911,0.59911835
255921,0.37105557
255925,0.6328912
255930,0.55444205
255941,0.11074374
255948,0.14254174
255969,0.7406103
255973,0.6973415
255974,0.32424223
255976,0.5010709
255977,0.32657138
255978,0.11827924
255981,0.562172
255988,0.34965453
255990,0.3069537
255992,0.45308065
255998,0.11846132
256015,0.5248746
256016,0.3184092
256036,0.30350086
256045,0.38676772
256050,0.53079367
256066,0.75199443
256076,0.7460113
256080,0.15733309
256083,0.6464809
256086,0.18240824
256103,0.2747756
256108,0.13003966
256114,0.26646775
256115,0.54440755
256139,0.6396448
256141,0.12740324
256146,0.19156075
256150,0.21729672
256177,0.29831016
256179,0.25349468
256194,0.61070037
256195,0.61462295
256200,0.68668133
256204,0.38743412
256205,0.7221359
256213,0.38749793
256222,0.3420266
256224,0.24827208
256235,0.5623935
256264,0.0883695
256268,0.40065017
256276,0.52211237
256277,0.20593178
256282,0.08488452
256285,0.15482357
256293,0.17751783
256294,0.50632054
256296,0.79766744
256297,0.25071123
256315,0.32189706
256317,0.28630197
256334,0.68581223
256339,0.31353554
256342,0.8903605
256345,0.39618534
256348,0.598117
256350,0.29277572
288084,0.8937451
256351,0.19785127
256357,0.509927
256375,0.77947605
256377,0.6041071
256379,0.16818896
256392,0.055049412
256398,0.10174638
256419,0.36945856
256422,0.16178137
256424,0.14999829
256431,0.30708447
256432,0.39246827
256438,0.7071229
256459,0.14711548
256460,0.8290385
256506,0.76812917
256507,0.23132008
256511,0.19921066
256513,0.5498632
256519,0.38736433
256533,0.4135068
256539,0.49639836
256590,0.40604496
256606,0.7035563
256614,0.37906808
256642,0.4019594
256644,0.07425523
256653,0.39401546
256663,0.0953147
256666,0.42481565
256669,0.48905757
256678,0.2827233
256685,0.6472277
256705,0.23942414
256708,0.33332926
256713,0.43162003
256715,0.3957932
256718,0.32295707
256745,0.58734506
256752,0.2566996
256753,0.33864015
256754,0.33437812
256763,0.1504711
256772,0.5709979
256773,0.58319944
256774,0.7685421
256776,0.7497646
256783,0.5854567
256790,0.3297595
256801,0.78848714
256802,0.8547372
256803,0.6013378
256808,0.14076617
256809,0.47330254
256810,0.36544254
256818,0.30824563
256824,0.19286326
256825,0.32470593
256826,0.19620323
256829,0.2916993
256834,0.38523647
256843,0.7667354
256866,0.8215623
256875,0.32902086
256876,0.2783634
256887,0.39076692
256888,0.40262613
256894,0.35584134
256909,0.25218356
256918,0.69537747
256927,0.5745297
256931,0.1294905
256933,0.39265206
256937,0.70353323
256950,0.6092798
256955,0.16523477
256962,0.30098566
256972,0.08400293
256985,0.6134429
256987,0.68176866
256993,0.035471484
257000,0.53244424
257017,0.16524315
257019,0.39981318
257020,0.6326768
257022,0.2600871
257023,0.28278807
257025,0.6140888
257050,0.36053407
257056,0.15639837
257060,0.5562483
257064,0.08798639
257066,0.123228736
257071,0.5211531
257073,0.25312576
257076,0.1251008
257084,0.37983525
257088,0.58963776
257102,0.49463856
257118,0.35755727
257119,0.53988147
257120,0.3531227
257131,0.31473446
257145,0.7352898
257150,0.41794685
257154,0.6136983
257169,0.5257683
257192,0.73452914
257200,0.2226119
257204,0.27633083
257205,0.68312675
257213,0.4636271
257216,0.09505318
257219,0.34418225
257232,0.45905453
257234,0.14609137
257244,0.60041654
257251,0.15513155
257255,0.19071822
257260,0.21378574
257263,0.6850599
257267,0.32907593
257277,0.20627727
257293,0.26173103
257294,0.3098742
257304,0.14254162
257307,0.056089412
257312,0.41434547
257324,0.5774047
257325,0.5988261
257326,0.26296794
257353,0.134917
257354,0.14200209
257369,0.38704464
257372,0.23725542
257375,0.2998296
257388,0.48575726
257393,0.16437997
257395,0.31740394
257399,0.44060436
257406,0.40794843
257409,0.4422307
257437,0.5246666
257441,0.2603837
257442,0.47465527
257473,0.24108432
257476,0.38729614
257477,0.79221654
257483,0.70750296
257500,0.6651569
257506,0.62580496
257508,0.24117753
257511,0.54849565
257514,0.08461993
257527,0.7028809
257528,0.3407491
257545,0.25596246
257546,0.56186104
257548,0.36006892
257551,0.19567887
257564,0.41105792
257565,0.42400387
257567,0.34897193
257572,0.21844359
257575,0.5166544
257577,0.8522041
257578,0.17102483
257585,0.17153011
257589,0.63237494
257590,0.3536286
257594,0.14824355
257596,0.20513307
257614,0.7501268
257618,0.802236
257624,0.689072
257632,0.15474665
257638,0.22780026
257644,0.5716259
257650,0.23653536
257653,0.4417451
257660,0.784731
257663,0.46900916
257665,0.53525865
257677,0.6421194
257678,0.20540732
257690,0.496593
257700,0.49970978
257711,0.36580014
257712,0.7575728
257715,0.18821988
257718,0.075044185
257720,0.48095432
257740,0.7631024
257748,0.43192264
257765,0.46801013
257768,0.54008067
257777,0.2518172
257778,0.40617424
257785,0.5435657
257789,0.47615924
257794,0.3775692
257796,0.4932157
257821,0.18826786
257823,0.8615414
257832,0.23462984
257844,0.7938659
257848,0.6653342
257854,0.31193128
257861,0.6545322
257872,0.2715803
257875,0.49901193
257876,0.3438974
257883,0.1925936
257888,0.18339688
257895,0.5756233
257900,0.28423962
257906,0.14930782
257907,0.83232284
257920,0.8354708
257921,0.5264422
257926,0.09837564
257932,0.38154066
257940,0.089592986
257947,0.59136754
257953,0.56943816
257958,0.19990323
257967,0.6688704
257977,0.23005351
257986,0.22894323
258012,0.40438315
258013,0.4569102
258031,0.13867003
258034,0.15456389
258037,0.75448316
258051,0.720091
258056,0.32016206
258058,0.42995
258066,0.5972916
258074,0.338381
258077,0.13225965
258090,0.62450665
258109,0.22762807
258114,0.12341264
258124,0.27031088
258127,0.78302765
258141,0.11352019
258148,0.3494005
258151,0.43057832
258163,0.24218297
258166,0.1709916
258169,0.09611758
258179,0.6983108
258190,0.5744917
258193,0.22477639
258207,0.80318516
258220,0.33056283
258222,0.51924855
258223,0.29121634
258225,0.13104984
258227,0.098625906
258231,0.60505235
258233,0.72215855
258249,0.06666542
258255,0.29231283
258259,0.17087176
258276,0.2752744
258281,0.869074
258302,0.17906155
258305,0.5497264
258310,0.405677
258334,0.6930074
258335,0.5829816
258338,0.07878088
258345,0.08089421
258360,0.056753937
258363,0.59198904
258381,0.47951803
258384,0.29350847
258387,0.17399687
258400,0.43556345
258402,0.2498087
258406,0.7041778
258408,0.77835536
258432,0.06737473
258443,0.15020408
258461,0.19584563
258488,0.5416662
258489,0.4282583
258508,0.49580652
258524,0.144981
258527,0.09953199
258545,0.043607548
258549,0.60455567
258560,0.72308534
258565,0.541985
258567,0.20851356
258575,0.42953658
258590,0.08797737
258591,0.32457614
258592,0.419469
258603,0.6808599
258606,0.4421495
258610,0.4978455
258627,0.2594559
258631,0.06795765
258637,0.5908226
258638,0.4625976
258640,0.54812014
258645,0.19094224
258651,0.3075626
258652,0.5562918
258653,0.41811386
258662,0.5199018
258663,0.19161014
258671,0.21614513
258679,0.14831689
258685,0.30071855
258686,0.79382205
258697,0.14668247
258705,0.8385725
258723,0.77183604
258724,0.22220746
258734,0.17328134
258763,0.45464018
258764,0.2643112
258771,0.29731044
258773,0.31215426
258782,0.5914314
258784,0.10114659
258790,0.35268205
258811,0.18194276
258817,0.39200503
258818,0.6048505
258832,0.65615064
258837,0.6187332
258841,0.4194714
258842,0.2221764
258843,0.53857195
258860,0.14638706
258875,0.32624876
258881,0.43824407
258887,0.11943084
258889,0.36437452
258924,0.66297114
258925,0.66186595
258948,0.39459243
258949,0.24644676
258963,0.5072636
258964,0.13483247
258966,0.8619125
258973,0.34752786
258974,0.10208904
258979,0.6148881
258989,0.4995798
258997,0.1251194
259001,0.29454026
259013,0.7132376
259018,0.42361772
259020,0.78490883
259031,0.28842938
259044,0.66326994
259050,0.59659666
259064,0.28893176
259078,0.43009496
259088,0.74118143
259124,0.23961088
259125,0.37964484
259135,0.39680442
259137,0.41479948
259146,0.22959968
259148,0.80502063
259168,0.50277597
259178,0.15648676
259194,0.27827257
259198,0.26716226
259204,0.21924
259209,0.17186269
259223,0.24477278
259228,0.17968494
259234,0.764635
259237,0.14080696
259246,0.30214617
259247,0.060586855
259249,0.41908792
259264,0.28335115
259274,0.35338348
259281,0.66006124
259283,0.47598103
259284,0.48911032
259285,0.4141715
259286,0.18649706
259291,0.49469286
259304,0.24375789
259309,0.17306787
259322,0.19709753
259323,0.85271424
259331,0.41861472
259339,0.29970047
259344,0.12912238
259350,0.43132985
259353,0.20952219
259356,0.4078934
259365,0.74466735
259377,0.46311575
259397,0.15134135
259403,0.5147133
259411,0.19401707
301358,0.3604121
259415,0.24951321
259420,0.45677078
259423,0.3087904
259424,0.18342005
259431,0.33416048
259434,0.24443744
259438,0.45281294
259439,0.30572632
259441,0.13183549
259452,0.26550484
259460,0.20543563
259471,0.18016106
259483,0.48377818
259494,0.36006263
259496,0.33312437
259500,0.5960267
259512,0.17424722
259526,0.26452568
259528,0.36083877
259548,0.13269001
259568,0.3594184
259593,0.45141128
259603,0.2866137
259611,0.19356841
259620,0.45499873
259621,0.86469376
259623,0.43807092
259633,0.22335231
259648,0.22872758
259678,0.1597968
259691,0.15032987
259693,0.30191177
259708,0.64631194
259720,0.4523487
259734,0.2117061
259741,0.6325532
259749,0.29621658
259750,0.12609458
259752,0.13209385
259755,0.35190472
259759,0.35193142
259776,0.46171093
259779,0.33005333
259790,0.45502555
259797,0.19864628
259799,0.24558765
259804,0.3980442
259807,0.3969816
259810,0.4586751
259811,0.7777163
259822,0.24242352
259833,0.15873575
259838,0.16890414
259844,0.74890286
259846,0.4410208
259848,0.23727368
259861,0.25674373
259867,0.22830008
259876,0.46814275
259880,0.31236136
259897,0.45640278
259908,0.6832959
259912,0.14936636
259920,0.51336265
259922,0.20344299
259928,0.4171915
259932,0.03257913
259946,0.15067412
259962,0.6486282
259982,0.18733326
259985,0.08313603
259994,0.47245178
259996,0.7222585
260000,0.4385418
260007,0.772054
260018,0.6248151
260021,0.3204899
260038,0.17385174
260051,0.7056826
260052,0.2506017
260070,0.12903513
260074,0.29285228
260080,0.3542598
260092,0.17100361
260097,0.12905657
260101,0.10936816
260108,0.1689686
260117,0.5123298
260129,0.26124695
260142,0.22865576
260145,0.15825881
260146,0.5036072
260147,0.5017894
260148,0.76641595
260153,0.24998188
260156,0.17570542
260171,0.10478393
260202,0.035911523
260221,0.35456067
260222,0.48510656
260226,0.6479674
260227,0.45002234
260247,0.34097853
260251,0.16720648
260261,0.12620752
260264,0.22097126
260266,0.32617277
260268,0.2978247
260289,0.2876322
260301,0.32121608
260316,0.40536556
260348,0.24324812
260359,0.46932364
260364,0.5832876
260391,0.6516842
260422,0.32184023
260435,0.47006863
260438,0.59037733
260446,0.083537154
260447,0.70462
260458,0.5319523
260461,0.66904885
260469,0.40319395
260471,0.59059614
260482,0.7800716
260484,0.24102962
260487,0.5952379
260489,0.21480086
260500,0.52192634
260508,0.2187997
260509,0.49190873
260512,0.47088388
260525,0.22564109
260530,0.42332652
260533,0.35418367
260538,0.6566453
260541,0.76522124
260546,0.26509574
260551,0.09920899
260556,0.6369538
260561,0.20082735
260566,0.27431408
260572,0.3379331
260579,0.4442488
260582,0.7128345
260583,0.40890828
260584,0.3987276
260586,0.5012614
260589,0.5182682
260608,0.57122123
260632,0.15670206
260634,0.26811275
260635,0.55409676
260645,0.31603768
260659,0.27848187
260665,0.6107645
260673,0.39843994
260675,0.7015633
260676,0.23541446
260700,0.7524517
260721,0.8940868
260723,0.65333617
260732,0.23317721
260738,0.30978695
260748,0.4041803
260782,0.7131735
260806,0.21600407
260820,0.28164265
260825,0.5710678
260830,0.20350318
260844,0.35653493
260858,0.40468323
260860,0.43670896
260863,0.6315462
260867,0.07527736
260875,0.19547242
260877,0.700148
260902,0.78734833
260910,0.43235216
260913,0.25021502
260923,0.3120337
260926,0.7011982
260936,0.25139853
260937,0.8369901
260948,0.6257436
260949,0.46261346
260959,0.33977982
260962,0.81811863
260986,0.40762195
260988,0.2695043
260992,0.72729915
260997,0.13594201
261007,0.42666906
261031,0.1470842
261039,0.6134657
261044,0.22814518
261055,0.53139055
261058,0.55123496
261069,0.2968428
261079,0.5749937
261084,0.09859846
261097,0.7793164
261101,0.17521022
261111,0.56734246
261115,0.38890234
261116,0.75366676
261121,0.1981804
261124,0.43251875
261126,0.23626794
261132,0.13672009
261161,0.07825926
261162,0.1930396
261175,0.28883526
261187,0.49326614
261191,0.31124857
261195,0.21948381
261197,0.48395625
261204,0.21592242
261231,0.37584507
261248,0.12653968
261263,0.37797365
261268,0.6609128
261273,0.4733253
261274,0.27395272
261277,0.7294191
261283,0.18769254
261293,0.39093673
261302,0.80072474
261309,0.3811601
261318,0.26744938
261340,0.71855646
261346,0.16644074
261355,0.3496255
261357,0.3243704
261365,0.37184718
261366,0.706432
261376,0.3223327
261380,0.37770304
261385,0.89914083
261403,0.30573592
261416,0.6458575
261424,0.40323263
261425,0.2544042
261431,0.07708874
261433,0.17501336
261435,0.5635846
261440,0.20254512
261450,0.19368276
261456,0.836456
261464,0.64837986
261465,0.614971
261473,0.28153014
261475,0.5493725
261476,0.6298374
261480,0.22907607
261481,0.27779275
261495,0.26859632
261500,0.27150035
261506,0.202113
261544,0.17075829
261551,0.18536253
261566,0.6607738
261573,0.67273396
261587,0.3201131
261592,0.19854188
261594,0.10995897
261626,0.25233537
261635,0.11202278
261649,0.16358982
261653,0.3427763
261660,0.43702006
261668,0.43308705
261669,0.29250112
261676,0.24164997
261688,0.28973222
261691,0.25851613
261699,0.2067685
261704,0.45386732
261718,0.77706945
261719,0.38800287
261735,0.23375884
261742,0.11210232
261746,0.75533074
261749,0.48353562
261759,0.5164996
261763,0.2112747
261772,0.20992374
261795,0.512607
261798,0.44520095
261804,0.18969661
261806,0.29730502
261813,0.71261734
261814,0.29142758
261827,0.14699827
261835,0.058550257
261839,0.50659776
261840,0.543654
261845,0.39502084
261846,0.09765389
261850,0.10651178
261853,0.18827829
261870,0.6903205
261871,0.100706786
261883,0.7193737
261885,0.4363023
261888,0.48277125
261892,0.2650543
261895,0.3398522
261906,0.22404224
261912,0.72323024
261918,0.16077986
261926,0.30323467
261930,0.060506035
261947,0.25825316
261956,0.295526
261958,0.5343196
261960,0.6386389
261961,0.8219147
261965,0.3561804
261967,0.8615681
261968,0.061691623
261974,0.50623345
261980,0.7579385
261981,0.56307393
261983,0.21074718
261992,0.25896513
261998,0.44466317
262002,0.328205
262006,0.3041386
262014,0.071194075
262017,0.47444054
262021,0.8490358
262038,0.60899925
262040,0.22378458
262043,0.28756192
262052,0.40153033
262054,0.2648105
262056,0.2536554
262058,0.210981
262062,0.6456661
262065,0.6224682
262067,0.4006163
262070,0.48670727
262078,0.1469448
262084,0.35819197
262091,0.8806737
262092,0.58730346
262112,0.51511073
262114,0.12397827
262132,0.37519383
262140,0.79016274
262152,0.70144695
262159,0.28587127
262172,0.3541589
262180,0.21340849
262181,0.39394048
262188,0.8828886
262202,0.20494534
262206,0.30106482
262213,0.71711755
262227,0.6269956
262239,0.28499222
262243,0.1966972
262246,0.31417412
262251,0.34586516
262269,0.03473081
262272,0.3508429
262276,0.5228212
262277,0.55586106
262278,0.5587232
262281,0.1879254
262298,0.2971111
262308,0.11651733
262316,0.16375273
262320,0.11905621
262321,0.75477576
262337,0.7484464
262354,0.69820845
262362,0.30267143
262364,0.17668565
262365,0.22366816
262372,0.30587322
262373,0.3554909
262380,0.47356537
262392,0.49053296
262399,0.2546052
262407,0.6771516
262418,0.6347987
262429,0.5326898
262430,0.047815204
262446,0.53316617
262455,0.11222475
262459,0.45362452
262475,0.12203165
262478,0.7442344
262492,0.2367545
262520,0.2777888
262535,0.6008304
262537,0.12429558
262538,0.5036775
262541,0.16535065
262554,0.7818582
262559,0.1685792
262561,0.27996033
262562,0.25046346
262575,0.77536875
262576,0.47079435
262579,0.13172604
262581,0.7423747
262590,0.48864773
262599,0.18723083
262607,0.2600339
262608,0.17468095
262613,0.2796868
262620,0.22145057
268568,0.08302522
262621,0.92482054
262622,0.22923234
262623,0.80526716
262629,0.25350055
262633,0.23300415
262650,0.24381565
262655,0.49111518
262659,0.5277279
262660,0.6087181
262663,0.3142883
262665,0.2686001
262666,0.33900547
262679,0.31831658
262681,0.75892156
262702,0.4586208
262705,0.34314567
262716,0.13379797
262725,0.6857264
262732,0.35948876
262743,0.2630087
262749,0.71627903
262752,0.3778218
262756,0.46276975
262758,0.6027579
262772,0.52883214
262784,0.40873337
262791,0.27887902
262793,0.70040005
262802,0.76118237
262814,0.7741734
262817,0.2094702
262820,0.07558121
262827,0.32952872
262832,0.122988515
262845,0.1547597
262847,0.1826938
262859,0.585839
262862,0.67544454
262864,0.42764315
262865,0.644677
262887,0.119474195
262914,0.3360283
262939,0.25299525
262943,0.4914914
262958,0.49755108
262963,0.2872087
262970,0.32431066
262979,0.7313717
262986,0.18864563
263004,0.31473026
263015,0.14772402
263016,0.27556455
263028,0.64164555
263029,0.7878813
263031,0.28506744
263044,0.41277465
263046,0.48861608
263056,0.4395549
263059,0.41390184
263061,0.70711863
263077,0.49097568
263087,0.37886965
263105,0.5001822
263116,0.61080223
263120,0.2712108
263127,0.92584825
263137,0.55189764
263166,0.21557793
263175,0.25147137
263184,0.46971762
263185,0.45729703
263205,0.38849613
263208,0.17498769
263210,0.70419115
263220,0.2844499
263224,0.61299
263228,0.33329895
263240,0.11614068
263243,0.5374811
263288,0.18500039
263290,0.6317767
263306,0.13869706
263312,0.20240459
263319,0.24766162
263326,0.06589741
263331,0.3627615
263339,0.6974758
263347,0.2756476
263353,0.4006326
263355,0.36128482
263368,0.5152348
263408,0.258008
263414,0.38279304
263421,0.29464
263440,0.21455587
263458,0.26783693
263460,0.4505251
263475,0.4337816
263477,0.4641257
263479,0.34719318
263489,0.5996007
263492,0.70340085
263493,0.38088042
263498,0.42749223
263510,0.4059876
263513,0.36710778
263514,0.20783584
263517,0.64195716
263518,0.25335658
263548,0.23453338
263561,0.56838757
263564,0.26488492
263565,0.38413936
263576,0.08273748
263580,0.7197969
263582,0.18437614
263584,0.12527797
263593,0.90371335
263594,0.5071132
263598,0.23014812
263602,0.48954555
263611,0.19068797
263640,0.77279043
263642,0.34804785
263643,0.43006822
263646,0.35851032
263658,0.45424643
263664,0.06907428
263683,0.13407353
263703,0.46462205
263705,0.5288441
263709,0.120748475
263715,0.13169356
263728,0.32709613
263732,0.2823887
263735,0.5706515
263748,0.6964093
263750,0.1526932
263751,0.6688926
263759,0.26351243
263763,0.16192733
263765,0.15690337
263780,0.16791773
263783,0.28620914
263786,0.5739849
263794,0.4098372
263799,0.17084856
263802,0.6304186
263803,0.57404065
263820,0.38565016
263846,0.56272745
263857,0.15953538
263858,0.14421429
263860,0.5996964
263864,0.48310623
263870,0.07960158
263879,0.4266688
263881,0.23062518
263882,0.13892159
263895,0.4002107
263909,0.66208875
263918,0.38650373
263940,0.4178389
263945,0.18748839
263946,0.44712162
263947,0.54751223
263948,0.31476367
263962,0.49110046
263972,0.7437801
263974,0.11009155
263981,0.23316976
263984,0.39446566
263992,0.8638908
264001,0.095080875
264007,0.6192156
264010,0.04433344
264011,0.7128702
264015,0.12255605
264023,0.48707226
264030,0.30814663
264033,0.17331268
264037,0.21299388
264043,0.20726332
264044,0.33003232
264045,0.7703523
264050,0.20088579
264055,0.46306533
264059,0.16651464
264060,0.7235126
264062,0.66187483
264069,0.2789775
264077,0.334225
264078,0.2159148
264087,0.25664872
264094,0.60389704
264095,0.70558417
264112,0.48418078
264113,0.57182854
264131,0.26739755
264145,0.2290551
264148,0.34566018
264157,0.7055229
264161,0.14528625
264173,0.7199159
264188,0.17992656
264195,0.44566017
264198,0.6336197
264199,0.15813391
264207,0.33227956
264209,0.27040073
264226,0.0473148
264227,0.4797362
264243,0.5011434
264246,0.9014027
264252,0.2325432
264254,0.5161512
264259,0.40394142
264274,0.35237837
264280,0.81321657
264285,0.17226107
264299,0.36872083
264331,0.13932574
264334,0.1641857
264338,0.32721955
264341,0.20294377
264344,0.6926832
264347,0.8055407
264350,0.4192912
264360,0.13602251
264365,0.31224737
264367,0.14175226
264378,0.60961664
264381,0.6093056
264397,0.2892293
264401,0.6378025
264405,0.29261565
264417,0.38200846
264422,0.44874892
264423,0.52616173
264424,0.14061306
264436,0.77512693
264441,0.11577551
264451,0.2612478
264453,0.36564493
264457,0.23838472
264460,0.21388768
264464,0.55568975
264469,0.6354878
264485,0.18108068
264491,0.38811553
264505,0.31482294
264535,0.6693065
264538,0.5086002
264541,0.18972859
264544,0.24805139
264545,0.5009537
264549,0.6323541
264557,0.6444834
264563,0.5104761
264569,0.17464885
264574,0.4937696
308026,0.30277184
264587,0.42551923
264608,0.1723862
264610,0.8312835
264621,0.29738888
264627,0.25627175
264642,0.6540688
264644,0.11453896
264655,0.2341204
264660,0.42883688
264667,0.30373594
264691,0.6156952
264694,0.71381295
264695,0.10376066
264700,0.2016818
264709,0.10273187
264712,0.36308077
264714,0.18539865
264722,0.2951971
264728,0.14856912
264742,0.4045682
264744,0.19486742
264748,0.17249379
264760,0.31421128
264763,0.54764503
264771,0.37876338
264773,0.108144335
264782,0.6540475
264786,0.5276985
264787,0.25701413
264809,0.30299187
264811,0.22233649
264822,0.20542978
264823,0.7637083
264831,0.2600877
264834,0.7042964
264841,0.20320827
264848,0.36692613
264849,0.54685336
264863,0.9077021
264867,0.19353217
264874,0.4900884
264875,0.13020113
264877,0.41140065
264897,0.71953064
264900,0.69526863
264906,0.21101527
264909,0.5504415
264913,0.12683123
264922,0.30614594
264924,0.1854669
264927,0.5565624
264935,0.22097377
264938,0.7849569
264968,0.3073489
264975,0.4576363
264979,0.24691714
264989,0.3148578
265001,0.7049097
265009,0.6200931
265014,0.46319982
265016,0.28793666
265027,0.84132004
265049,0.2712089
265061,0.7703168
265062,0.20581211
265068,0.15936825
265072,0.57593405
265100,0.18612857
265105,0.16252433
265106,0.24285896
265110,0.20691518
265123,0.44104794
265126,0.75995743
265131,0.62764335
265134,0.36280924
265144,0.36114845
265146,0.7296377
265154,0.4165626
265164,0.4171504
265170,0.34790796
265172,0.077888
265173,0.25153106
265178,0.45421854
265187,0.60108924
265191,0.58300805
265194,0.7762509
265216,0.16532902
265228,0.2237833
265231,0.17245351
265232,0.17948444
265233,0.2372367
265242,0.55567014
265243,0.17752567
265246,0.232248
265259,0.58227557
265265,0.7931409
265266,0.26122317
265268,0.6725929
265280,0.2147042
265287,0.091504104
265297,0.27073544
265298,0.5581832
265300,0.41642886
265301,0.3636721
265305,0.78827786
265307,0.16997102
265314,0.30762857
265320,0.19131067
265331,0.5334654
265333,0.4127684
265336,0.16672073
265337,0.6263503
265344,0.2726122
265346,0.118231125
265371,0.30855265
265380,0.29807872
265386,0.15775828
265389,0.42766848
265409,0.60108376
265414,0.38326472
265415,0.28556132
265419,0.21019958
265422,0.21954429
265457,0.38760078
265461,0.51406807
265463,0.6745616
265468,0.6503834
265474,0.6382183
265478,0.33939302
265480,0.8490052
265488,0.42372605
265493,0.22079137
265510,0.5936441
265519,0.52373946
265521,0.64917165
265529,0.27606502
265533,0.59255695
265577,0.20036519
265591,0.41424528
265596,0.8175518
265607,0.30055848
265618,0.5529262
265619,0.28221244
265620,0.16782063
265628,0.41057587
265661,0.25529218
265669,0.29566026
308028,0.44912276
265680,0.55832154
265707,0.6957344
265714,0.24495576
265716,0.12821025
265717,0.5517597
265718,0.30852434
265723,0.48081136
265730,0.31512463
265732,0.20277275
265744,0.7102526
265751,0.48129982
265760,0.6931645
265777,0.42339045
265783,0.39221543
265791,0.5343895
265792,0.24214165
265797,0.39543858
265798,0.2178435
265806,0.28274912
265815,0.17041053
265816,0.65930974
265821,0.29231936
265833,0.113139674
265854,0.35717404
265856,0.49367717
265858,0.3254781
265862,0.71678185
308030,0.36610502
265863,0.38828835
265879,0.7091745
265881,0.24136145
265894,0.47805646
265895,0.94982475
265896,0.29575175
265898,0.36718896
265900,0.43359095
265907,0.22269394
265910,0.7553772
265917,0.32642624
265941,0.5363905
308034,0.5803132
265955,0.29030266
265957,0.5214241
265961,0.2188887
265966,0.11396649
265969,0.75267756
265974,0.4600116
265976,0.15628028
265979,0.641937
265985,0.51296824
265988,0.3334006
265990,0.62518823
265991,0.36602315
265993,0.3579858
265995,0.81134844
266009,0.6400181
266010,0.2699997
266014,0.823172
266020,0.5273669
266022,0.47443157
266029,0.6756378
266045,0.26528993
266057,0.8264894
266060,0.5841384
266065,0.22438875
266071,0.21121153
266072,0.09850963
266074,0.12642488
266076,0.21158813
266089,0.5014095
266091,0.26462966
266097,0.43417394
266099,0.48162732
266106,0.7331761
266117,0.42978954
266120,0.43694016
266129,0.2541522
266132,0.43976864
266139,0.7601132
266140,0.45974267
266141,0.42995942
266146,0.79061717
266149,0.22959015
308053,0.14777361
266159,0.37589398
266165,0.13182276
266171,0.7696684
266173,0.39769566
266177,0.6958073
266179,0.2735584
266186,0.20950516
266210,0.7134136
266227,0.43000367
266266,0.17558528
266291,0.3473178
266319,0.73395437
266321,0.1986734
266323,0.20496517
266329,0.26776162
266331,0.5166984
266333,0.8078262
266334,0.51573884
266338,0.2943591
266340,0.418098
266344,0.66681963
266354,0.18425074
266359,0.3065498
266362,0.44385913
266364,0.19789816
266365,0.44666436
266379,0.2558248
266380,0.43708888
266387,0.118059166
266393,0.33398646
266396,0.120672405
266406,0.14898165
266418,0.71506745
266424,0.1813745
266440,0.44380298
266442,0.20872575
266444,0.45369264
266453,0.5595987
266455,0.27541167
266461,0.26071984
266462,0.2313796
266465,0.122423716
266466,0.5632869
266468,0.90963507
266471,0.6016833
266479,0.172265
266499,0.6831872
266536,0.74366415
266543,0.46256596
266544,0.36997426
266556,0.47354954
266561,0.21930914
266573,0.46363744
266578,0.56193835
266590,0.6156961
266596,0.3812948
266624,0.71803504
266629,0.39763704
266635,0.15339863
266644,0.10368023
266650,0.2635778
266659,0.33338565
266666,0.23449598
266668,0.29496396
266674,0.64819276
266680,0.43807012
266686,0.48814195
266714,0.44831803
266730,0.28638998
266734,0.6008397
266740,0.7334497
266745,0.24908006
266749,0.36525545
266750,0.18843678
266751,0.3408262
266752,0.6152348
266753,0.3214947
266759,0.49464557
266763,0.24762413
266766,0.324202
266783,0.3678346
266805,0.10337435
266812,0.06073458
266813,0.6222448
266816,0.44458643
266819,0.16617304
266820,0.84531605
266833,0.24090204
266842,0.3922747
266847,0.34120664
266848,0.23540726
266865,0.64315534
266867,0.57015777
266874,0.46418083
266885,0.29687965
266888,0.1317965
266890,0.65346974
266932,0.4120071
266941,0.6049824
266942,0.3129842
266948,0.08208634
266959,0.06650691
266977,0.170246
266983,0.23784499
266984,0.6087791
266999,0.7463046
267000,0.57059765
267023,0.5444751
267031,0.5238101
267035,0.16905941
267046,0.32897526
267050,0.46472976
267058,0.34564632
267070,0.35279247
267079,0.4873143
267080,0.40094444
267093,0.5921949
267094,0.3348312
267102,0.057521127
267107,0.21322787
267108,0.34911147
267113,0.2602263
267127,0.34287494
267136,0.3201554
267143,0.18669967
267155,0.7121683
267180,0.101403825
267182,0.22096571
267184,0.35000646
267192,0.44220367
267195,0.6352491
267220,0.26880798
267228,0.14373411
267237,0.56756973
267241,0.50702465
267242,0.8465057
267247,0.49544054
267259,0.6669663
267260,0.554662
267265,0.4492372
267269,0.5676712
267272,0.3983044
267275,0.20874932
267282,0.75752246
267284,0.82391953
267294,0.308745
267298,0.31218833
267304,0.6796181
267316,0.6063553
267324,0.37373662
267327,0.4286873
267333,0.24742599
267338,0.38573015
267341,0.51763386
267342,0.30347756
267344,0.51806
267345,0.80511427
267347,0.1424712
267361,0.6178105
267374,0.35403943
267379,0.12553225
267380,0.16851825
267382,0.30552635
267394,0.09418909
267403,0.58890516
267405,0.6092413
267412,0.18052676
267421,0.81429267
267437,0.37790638
267438,0.3034563
267443,0.10554834
267446,0.38115165
267460,0.65024006
267466,0.8209895
267469,0.18712944
267474,0.39272532
267488,0.2231964
267490,0.30142584
267496,0.540006
267499,0.48832524
267501,0.59722126
267518,0.31787434
267522,0.6906603
267524,0.25791675
267532,0.30128983
267535,0.6840544
267547,0.23748046
267550,0.08310033
267559,0.43234256
267581,0.24846189
267586,0.43203387
267588,0.6588901
267592,0.34607798
267597,0.27341744
267600,0.07859744
267608,0.15300287
267620,0.3352252
267625,0.5366492
267628,0.40975142
267633,0.49726176
267639,0.45406994
267649,0.5300119
267659,0.60002357
267662,0.46835098
267671,0.52618223
267672,0.12549685
267677,0.2617678
267679,0.49459097
267682,0.24398246
267687,0.38324538
267689,0.18890584
267690,0.36787242
267707,0.7230215
267709,0.09916517
267716,0.17860726
267738,0.18515587
267744,0.42259726
267752,0.25064185
267754,0.7551582
267755,0.75418955
267757,0.32733807
267758,0.37819827
267767,0.7709008
267771,0.1267722
267808,0.51994574
267815,0.59686506
267833,0.48929211
267841,0.35411844
267843,0.4090513
267847,0.22275893
267857,0.06922138
267869,0.6811228
267881,0.7396006
267887,0.28222904
267890,0.15525849
267892,0.80400264
267895,0.43723148
267899,0.50981224
267906,0.2920607
267912,0.28695545
267917,0.57672
267927,0.1274359
267930,0.19585279
267934,0.56545055
267950,0.17265183
267965,0.49555206
267966,0.28854287
267976,0.14984281
267998,0.27301145
267999,0.16961591
268012,0.31466347
268013,0.47865692
268014,0.25427502
268020,0.19807218
268028,0.6924949
268032,0.33186302
268039,0.37529314
268041,0.3732109
268046,0.2206936
268059,0.5228706
268064,0.4612699
268066,0.23295839
268073,0.820855
268077,0.2586513
268085,0.0860414
268090,0.4810163
268109,0.75372833
268139,0.5108152
268151,0.52058804
268153,0.4003881
268155,0.6838375
268163,0.14855652
268166,0.09077922
268185,0.10934549
268189,0.2549169
268190,0.4036588
268192,0.40083057
268211,0.7049018
268213,0.4091774
268214,0.22035624
268220,0.42142534
268225,0.28887814
268227,0.575527
268230,0.25386015
268247,0.75841284
268250,0.53445584
268268,0.4885512
268269,0.34590703
268271,0.6112474
268274,0.59333676
268280,0.6172013
268291,0.5938519
268299,0.23970649
268301,0.25436136
268306,0.19377954
268307,0.5675156
268310,0.21464905
268317,0.873058
268328,0.25620005
268329,0.04211616
268337,0.4509758
268338,0.17950022
268357,0.17253
268363,0.50223005
268373,0.16951573
268380,0.44837293
268386,0.4778433
268394,0.12154143
268407,0.11301651
268411,0.58205724
268417,0.27693853
268421,0.6904538
268422,0.5749323
268426,0.5685036
268427,0.6173614
268439,0.67231977
268445,0.24373314
268446,0.35216978
268459,0.34108296
268465,0.626642
268466,0.32342532
268495,0.22112605
268497,0.25883824
268504,0.49287835
268508,0.44606665
268513,0.58477926
268525,0.35570195
268545,0.33541927
268546,0.13808693
268570,0.7360962
268590,0.22118226
268591,0.69263476
268602,0.52753586
268609,0.19028927
268616,0.33507
268623,0.5166209
268645,0.7816093
268652,0.6308512
268668,0.38192752
268685,0.13876891
268707,0.2269576
268711,0.69450915
268714,0.20452252
268736,0.26902264
268746,0.8139473
268747,0.09564625
268749,0.53759813
268760,0.46162987
268761,0.12258255
268764,0.78560054
268781,0.14817426
268790,0.5128071
268799,0.103964865
268809,0.400448
308065,0.5125831
268814,0.45868933
268817,0.19297463
268822,0.05624259
268827,0.55852973
268828,0.4474096
268829,0.37272954
268845,0.36352545
268853,0.22308072
268859,0.17928962
268900,0.10345541
268911,0.23883453
268913,0.6969395
268917,0.5899927
268930,0.45899183
268934,0.24309428
268935,0.4983468
268938,0.2297425
268948,0.17773551
268950,0.50265825
268958,0.17268085
268975,0.28046495
268982,0.37736502
268983,0.2567985
268997,0.41059908
269009,0.1765483
269012,0.50996315
269017,0.62756073
269031,0.4681967
269038,0.6662061
269041,0.60940164
269045,0.66105026
269050,0.2114114
269056,0.11711206
269058,0.27636674
269060,0.3517936
269067,0.7448865
269082,0.3898887
269098,0.549677
269105,0.4138458
269117,0.5729993
269123,0.6295873
269128,0.22967154
269143,0.44985515
269149,0.59350765
269162,0.6234901
269168,0.43481103
269172,0.67214656
269175,0.67498827
269189,0.1685901
269194,0.15069501
269197,0.28460333
269204,0.53001434
269211,0.27972338
269217,0.5513066
269222,0.30523932
269227,0.4364945
269228,0.3910795
269232,0.2584178
269250,0.5523863
269251,0.19124746
269257,0.6848681
269262,0.1159579
269263,0.5261594
269267,0.21263513
269275,0.3041477
269276,0.25339323
269279,0.22943164
269293,0.8003341
269300,0.66055757
269305,0.38871896
269309,0.3582399
269317,0.6406387
269352,0.7158649
269377,0.6243117
269378,0.17586277
269389,0.30877194
269392,0.26086515
269394,0.43205082
269402,0.750254
269408,0.15299109
269410,0.09630996
269417,0.23565581
269421,0.585973
269462,0.53993636
269481,0.2817365
269488,0.74682456
269489,0.22017258
269491,0.389525
269495,0.25700748
269503,0.089587584
269510,0.7211614
269515,0.6169335
269522,0.21624003
269523,0.3403753
269536,0.18815175
269537,0.40048698
269549,0.07097238
269571,0.7359336
269576,0.31658888
269587,0.5958723
269595,0.25423193
269601,0.3148175
269610,0.90666807
269618,0.40386978
269620,0.54281676
269623,0.13610424
269637,0.34697303
269642,0.16534922
269652,0.5242234
269655,0.17616534
269661,0.6705767
269663,0.5080279
269665,0.27279538
269666,0.55658793
269667,0.11478319
269673,0.5065145
269693,0.25006083
269701,0.42782968
269702,0.28839004
269704,0.4412221
269718,0.23099688
269727,0.14110568
269732,0.2071161
269736,0.40524793
269738,0.35246706
269741,0.25881836
269744,0.12529825
269749,0.833431
269750,0.29743797
269758,0.3554768
269775,0.61754245
269776,0.55728066
269777,0.5217363
269789,0.043054696
269794,0.42207605
269797,0.44624642
269807,0.81489974
269813,0.33280468
269844,0.28494972
269848,0.31373832
269871,0.22528733
269877,0.12237879
269878,0.42141566
269887,0.2720137
269904,0.3729548
269913,0.73531055
269938,0.645071
269941,0.7495608
269953,0.62249905
269954,0.2007342
269955,0.43492946
269958,0.59838533
269960,0.3175698
269966,0.4065359
269975,0.34204108
269978,0.257738
269989,0.4816694
269993,0.2528989
269998,0.099949814
270001,0.6701664
270020,0.34090433
270023,0.51406074
270028,0.4869914
270048,0.2200425
270061,0.22873738
270062,0.69050515
270096,0.7797778
270108,0.32894194
270118,0.3474945
270120,0.48263243
270122,0.30449352
270127,0.45710948
270131,0.5833503
270142,0.13424481
270146,0.22010915
270148,0.15729475
270152,0.08411508
270165,0.15704806
270170,0.12151294
270188,0.1121246
270204,0.44760507
270235,0.36374056
270243,0.69609594
270254,0.31634197
270265,0.26874822
270270,0.7569412
270287,0.30522275
270295,0.28177518
270296,0.091171354
270302,0.2506498
270304,0.63989
270307,0.15873076
270310,0.44383597
270317,0.23447306
270324,0.6333861
270326,0.38426796
270337,0.103758425
270363,0.4982557
270371,0.13649264
270373,0.182192
270375,0.18152453
270376,0.23281625
270379,0.19208165
270383,0.7177967
270390,0.2904227
270393,0.37110305
270402,0.12844355
270410,0.49069214
270411,0.33263722
270412,0.63476926
270415,0.28616694
270417,0.7485491
270436,0.57194763
270440,0.17579351
270449,0.2771713
270450,0.6346902
270457,0.38199234
270460,0.26384392
270461,0.12475932
270467,0.18184161
270473,0.62024623
270486,0.62304765
270488,0.2735381
270513,0.48366275
270518,0.7096985
270522,0.2141452
270526,0.2103505
270532,0.15861644
270545,0.71099925
270548,0.6474535
270550,0.112198144
270562,0.7308359
270564,0.27935264
270571,0.30395663
270572,0.58497244
270574,0.50353235
270575,0.59811676
270579,0.24237297
270612,0.784154
270613,0.7001718
270622,0.16253072
270636,0.17179582
270643,0.30753464
270644,0.09087187
270645,0.25449792
270658,0.50869054
270661,0.23734638
270665,0.527071
270676,0.7662616
270685,0.45924944
270695,0.30217376
270712,0.3583571
270719,0.29171392
270740,0.22352457
270753,0.15512046
270756,0.29646274
270759,0.54349416
270760,0.22118422
270764,0.49037856
270767,0.110247284
270778,0.04565354
270782,0.2670916
270794,0.7125905
270795,0.77994
270799,0.2302868
270807,0.37946218
270821,0.27617916
270826,0.39241895
270829,0.28651357
270831,0.30828857
270843,0.25965765
270844,0.6289383
270847,0.35713422
270854,0.058052633
270856,0.3697044
270861,0.13154396
270862,0.46484822
270864,0.62733126
270881,0.28477225
270883,0.47254205
270885,0.8886576
270888,0.23849589
270894,0.038218193
270906,0.46519426
270914,0.21455763
270919,0.38286972
270935,0.35779223
270945,0.66798013
270957,0.56009775
270966,0.21715327
270970,0.5343563
270971,0.6075786
270976,0.27643797
270977,0.85984945
270978,0.29443666
270979,0.2977356
270982,0.32431674
270987,0.57550406
270989,0.6310452
270991,0.39917108
270992,0.11112418
270993,0.19627015
270997,0.83289653
271010,0.7165611
271025,0.22306137
271037,0.40138263
271038,0.18802203
271054,0.2566092
271056,0.49383134
271065,0.26401445
271070,0.2699546
271095,0.1442401
271099,0.16200215
271102,0.10642795
271103,0.39993882
271105,0.63881093
271106,0.4253151
271117,0.38764793
271134,0.5881798
271135,0.45434657
271137,0.48033705
271145,0.6341887
271149,0.5920874
271195,0.14408448
271199,0.6448856
271200,0.75211555
271220,0.25500616
271233,0.33493906
271234,0.65698266
271236,0.5456806
271248,0.16410246
271250,0.82247615
271251,0.18007593
271255,0.309852
271261,0.30745196
271269,0.2737177
271276,0.28698388
271296,0.76348966
271304,0.7216599
271314,0.15554743
271318,0.24385403
271322,0.15119447
271325,0.3499736
271354,0.3816978
271355,0.16953285
271359,0.42013395
271361,0.09844219
271363,0.8760202
271367,0.7137414
271368,0.29238874
271369,0.15670897
271393,0.77899104
271409,0.4759751
271415,0.25375393
271418,0.63386774
271429,0.37339923
271431,0.21823342
271432,0.75522256
271442,0.62835574
271446,0.52149165
271448,0.33880278
271450,0.8212353
271452,0.22277439
271460,0.29652992
271461,0.5901384
271472,0.46672672
271496,0.31416693
271515,0.24454279
271527,0.4164929
271537,0.44284287
271544,0.31995293
271562,0.43556848
271565,0.20067726
271566,0.5249531
271567,0.43507028
271570,0.673555
271576,0.24858154
271582,0.6997928
271586,0.53681225
271593,0.47277588
271598,0.21886389
271606,0.4417916
271607,0.3658439
271616,0.5056483
271617,0.38167217
271624,0.32393947
271638,0.19187167
271652,0.2343478
271657,0.25270978
271662,0.3221293
271665,0.11633196
271667,0.32489297
271670,0.57487625
271675,0.42208812
271679,0.5737799
271682,0.5312883
271696,0.24797699
271699,0.16783062
271733,0.3199754
271739,0.31848347
271746,0.16600892
271753,0.5179198
271756,0.5988211
271762,0.28001887
271777,0.2385184
271781,0.17974295
271785,0.1896285
271786,0.32716945
271790,0.26085114
271801,0.4189076
271806,0.15933716
271807,0.61861885
271810,0.51627946
271811,0.25875697
271815,0.45191222
271847,0.068877175
271875,0.464199
271878,0.7200072
271880,0.62713784
271883,0.3464424
271911,0.53314966
271912,0.36985424
271914,0.45050594
271922,0.328731
271933,0.14098103
271945,0.35851675
271952,0.14110582
271954,0.30402768
271961,0.30074897
271967,0.21973895
271969,0.22194918
271980,0.45886704
271989,0.16777846
271991,0.62349653
272000,0.16742533
272004,0.43215823
272010,0.3905898
272013,0.7495154
272029,0.57812357
272030,0.35439822
272031,0.26961082
272035,0.11410484
272040,0.7534965
272043,0.30982253
272055,0.6099363
272068,0.272116
272075,0.70112246
272081,0.14648423
272090,0.15366404
272104,0.10060382
272116,0.13050456
272121,0.059546832
272129,0.3496716
272143,0.39774254
272146,0.39226025
272148,0.8540429
272152,0.5561662
272167,0.22933196
272180,0.4228338
272192,0.23777102
272201,0.20430039
272205,0.46616027
272209,0.52676713
272211,0.36923492
272228,0.27219754
272233,0.7556681
272235,0.50352895
272249,0.7354066
272267,0.25375623
272270,0.34417602
272276,0.32316315
272302,0.58067006
272303,0.19285585
272308,0.62958014
272309,0.63650155
272311,0.2672358
272313,0.21868396
272353,0.4346246
272366,0.3667695
272367,0.47046694
272371,0.36771154
272381,0.17310318
272404,0.53385407
272405,0.38837764
272418,0.63236696
272419,0.302603
272425,0.38250056
272438,0.54638577
272444,0.16666985
272445,0.49127585
272462,0.16661936
272474,0.15560448
272478,0.53029776
272479,0.6548119
272480,0.37471765
272482,0.34510782
272511,0.89952415
272512,0.16821186
272516,0.20047222
272517,0.19952236
272522,0.31142783
272537,0.44098383
272555,0.26168656
272564,0.6737126
272566,0.23365502
272573,0.16204423
272575,0.23020537
272583,0.24170311
272593,0.43013972
272627,0.35024443
272628,0.55653274
272630,0.16003595
272632,0.18841545
272635,0.77502686
272636,0.19209749
272661,0.21677487
272669,0.3043443
272672,0.26979697
272681,0.6408888
272682,0.4973909
272691,0.36586517
272697,0.124287136
272706,0.41991225
272708,0.37975574
272717,0.20866506
272722,0.0904426
272723,0.134498
272737,0.08219422
272744,0.12654775
272752,0.67282605
272757,0.20946209
272760,0.28364444
272763,0.1182228
272768,0.27264336
272779,0.1624896
272781,0.7031685
272787,0.5964977
272795,0.5528145
272799,0.28897196
272820,0.6208649
272821,0.14414276
272829,0.4248176
272852,0.39415625
272863,0.68561393
272878,0.39567828
272886,0.09059439
272891,0.6282857
272903,0.49098083
272914,0.08993801
272928,0.5331097
272937,0.6289152
272938,0.44342744
272944,0.5847115
272965,0.71303695
272967,0.34113267
272969,0.4305986
272983,0.63087237
272998,0.5594392
273002,0.58314943
273005,0.1693859
273010,0.29985857
273011,0.36018315
273017,0.43045488
273021,0.60979146
273023,0.51547027
273027,0.5131192
273035,0.10476877
273047,0.7251527
273053,0.095544145
273060,0.7321289
273062,0.3826833
273074,0.5385589
273078,0.1840872
273079,0.19385028
273087,0.4370416
273107,0.45993665
273109,0.06672573
273112,0.12829682
273113,0.59000885
273117,0.1921127
273121,0.7849249
273137,0.29738075
273156,0.15037188
273157,0.6074292
273177,0.40485418
273192,0.21299778
273193,0.19382013
273194,0.2197384
273198,0.50411236
273199,0.39395544
273206,0.44439897
273213,0.36622578
273235,0.27721962
273244,0.37569088
273247,0.5709017
273248,0.76417094
273254,0.23918603
273259,0.25110552
273270,0.2961904
273272,0.43663785
273287,0.13207154
273289,0.4158855
273294,0.08049686
273301,0.43867242
273304,0.46672454
273313,0.32918033
273314,0.36084163
273333,0.42282194
273336,0.8040701
273343,0.1424952
273353,0.2999256
273359,0.13454497
273371,0.18789844
273402,0.49629697
273415,0.28044286
273420,0.72866774
273424,0.29012316
273428,0.38103616
273429,0.1564984
273443,0.5550011
273457,0.26945496
273458,0.099952415
273467,0.43644866
273477,0.25226635
273482,0.5127986
273495,0.195847
273496,0.04715499
273503,0.5233045
273507,0.3566347
273508,0.5685478
273510,0.29664767
273524,0.77219874
273552,0.18407841
273556,0.4166294
273566,0.2690163
273579,0.41624656
273584,0.46265087
273595,0.39559597
273606,0.30395886
273623,0.3722659
273625,0.42512548
273638,0.6788634
273660,0.13481225
273664,0.40084216
273683,0.43875787
273686,0.25139123
273687,0.6384995
273699,0.52568245
273700,0.6010169
273719,0.2575119
273721,0.57393056
273728,0.466429
273764,0.2360622
273770,0.2931287
273774,0.36061254
273792,0.35510102
273806,0.042215757
273807,0.65270966
273818,0.27942657
273823,0.45280504
273835,0.84888685
273856,0.28060955
273861,0.35941723
273863,0.34721318
273864,0.6316215
273874,0.7213752
273879,0.605674
273892,0.6506923
273895,0.6510529
273899,0.23368934
273900,0.62789714
273912,0.3130172
273921,0.21496874
273941,0.2288286
273946,0.10808132
273954,0.7407339
273956,0.22846813
273962,0.5237744
273968,0.335167
273985,0.4903899
274000,0.6522864
274003,0.14694026
274004,0.29005438
274006,0.25257465
274019,0.76182157
274022,0.82954526
274023,0.67732555
274034,0.3809658
274043,0.2611786
274052,0.40617952
274054,0.8652908
274058,0.7667627
274063,0.23643954
274070,0.2730181
274072,0.5002935
274081,0.3392929
274108,0.50946224
274118,0.79261225
274125,0.2479925
274129,0.23802759
274140,0.39835852
274142,0.46804762
274146,0.2714613
274147,0.61358047
274155,0.058194257
274163,0.43119827
274165,0.16534594
274174,0.20000848
274182,0.75547826
274186,0.3624222
274188,0.43362135
274193,0.55656475
274198,0.59291583
274216,0.1239006
274219,0.10141534
274225,0.68469715
274229,0.20554143
274248,0.31676072
274268,0.24514309
274274,0.13876535
274286,0.2376079
274289,0.4630278
274297,0.27386305
274302,0.18914409
274326,0.51765996
274346,0.479115
274348,0.5296453
274349,0.37730464
274350,0.15999906
274353,0.26837635
274359,0.75882226
274364,0.20847683
274368,0.302389
274373,0.31492412
274378,0.52879214
274389,0.04323382
274390,0.26631775
274391,0.10935557
274392,0.32457718
274396,0.71618235
274408,0.58214
274409,0.48286724
274424,0.5724807
274453,0.55538654
274460,0.19391927
274465,0.3101055
274468,0.2489388
274481,0.69785887
274482,0.08954561
274484,0.3997378
274490,0.67117673
274509,0.14839454
274511,0.19940281
274515,0.48613143
274521,0.48705667
274523,0.5355335
274525,0.6543599
274539,0.27446806
274541,0.34374556
274574,0.56194234
274585,0.15650468
274587,0.63388354
274594,0.40731585
274600,0.67161936
274605,0.23542978
274611,0.17413042
274619,0.5438294
274641,0.5414144
274666,0.71757585
274688,0.42916137
274690,0.46202016
274699,0.6962642
274703,0.36773166
274715,0.14018016
274717,0.39747393
274760,0.596295
274774,0.63246983
274791,0.6762657
274801,0.21477084
274804,0.5658526
274808,0.682911
274813,0.32596108
274815,0.5100468
274818,0.20571737
274820,0.22241984
274829,0.44943678
274847,0.7811294
274865,0.33575383
274870,0.33745682
274881,0.64758265
274890,0.6304771
274894,0.43453655
274902,0.27669242
274905,0.484438
274911,0.3514567
274912,0.6377198
274914,0.21680032
274927,0.17718534
274931,0.34088907
274944,0.7394858
274951,0.6240085
274953,0.5905494
274954,0.13005465
274961,0.11492763
274965,0.6543185
274972,0.43807185
274978,0.26221633
274984,0.12036066
274993,0.3058088
274996,0.24341092
275043,0.05193115
275048,0.31252432
275052,0.54687744
275059,0.27308053
275060,0.28897783
275071,0.3966557
275077,0.46422258
275078,0.5349143
275091,0.21055223
275098,0.59593517
275111,0.5295373
275120,0.7176204
275121,0.5806747
275125,0.42721277
275129,0.2776288
275139,0.24236451
275150,0.32194522
275153,0.3424463
275166,0.6179701
275185,0.61043835
275199,0.7424037
275201,0.18719888
275203,0.23744465
275216,0.43051252
275225,0.81826246
275226,0.46179736
275232,0.4307644
275254,0.355511
275256,0.8977129
275272,0.51174325
275278,0.11709424
275280,0.35261744
275286,0.36560965
275288,0.22027189
275299,0.05811938
275306,0.51631594
275313,0.20579876
275314,0.2847365
275319,0.83966744
275324,0.4950605
275330,0.24201171
275334,0.45321435
275335,0.74784213
275337,0.4131329
275339,0.62575644
275351,0.3245475
275352,0.47861716
275367,0.19576855
275384,0.24000871
275392,0.20281515
275393,0.44867024
275408,0.6134048
275411,0.5300433
275413,0.75651973
275415,0.15954565
275416,0.44428453
275422,0.1575712
275424,0.37151024
275438,0.3726734
275482,0.4917823
275488,0.08849052
275502,0.5851353
275503,0.17930856
275511,0.39295062
275518,0.31960613
275520,0.19498879
275524,0.18476893
275531,0.44122097
275537,0.32040972
275558,0.43476602
275574,0.27332765
275576,0.42446518
275583,0.09325184
275588,0.53605
275605,0.8463423
275612,0.5622665
275627,0.5346643
275633,0.28083757
275646,0.4463089
275647,0.65287244
275653,0.7664043
275661,0.4548156
275683,0.37818614
275688,0.2814839
275691,0.3471057
275713,0.58285505
275731,0.1460526
275735,0.7962365
275739,0.065961204
275761,0.467581
275762,0.32858923
275767,0.2839038
275768,0.53070074
275769,0.6995135
275774,0.3369604
275776,0.23317385
275783,0.2751417
275800,0.20389134
275805,0.7079732
275836,0.09873507
275842,0.32820854
275855,0.81505597
275860,0.24573463
275870,0.65115356
275884,0.63652974
275897,0.51109344
275899,0.14211617
275900,0.48985225
275906,0.5420645
275912,0.2603776
275922,0.78771317
275929,0.67152613
275931,0.538227
275932,0.3083217
275936,0.83374023
275937,0.13965742
275947,0.72095925
275949,0.80526084
275954,0.6946884
275958,0.2922771
275966,0.7991239
275967,0.25233936
275970,0.7727858
275989,0.58397615
275993,0.31312335
275995,0.2382973
275998,0.3717481
276007,0.3119134
276011,0.47668022
276029,0.38086826
276047,0.22899762
276048,0.32909992
276050,0.36346135
276054,0.63857424
276056,0.36469018
276057,0.5059053
276060,0.18715304
276084,0.19375615
276089,0.08070881
276118,0.19699794
276121,0.58846337
276122,0.70786893
276130,0.27063888
276134,0.6169915
276135,0.1746339
276142,0.7294473
276164,0.24634242
276195,0.6507969
276210,0.48249412
276235,0.2692746
276238,0.208219
276242,0.16800714
276244,0.5892785
276247,0.3601024
276263,0.71408373
276306,0.6429671
276309,0.23156863
276319,0.5043394
276334,0.65173006
276338,0.18205065
276343,0.10404476
276344,0.44235244
276345,0.083564445
276348,0.236613
276359,0.38979462
276363,0.26531896
276365,0.34230164
276366,0.39129138
276373,0.38764846
276378,0.6032831
276386,0.51528424
276405,0.15598534
276419,0.15330142
276422,0.26125777
276430,0.37316844
276437,0.39260867
276442,0.6128335
276444,0.10235504
276446,0.268697
276455,0.6412463
276470,0.11811183
276472,0.2431734
276475,0.69012785
276479,0.1636283
276484,0.23090951
276487,0.71339434
276488,0.7964071
276495,0.675672
276497,0.6949758
276508,0.7152254
276509,0.51939386
276516,0.3201154
276521,0.12957345
276525,0.40617707
276550,0.08391054
276560,0.23510367
276569,0.30101815
276584,0.20882976
276603,0.17365451
276615,0.07671417
276617,0.112899326
276622,0.12289624
276625,0.26101512
276629,0.41369522
276642,0.3011257
276664,0.42687905
276674,0.20437983
276675,0.8955461
276678,0.5808803
276692,0.31607535
276693,0.30593002
276697,0.32659775
276703,0.5021242
276705,0.50176626
276717,0.45469755
276728,0.3235488
276744,0.53515303
276762,0.4528238
276764,0.27534372
276781,0.2840646
276793,0.4595714
276798,0.30529404
276800,0.41891676
276805,0.07092824
276824,0.48278725
276826,0.15298697
276848,0.5756657
276854,0.6915737
276862,0.75531346
276865,0.4131913
276869,0.48934504
276880,0.056421835
276882,0.48241866
276886,0.2734404
276889,0.3952121
276892,0.57322115
276903,0.15410015
276906,0.42311937
276936,0.124373436
276945,0.24239944
276956,0.10663556
276958,0.09052947
276963,0.17040426
276966,0.1929155
276987,0.28581548
276993,0.5784801
276994,0.19283769
277004,0.47847065
277015,0.106561966
277021,0.7274844
277024,0.15206927
277032,0.29161808
277054,0.72808385
277055,0.4707746
277061,0.24159953
277065,0.7856728
277070,0.40924653
277079,0.72104824
277088,0.2915601
277108,0.53989
277114,0.36182123
277121,0.2640349
277137,0.4301026
277148,0.51700413
277158,0.75884265
277162,0.35503116
277165,0.67456007
277167,0.13546924
277170,0.36531198
277172,0.24440114
277177,0.35621318
277179,0.61585844
277182,0.45435712
277185,0.24620199
277191,0.35466817
277200,0.5161075
277211,0.13228402
277217,0.16594724
277221,0.43121693
277226,0.16442987
277227,0.57330805
277228,0.6368597
277229,0.30039692
277244,0.5376525
277271,0.2093751
277274,0.51149875
277282,0.14428332
277286,0.18227406
277288,0.45242923
277290,0.11594203
277291,0.079110876
277296,0.090404786
277297,0.22622097
277320,0.2897356
277327,0.68948835
277335,0.65311825
277336,0.34243923
277338,0.57285744
277342,0.76150215
277344,0.13934547
277345,0.4346574
277349,0.19136785
277356,0.22829056
277370,0.38632324
277371,0.7239287
277379,0.49134353
277386,0.6762126
277390,0.61966085
277400,0.338227
277401,0.77803874
277412,0.23622338
277413,0.77170724
277415,0.19390012
277417,0.8311833
277419,0.6065328
277422,0.6278671
277423,0.16683707
277425,0.22080614
277432,0.37775898
277438,0.2995404
277445,0.3372353
277447,0.7537419
277456,0.35461795
277457,0.24335027
277474,0.5343697
277488,0.373092
277494,0.28458527
277501,0.6252748
277503,0.40585196
277510,0.547751
277516,0.61693907
277521,0.7634983
277522,0.14892958
277530,0.26647183
277531,0.850258
277536,0.5406036
277548,0.16312875
277550,0.36286128
277554,0.3387532
277555,0.54179364
277562,0.4675946
277565,0.70664346
277566,0.1820711
277572,0.38640985
277592,0.52656347
277593,0.1871767
277610,0.5094983
277621,0.3699474
277654,0.4715044
277668,0.047722097
277673,0.1314443
277675,0.22660169
277694,0.13968521
277697,0.58602417
277699,0.26772562
277700,0.07235395
277701,0.16107108
277708,0.6131184
277710,0.1619072
277717,0.65744615
277725,0.31924698
277731,0.4090067
277746,0.79624933
277753,0.3634579
277757,0.7704491
277764,0.28674644
277772,0.336253
277775,0.6479495
277777,0.2717348
277787,0.27489272
277797,0.22940001
277798,0.55672324
277802,0.745656
277812,0.354062
277816,0.5663597
277820,0.07333534
277821,0.31369448
277822,0.5952785
277838,0.5621588
277845,0.18049726
277846,0.14832784
277854,0.6981404
277856,0.6659617
277866,0.5392606
277874,0.45961878
277893,0.6327279
277900,0.2092319
277964,0.13253245
277970,0.22113001
277976,0.25851977
277983,0.33943778
277994,0.18034667
278011,0.36484137
278025,0.747299
278045,0.66954917
278048,0.6935445
278066,0.09075512
278088,0.39802176
278098,0.44263586
278101,0.7340925
278113,0.15822631
278114,0.40098396
278128,0.40110865
278152,0.46120188
278157,0.62161934
278168,0.5993558
278169,0.3702838
278174,0.2268632
278176,0.08985595
278181,0.73632056
278185,0.52937317
278225,0.31241181
278236,0.6426021
278242,0.16651252
278244,0.19956861
278251,0.35554832
278252,0.38243186
278272,0.43851906
278279,0.100508556
278287,0.53556794
278288,0.4099483
278309,0.37627378
278310,0.21946318
278316,0.3116076
278318,0.94308025
278320,0.258404
278344,0.7363281
278356,0.70301276
278359,0.2249015
278361,0.4223571
278368,0.35809973
278372,0.28096542
278384,0.70687526
278388,0.15315221
278409,0.7716708
278414,0.3865679
278415,0.6057205
278416,0.2129681
278422,0.21452466
278423,0.7670634
278432,0.57182306
278436,0.372905
278455,0.17985757
278461,0.7386588
278469,0.5760258
278482,0.61156535
278487,0.40530026
278493,0.35092428
278501,0.46108282
278508,0.67516804
278511,0.34918535
278519,0.23999031
278526,0.1384883
278530,0.57218957
278533,0.051041692
278539,0.7010508
278545,0.29312542
278556,0.31976524
278559,0.28097847
278587,0.28416765
278601,0.4495262
278603,0.61178243
278604,0.65514183
278605,0.33529264
278606,0.1700061
278613,0.27195722
278616,0.5150521
278618,0.37630922
278632,0.5155982
278633,0.36068907
278637,0.08702156
278645,0.49360698
278649,0.5064304
278653,0.62051857
278662,0.1460806
278673,0.5777664
278700,0.57905185
278703,0.40473425
278704,0.45304298
278723,0.28250033
278725,0.4093567
278730,0.2501723
278750,0.26461086
278765,0.31397665
278770,0.17225721
278779,0.258708
278787,0.27763024
278791,0.24589634
278804,0.19057699
278807,0.47180277
278810,0.28744337
278812,0.25165027
278815,0.7291245
278821,0.51444006
278825,0.19173108
278832,0.28779775
278836,0.44458088
278838,0.60364187
278840,0.5109385
278844,0.43348506
278862,0.17846349
278863,0.24288253
278871,0.32271156
278875,0.1901345
278892,0.83398765
278899,0.39428777
278903,0.41657114
278909,0.28217694
278913,0.8584127
278931,0.16358389
278932,0.43285885
278933,0.5444433
278937,0.1252796
278952,0.3149943
278954,0.15718128
278960,0.5783833
278967,0.45927432
278968,0.35113546
278972,0.6020675
320126,0.26044518
278976,0.60841244
278982,0.5047088
278983,0.25094628
279001,0.54024655
279015,0.2111631
279018,0.37449786
279035,0.6055137
279040,0.52908844
279043,0.7300669
279046,0.30558074
279061,0.38700438
279063,0.29864708
279065,0.16006291
279068,0.09206404
279070,0.4192757
279074,0.7455968
279076,0.5203473
279086,0.05972858
279095,0.26259378
279107,0.36919704
279108,0.6681768
279109,0.03164069
279110,0.62086695
279111,0.38716185
279129,0.2650502
279134,0.2949743
279137,0.39571467
279142,0.6952437
320128,0.3513306
279146,0.16821472
279153,0.052101783
279157,0.38892993
279165,0.28921506
279166,0.16888416
279172,0.42909065
279173,0.47232845
279174,0.5364795
279179,0.6771309
279182,0.15287644
279186,0.31853744
279187,0.07462254
279189,0.2438973
279201,0.29776692
279202,0.39676556
279213,0.11895982
279214,0.2107941
279217,0.18897514
279230,0.5346335
279232,0.3665577
279233,0.21682222
279235,0.351876
279250,0.32160097
279252,0.21381678
279257,0.20256606
279265,0.39378825
320137,0.26937884
279266,0.12444866
279279,0.20823118
279281,0.2464753
279282,0.3091454
279285,0.26477948
279286,0.4343116
279297,0.24420643
279300,0.39858902
279318,0.122802526
279324,0.17368881
279334,0.23908192
279335,0.13767476
279336,0.34040707
279341,0.6260572
279342,0.7761244
279353,0.31927124
279357,0.77059335
279371,0.7904246
279376,0.33599925
279391,0.22692698
279392,0.3496276
279402,0.31117237
279406,0.8582774
279408,0.36217576
279434,0.34521207
279439,0.107254095
279448,0.3227724
279450,0.45668066
279456,0.14764138
279461,0.43942323
279466,0.06875556
279470,0.28217068
279471,0.08751705
279493,0.39352018
279500,0.116311595
279506,0.22054267
279512,0.3667966
279519,0.38491154
279533,0.15225449
279549,0.21517448
279551,0.91092694
279556,0.2090445
279557,0.28358534
279558,0.6256022
279566,0.4891562
279592,0.4281452
279595,0.65252006
279604,0.570746
279608,0.15338619
279614,0.39692762
279618,0.6150436
279622,0.6791751
279648,0.78263664
279652,0.14418451
279653,0.54573727
279679,0.18190756
279690,0.44091633
279691,0.6401729
279694,0.7310914
279698,0.39179656
279702,0.16728228
279712,0.25779662
279713,0.5809316
279715,0.15283485
279725,0.31159228
279727,0.547913
279733,0.2351353
279742,0.45303807
279748,0.25789794
279754,0.26814508
279756,0.6533983
279776,0.54751486
279778,0.5458964
279779,0.104758695
279782,0.51340187
279793,0.1726222
279794,0.1915244
279804,0.7200446
279810,0.11770305
279817,0.8423827
279828,0.38032487
279830,0.27598843
279831,0.609397
279834,0.6005904
279835,0.24373211
279840,0.20240815
279847,0.25703454
279852,0.34518492
279854,0.5625211
279856,0.40910476
279859,0.51897734
279862,0.26734817
279876,0.6138733
279878,0.5347023
279889,0.18590593
279894,0.21715747
279897,0.37691513
279903,0.3893685
279904,0.3865995
279906,0.2419048
279909,0.65425533
279922,0.77394986
279925,0.23470598
279939,0.6696433
279940,0.49883655
279942,0.36794102
279948,0.10276507
279952,0.08120452
279960,0.1351375
279968,0.2404793
279969,0.34721792
279977,0.8660745
279980,0.32551292
279994,0.48291793
279997,0.5779658
279998,0.72693545
280007,0.5490489
280009,0.64063144
280010,0.8416072
280020,0.39443484
280021,0.3391031
280022,0.58005506
280052,0.272176
280058,0.31558082
280074,0.52727336
280076,0.214517
280085,0.7697235
280091,0.38007617
280095,0.16049188
280107,0.7814564
280116,0.7323725
280140,0.5513625
280144,0.4955147
280156,0.3931252
280177,0.057353918
280191,0.12524343
280205,0.26200345
280226,0.5803359
280230,0.42685884
280234,0.28279802
280264,0.2643134
280274,0.21908699
280298,0.33053923
280299,0.32438135
280300,0.6919528
280301,0.3428985
280308,0.087031335
280317,0.37311658
280319,0.2786173
280322,0.23501489
280342,0.24487561
280348,0.69061935
280350,0.43710965
280353,0.535403
280366,0.32704297
280372,0.24897325
280374,0.07252541
280376,0.7777519
280381,0.22252393
280384,0.16211143
280388,0.27321124
280397,0.6172702
280401,0.12377728
280409,0.49022552
280413,0.10240837
280422,0.75353134
280424,0.36326084
280426,0.6068139
280429,0.53177154
280430,0.752103
280435,0.33114854
280444,0.21413665
280450,0.5437002
280455,0.7069518
280459,0.1792208
280462,0.44766924
280466,0.8284517
280470,0.2695743
280473,0.43244812
280517,0.4096817
280524,0.7992697
280527,0.18297985
280531,0.14143491
280548,0.42287976
280558,0.8231818
280563,0.40229774
280598,0.7257443
280599,0.71122015
280603,0.18741742
280607,0.22123523
280610,0.65152377
280612,0.36056668
280625,0.21808754
280631,0.25596365
280650,0.6393124
280653,0.8993075
280657,0.294676
280669,0.19273748
280675,0.31626853
280679,0.7021982
280685,0.12657417
280691,0.40087494
280693,0.20034495
280706,0.42230383
280714,0.11868376
280719,0.76970106
280724,0.46124786
280725,0.23453888
280737,0.5651675
280738,0.52267677
280744,0.13851391
280746,0.71322817
280760,0.652675
280772,0.48101318
280777,0.48045897
280784,0.25168893
280785,0.2815619
280791,0.49629956
280793,0.1742148
280794,0.16446544
280800,0.54256266
280805,0.3043464
280806,0.29743874
280815,0.56065583
280823,0.14097562
280831,0.36717823
280832,0.21679841
280841,0.4344801
280845,0.27692732
280846,0.24859531
280854,0.12956007
280857,0.0451621
280861,0.33207467
280862,0.56188035
280867,0.39596796
280877,0.48816103
280879,0.3581379
280890,0.2417585
280891,0.6734663
280903,0.86862034
280916,0.25144356
280929,0.10058147
280934,0.5119227
280941,0.6895312
280947,0.38044208
280962,0.403414
280963,0.55569667
280966,0.31718963
280967,0.27840295
280971,0.87523794
281005,0.29917905
281007,0.4275174
281008,0.17570524
281009,0.26259944
281016,0.13241544
281024,0.5633602
281039,0.61846113
281045,0.093075395
281054,0.69490993
281055,0.48554632
281056,0.7087475
281068,0.5600048
281092,0.42343
281094,0.13836724
281118,0.7376836
281133,0.12469918
281137,0.13379288
281164,0.5368105
281176,0.0924659
281177,0.3504578
281184,0.3700688
281187,0.5138493
281192,0.26539168
281195,0.6983285
281220,0.31645435
281222,0.44717863
281227,0.19618908
281234,0.4091987
281251,0.35278308
281278,0.1614047
281298,0.64512867
281303,0.6499824
281306,0.6449042
281314,0.17686452
281320,0.26232663
281322,0.32323942
281337,0.3263513
281347,0.849324
281357,0.23047946
281362,0.25346178
281365,0.3669605
281366,0.2524637
281367,0.36636314
281373,0.3512986
281376,0.27942094
281400,0.7057946
281417,0.15389265
281420,0.14258474
281422,0.34459576
281435,0.22732748
281439,0.13158545
281448,0.28317872
281451,0.33382562
281453,0.10224508
281482,0.16981113
281494,0.52099466
281514,0.4038977
281515,0.2530942
281542,0.49582878
281556,0.3287442
281568,0.39529607
281592,0.222218
281593,0.082798325
281607,0.6630733
281613,0.27036783
281618,0.76215553
281620,0.44361985
281628,0.5926286
281629,0.26526934
281633,0.4181282
281634,0.32212707
281642,0.3064733
281643,0.2888394
281653,0.5278889
281661,0.18286301
281671,0.3604289
281675,0.30334887
281684,0.12299253
281692,0.5803618
281697,0.2590003
281730,0.1791591
281731,0.5027374
281734,0.43116522
281737,0.24841595
281750,0.70544773
281752,0.47761786
281764,0.58451295
281782,0.53411275
281791,0.20823738
281793,0.6214047
281795,0.49997985
281824,0.39646974
281831,0.60025334
281845,0.37526023
281848,0.18924548
281854,0.42579928
281855,0.41917336
281867,0.28112736
281873,0.20507112
281875,0.22538921
281876,0.5976177
281881,0.062229246
281905,0.17336054
281906,0.43218362
281907,0.3021441
281914,0.48629764
281929,0.29494196
281936,0.7134952
281938,0.15439029
281940,0.16637266
281941,0.5022858
281950,0.19551863
281954,0.12820187
281968,0.5334612
281972,0.7479406
281974,0.3810005
281987,0.2005083
281996,0.6219229
281998,0.3356945
282002,0.25734833
282004,0.29314
282005,0.42199844
282020,0.50255454
282021,0.34516153
282041,0.66558665
282045,0.4393305
282046,0.13246678
282048,0.24600682
282056,0.56791633
282063,0.41191858
282068,0.6242962
282072,0.56534296
282100,0.36591932
282104,0.3063305
282105,0.32748273
282106,0.37697628
282108,0.19718194
282114,0.63071513
282132,0.5660317
282133,0.24459787
282136,0.3619719
282145,0.7314486
282146,0.65962994
282150,0.35709032
282151,0.32024333
282152,0.6799787
282157,0.762272
282165,0.30833003
282167,0.104212366
282178,0.33333716
282179,0.46342644
282204,0.11369296
282208,0.23962335
282218,0.2158716
282221,0.7563376
282223,0.27085945
282226,0.10235754
282230,0.3093015
282232,0.5368379
282235,0.113182575
282236,0.35813466
282239,0.5902279
282246,0.16892856
282250,0.7692377
282259,0.2868289
282270,0.09737866
282272,0.05056815
282282,0.67922294
282292,0.25530526
282306,0.3351643
282311,0.31895798
282317,0.8002989
282318,0.21166572
282331,0.22691347
282338,0.5792508
282349,0.32561168
282350,0.7376621
282355,0.12793593
282359,0.8469856
282382,0.31113812
282396,0.62564254
282399,0.41373608
282408,0.3600559
282421,0.49639165
282427,0.34514168
282437,0.23536745
282446,0.28810972
282448,0.118444696
282453,0.10345332
282456,0.4011708
282457,0.48682374
282465,0.7402773
282476,0.5752132
282478,0.45649278
282482,0.25884143
282485,0.61910194
282492,0.39000186
282498,0.58979255
282503,0.117612265
282512,0.6541169
282521,0.60128015
282531,0.83252215
282548,0.49897572
282582,0.08527953
282585,0.35130456
282605,0.18889454
282618,0.24662863
282633,0.14823434
282642,0.61119586
282645,0.62623286
282647,0.54119074
282649,0.1916484
282654,0.25095844
282661,0.47450238
282667,0.09394997
282668,0.40468642
282678,0.36734384
282679,0.542911
282687,0.22649601
282688,0.25118554
282691,0.40213266
282702,0.09528604
282709,0.37227085
282712,0.27493623
282715,0.7367727
282726,0.13324025
282735,0.19938362
282737,0.25251225
282746,0.7473712
282751,0.0821398
282754,0.8268491
282758,0.7367534
282773,0.89551723
282787,0.23451072
282794,0.31406683
282812,0.114897996
282822,0.68755037
282827,0.68961954
282836,0.25507832
282841,0.43009838
282854,0.4614932
282862,0.28904665
282873,0.4491186
282890,0.27448586
282900,0.7229691
282906,0.37287423
282910,0.52369726
282915,0.09557413
282929,0.111749984
282933,0.22176
282944,0.55229586
282945,0.41076365
282950,0.042526707
282954,0.1407463
282960,0.22371967
282961,0.51391065
282962,0.27492607
282965,0.74446565
282971,0.62983066
282974,0.21410276
282975,0.10402003
282979,0.2263271
282984,0.60750127
282990,0.7823663
282998,0.52470887
283005,0.4931707
283013,0.80161077
283018,0.5709921
283029,0.7686558
283032,0.20873795
283036,0.62143755
283041,0.7943395
283046,0.5481539
283050,0.14977303
283057,0.2694709
283065,0.53283995
283069,0.84927523
283074,0.121792056
283076,0.3349249
283077,0.33495688
283089,0.46457645
283090,0.18332113
283094,0.45562497
283110,0.35453576
283118,0.6183559
283127,0.1331081
283130,0.3693236
283139,0.60459065
283143,0.6489261
283144,0.7290147
283146,0.3050467
283150,0.12104689
283161,0.82066494
283177,0.383685
283180,0.17525263
283184,0.20562503
283191,0.48081598
283193,0.19088916
283196,0.59045076
283199,0.55932295
283202,0.42859426
283205,0.12322633
283213,0.31877324
283216,0.27884555
283218,0.36994943
283220,0.29731363
283227,0.64330924
283233,0.29049504
283248,0.4927476
283250,0.53384197
283261,0.194223
283264,0.3601939
283267,0.44940904
283269,0.2213996
283271,0.14379556
283282,0.66602474
283283,0.24880801
283290,0.12580238
283295,0.2835482
283298,0.143954
283303,0.80446756
283309,0.37527502
283310,0.12223767
283314,0.6377478
283317,0.11134453
283318,0.35157955
283323,0.5950432
283327,0.59568703
283328,0.5766932
283336,0.6840983
283340,0.44349808
283344,0.33765554
283345,0.7289166
283360,0.32131398
283361,0.112017274
283383,0.6931017
283387,0.38285586
283390,0.126495
283412,0.24846047
283426,0.16249786
283429,0.5311552
283433,0.53694725
283437,0.25175878
283438,0.10475848
283461,0.40116936
283466,0.31963104
283477,0.16978426
283479,0.2668893
283483,0.2941684
283484,0.28635535
283486,0.31976715
283500,0.17347641
283512,0.6248845
283515,0.28358704
283517,0.884708
283519,0.20943893
283523,0.4195835
283528,0.60078466
283555,0.53479093
283565,0.3287976
283572,0.3576343
283576,0.15787852
283586,0.80328023
283590,0.53517044
283606,0.38181216
283615,0.12622653
283619,0.50155777
283632,0.7873995
283635,0.27867118
283636,0.20086317
283641,0.7024359
283642,0.19724312
283647,0.1461422
283667,0.16600817
283683,0.34425744
283684,0.6668182
283687,0.5127088
283691,0.35721242
283693,0.4712751
283701,0.28134358
283702,0.38855976
283711,0.6968662
283713,0.8306087
283726,0.25194016
283730,0.29305387
283736,0.16055879
283737,0.47427273
283740,0.23199672
283748,0.40665248
283750,0.43473682
283756,0.09134117
283757,0.10574433
283774,0.7294499
283776,0.64573264
283784,0.6390029
283790,0.75015
283796,0.21529199
283806,0.5623399
283816,0.06680516
283825,0.6638158
283827,0.4117337
283835,0.0588121
283839,0.86589426
283843,0.42480844
283874,0.8173725
283880,0.2722389
283881,0.71147496
283882,0.7741805
283887,0.20112345
283891,0.45669708
283893,0.41943064
283895,0.09372818
283900,0.56785196
283906,0.51156056
283938,0.15495633
283943,0.1710312
283953,0.6501961
283958,0.7593601
283961,0.092616364
283972,0.24593161
283973,0.3752443
283986,0.63907623
283990,0.055307828
283994,0.84508246
284000,0.09791753
284002,0.597346
284003,0.40836746
284035,0.68162066
284049,0.104807034
284055,0.12186651
284060,0.34360895
284061,0.6312456
284069,0.45624885
284072,0.6680805
284075,0.6413863
284087,0.49415034
284093,0.29712752
284095,0.27539638
284096,0.702722
284106,0.21476343
284109,0.45556787
284112,0.32260215
284126,0.4512977
284152,0.23262948
284155,0.3650937
284157,0.23686305
284159,0.510348
284194,0.42348835
284207,0.45865914
284211,0.14027809
284220,0.7931112
284232,0.66426444
284239,0.72241366
284246,0.23392728
284257,0.5801593
284259,0.2414432
284272,0.49529737
284277,0.4302822
284279,0.84475327
284283,0.40186256
284294,0.19958322
284298,0.17353451
284305,0.6073192
284309,0.22705926
284311,0.26738015
284315,0.26341566
284338,0.8182215
284340,0.6974682
284342,0.6155342
284344,0.21838185
284348,0.20280698
284361,0.53840196
284373,0.10273618
284380,0.8031038
284408,0.22399817
284422,0.25862074
284423,0.42872772
284427,0.5660529
284433,0.8032244
284442,0.049925335
284462,0.6670247
284481,0.76331073
284487,0.28145567
284492,0.11668978
284495,0.3453921
284499,0.8398468
284503,0.33373907
284506,0.40176588
284507,0.12780057
284511,0.8047298
284512,0.5014882
284513,0.19634646
284520,0.5540668
284537,0.2498725
284557,0.6926417
284560,0.25627506
284571,0.38436761
284573,0.83108854
284574,0.10229945
284575,0.20687549
284576,0.5064959
284578,0.30472934
284592,0.36572665
284606,0.7676066
284609,0.6052622
284614,0.11070906
284627,0.2516682
284630,0.4865294
284633,0.18946049
284647,0.26252687
284650,0.13747439
284655,0.5707563
284661,0.09581784
284664,0.13583785
284668,0.11948002
284682,0.39954793
284683,0.679249
284691,0.22170018
284692,0.52191556
284695,0.35442322
284751,0.66748065
284785,0.46581236
284796,0.08838908
284797,0.09022369
284799,0.37219253
284805,0.29043677
284811,0.25085694
284844,0.33485913
284856,0.7761746
284861,0.35882476
284864,0.30422664
284866,0.3458383
284867,0.27632788
284871,0.17992513
284873,0.2569903
284888,0.79135764
284895,0.08775117
284906,0.27878743
284907,0.5862909
284908,0.2616105
284914,0.28608835
284916,0.20101072
284920,0.53369933
284926,0.20865965
284934,0.28742248
284937,0.35683832
284949,0.21132128
284986,0.10644622
285002,0.40415606
285006,0.41190925
285007,0.58944875
285008,0.32623905
285016,0.20743828
285040,0.14504668
285041,0.101806685
285050,0.4898301
285051,0.12268647
285059,0.47541133
285077,0.6286975
285078,0.6256503
285097,0.15303797
285102,0.6561276
285104,0.15007104
285117,0.6547299
285119,0.6196708
285120,0.25940832
285122,0.38725057
285131,0.5592065
285137,0.19627604
285139,0.25855148
285147,0.1811461
285176,0.12439049
285177,0.5529182
285183,0.45435646
285184,0.25864252
285200,0.09959753
285213,0.539653
285224,0.42697722
285232,0.42800644
285245,0.812434
285249,0.07379931
285253,0.33666247
285268,0.15558061
285276,0.09079951
285282,0.5638121
285284,0.8254741
285297,0.61277336
285304,0.33698085
285305,0.31623775
285337,0.30844873
285346,0.23337078
285349,0.06969056
285354,0.53433305
285359,0.27976444
285366,0.77280307
285367,0.78337497
285368,0.64794
285376,0.51273906
285382,0.15134622
285385,0.7115615
285389,0.26014894
285396,0.2179626
285398,0.57188416
285399,0.29541942
285403,0.189207
285405,0.56628954
285407,0.7297357
285417,0.48964196
285419,0.6230069
285431,0.14742546
285457,0.5312392
285462,0.7240629
285463,0.06416912
285472,0.4578932
285476,0.3511143
285479,0.55940396
285482,0.4501649
285486,0.60757875
285487,0.36270005
285497,0.13386765
285498,0.35392216
285507,0.82477236
285509,0.16330111
285514,0.22055615
285516,0.19619395
285521,0.28735334
285525,0.034231625
285528,0.26158038
285555,0.22812293
285559,0.4144234
285561,0.21822515
285562,0.5602329
285565,0.3806912
285571,0.30993396
285583,0.59390134
285588,0.6044087
285603,0.44305882
285612,0.38115704
285628,0.7151952
285635,0.19380224
285649,0.40063226
285651,0.22431698
285653,0.50523114
285662,0.59804976
285665,0.13220046
285678,0.42851123
285681,0.19753367
285694,0.72885746
285695,0.14612816
285701,0.25051582
285721,0.47232738
285730,0.21756186
285733,0.085202664
285743,0.30804485
285744,0.59864694
285746,0.4752095
285778,0.25537243
285784,0.40111715
285808,0.08296501
285810,0.406686
285831,0.51096594
285833,0.28421548
285841,0.15017833
285842,0.34879982
285844,0.4043903
285847,0.15258512
285853,0.08297042
285861,0.61629283
285863,0.16929051
285867,0.29444495
285870,0.9385964
285879,0.38102764
285880,0.16935122
285882,0.20141315
285893,0.05283597
285897,0.45995843
285912,0.48805106
285914,0.3276383
285918,0.45804897
285927,0.37171283
285931,0.46708825
285932,0.49826938
285962,0.30295038
285975,0.62880546
285978,0.62762874
285996,0.1157545
286000,0.36485142
286010,0.34425193
286011,0.6840064
286018,0.28476936
286033,0.56058586
286038,0.6625251
286042,0.45750353
286044,0.38450962
286047,0.10610295
286050,0.7801162
286052,0.22680913
286056,0.52358544
286058,0.124547325
286083,0.37355602
286088,0.722052
286094,0.35922986
286107,0.6365162
286112,0.59045804
286124,0.115000725
286128,0.46520695
286141,0.4281123
286146,0.6202103
286147,0.3280895
286153,0.12556908
286163,0.37560362
286169,0.397052
286175,0.51864415
286185,0.08217362
286194,0.3757883
286198,0.6977413
286201,0.27971092
286202,0.7339788
286213,0.4745449
286218,0.325726
286250,0.12571166
286257,0.36592156
286264,0.5259705
286265,0.40584895
286266,0.18403322
286287,0.29892159
286292,0.14761437
286294,0.18900438
286295,0.5654235
286299,0.69062287
286300,0.5466187
286302,0.58100766
286310,0.6021439
286316,0.3583802
286332,0.6393385
286353,0.43464708
286354,0.28971463
286357,0.27495405
286375,0.2465517
286382,0.4929365
286389,0.57558495
286404,0.14012182
286405,0.520259
286411,0.38562652
286412,0.37467733
286421,0.74402094
286423,0.2791648
286426,0.6136419
286433,0.3966118
286438,0.4673423
286441,0.22017945
286444,0.1782324
286447,0.14505488
286459,0.48401415
286473,0.49922153
286484,0.16742614
286485,0.8986549
286501,0.5067373
286502,0.49449936
286509,0.24492812
286511,0.78849614
286516,0.8671961
286547,0.7339229
286549,0.58195466
286553,0.36978105
286558,0.36380437
286566,0.44729465
286572,0.23445944
286582,0.23467821
286587,0.19281621
286590,0.41946605
286594,0.45908728
286598,0.074599564
286602,0.18025701
286608,0.58412683
286610,0.29557043
286627,0.5134801
286661,0.30666643
286664,0.43096408
286668,0.12054429
286683,0.13996334
286684,0.2581502
286689,0.16242254
286696,0.3267524
286697,0.19734378
286703,0.640035
286705,0.28641337
286707,0.37592858
286708,0.47371918
286711,0.21399865
286714,0.2224955
286734,0.31033647
286747,0.3944784
286760,0.6737174
286763,0.28344506
286772,0.27404687
286773,0.26960617
286791,0.38454083
286813,0.48044136
286814,0.21563911
286817,0.17061013
286836,0.17974298
286838,0.3724977
286844,0.24056706
286854,0.4915982
286856,0.39705732
286859,0.28978646
286864,0.12149824
286865,0.4202435
286868,0.40107244
286881,0.61448944
286882,0.4041514
286888,0.27329406
286890,0.8887793
286892,0.5298756
286895,0.104269445
286906,0.41632047
286924,0.13369423
286930,0.28866148
286931,0.72405946
286942,0.35161546
286955,0.29125693
286960,0.46157455
286962,0.3880328
286966,0.3224755
286967,0.15371497
286971,0.2325227
286983,0.14262183
286985,0.19612518
286986,0.68911403
286987,0.63091284
286992,0.5769382
287003,0.4839764
287004,0.14102657
287006,0.30316958
287029,0.20732555
287036,0.20030445
287038,0.40326923
287049,0.22178398
287050,0.10039569
287057,0.08864184
287065,0.08608458
287066,0.85586756
287089,0.5245841
287093,0.7612645
287096,0.54444945
287103,0.49860248
287104,0.38751802
287109,0.2257902
287133,0.7580675
287137,0.14329404
287141,0.788907
287146,0.20990302
287148,0.08561384
287177,0.22827105
287184,0.17054364
287197,0.42151958
287204,0.7111751
287206,0.4832151
287208,0.489943
287225,0.064314626
287228,0.12573938
287252,0.6066482
287260,0.18865307
287264,0.64297223
287270,0.6303206
287271,0.36775872
287272,0.10971956
287274,0.34533894
287280,0.21626474
287281,0.37449035
287290,0.35694423
287298,0.16081207
287299,0.61645323
287301,0.05799619
287314,0.29911953
287321,0.47129384
287322,0.19890507
287329,0.7533112
287331,0.44271237
287337,0.2869099
287349,0.22726604
287358,0.29226854
287370,0.8110848
287371,0.22454606
287376,0.1453233
287378,0.2541763
287386,0.7121442
287394,0.49062598
287397,0.26973787
287419,0.30889124
287428,0.55283475
287438,0.17853838
287439,0.3750142
287449,0.5445505
287450,0.22082593
287460,0.3362833
287472,0.6168814
287474,0.635615
287483,0.18237324
287495,0.5251008
287510,0.2181319
287512,0.14962225
287530,0.2725546
287531,0.18475595
287543,0.4530321
287549,0.43139124
287564,0.72058064
287574,0.27939758
287580,0.26038855
287587,0.43208838
287594,0.42239064
287605,0.43203172
287617,0.6794814
287621,0.22732438
287626,0.3118167
287629,0.4993773
287632,0.6674437
287636,0.54065734
287644,0.41507366
287648,0.499748
287666,0.34836254
287672,0.51358217
287701,0.59546435
287708,0.28681064
287718,0.56191945
287724,0.66526747
287726,0.1212538
287729,0.58838326
287732,0.52097654
287733,0.13948376
287734,0.80813575
287750,0.6592314
287755,0.62136954
287762,0.65182143
287764,0.19174162
287766,0.15742004
287775,0.17330976
287781,0.18406212
287785,0.33908063
287789,0.2627501
287792,0.65206635
287796,0.07674838
287804,0.43842334
287822,0.23342869
287835,0.26792666
287840,0.52502215
287850,0.3307766
287851,0.32972905
287852,0.32983997
287858,0.5159789
287859,0.15329093
287860,0.58795506
287861,0.4400776
287866,0.2539868
287868,0.5672123
287873,0.50385255
287876,0.47270283
287877,0.2907157
287878,0.14552659
287879,0.6191646
287883,0.28141662
287888,0.15393664
287894,0.88480335
287895,0.2833648
287912,0.45288733
287915,0.53317
287920,0.07493459
287922,0.3858482
287926,0.40920606
287929,0.58682144
287931,0.66946536
287936,0.4030809
287942,0.499728
287946,0.2717958
287948,0.61670744
287963,0.65383464
288003,0.17110711
288111,0.7695753
288129,0.360761
288138,0.93039614
288154,0.66426796
288167,0.09032267
288178,0.49224404
288184,0.2528247
288193,0.10166378
288203,0.54024786
288207,0.8205073
288223,0.7933796
288226,0.7015386
288237,0.21352361
288257,0.82207406
288259,0.42246118
288269,0.45145255
288273,0.18865792
288276,0.34667048
288280,0.29399577
288283,0.3142794
288291,0.61214745
288299,0.4923694
288305,0.5919332
288316,0.2294708
288322,0.27149767
288333,0.14038964
288337,0.64780617
288341,0.2044044
288345,0.2035572
288348,0.1609535
288350,0.4313121
288353,0.51428103
288372,0.28339472
288375,0.7253882
288395,0.24294807
288408,0.34927914
288425,0.24964616
288430,0.7915009
288433,0.2893726
288459,0.5401722
288462,0.554737
288463,0.5202527
288470,0.36840168
288472,0.7323808
288475,0.43068993
288495,0.69515073
288517,0.69988024
288530,0.7709566
288535,0.45437443
288539,0.22296536
288540,0.37218276
288547,0.8910687
288553,0.4272697
288555,0.79206437
288556,0.4022701
288562,0.3940705
288564,0.2925104
288567,0.67681974
288576,0.08839972
288579,0.25531575
288580,0.7124904
288589,0.28379568
288596,0.72784346
288597,0.5767375
288599,0.30074555
288601,0.104583725
288617,0.32216215
288621,0.6155448
288635,0.19958997
288656,0.08984479
288666,0.26457393
288670,0.6926529
288671,0.3006965
288673,0.41402146
288678,0.57275677
288693,0.77303076
288699,0.17535232
288706,0.5601203
288728,0.35486385
288739,0.38137493
288741,0.49098775
288755,0.24144542
288763,0.2303546
288766,0.4306144
288775,0.39229122
288780,0.059796773
288793,0.4325781
288811,0.1703878
288821,0.43371907
288829,0.65213907
288835,0.045086257
288836,0.24909408
288838,0.79439586
288851,0.1886209
288853,0.15571067
288854,0.19762073
288855,0.22371814
288876,0.3709162
288879,0.59400076
288884,0.7281693
288886,0.4394511
288891,0.4065867
288898,0.37072986
288911,0.74601346
288913,0.14018302
288927,0.26453042
288928,0.27839896
288931,0.45396173
288955,0.29271582
288961,0.07170101
288969,0.798392
288971,0.40642595
288973,0.6911082
288982,0.25628754
288983,0.1947565
288986,0.16516802
288992,0.31367302
288993,0.23450401
288996,0.6072322
289007,0.593912
289008,0.43718565
289014,0.36030072
289015,0.38145924
289016,0.24245675
289017,0.25877106
289028,0.27098784
289030,0.6061521
289040,0.25335485
289048,0.29436624
289051,0.55114347
289055,0.06660699
289057,0.11017546
289062,0.62493366
289063,0.6213077
289069,0.53575844
289073,0.14245443
289074,0.2561577
289085,0.2883381
289092,0.31430018
289097,0.24889465
289111,0.5636413
289112,0.6071074
289116,0.31708017
289123,0.34062403
289145,0.8186566
289146,0.6088838
289158,0.48263514
289165,0.36985028
289166,0.41451854
289167,0.6605433
289170,0.6988375
289193,0.114981316
289198,0.1380704
289209,0.38133386
289211,0.24609688
289215,0.30761012
289220,0.3469338
289232,0.46729454
289244,0.4688487
289258,0.29332232
289271,0.45564526
289274,0.5696941
289312,0.5579838
289321,0.5842685
289325,0.38610378
289333,0.34494087
289340,0.3980223
289368,0.1880938
289375,0.5313833
289380,0.570979
289381,0.21478358
289384,0.37535548
289403,0.2061349
289408,0.18655352
289416,0.071559116
289463,0.52463335
289488,0.46249595
289495,0.72181904
289498,0.37782958
289499,0.124261886
289515,0.23682718
289531,0.10513176
289541,0.23185235
289554,0.12228622
289565,0.3534886
289590,0.18006621
289596,0.6540813
289601,0.5590932
289602,0.21320173
289603,0.4517353
289608,0.19844803
289622,0.53049004
289623,0.20272511
289625,0.23846279
289634,0.18833044
289648,0.48815665
289650,0.0942224
289662,0.46855545
289667,0.72883123
289674,0.07041158
289682,0.10026198
289702,0.30286163
289706,0.19485371
289709,0.543676
289716,0.60771215
289725,0.1459183
289732,0.35260174
289743,0.28672433
289762,0.12842229
289766,0.46605065
289770,0.5629332
289775,0.7346035
289777,0.1795652
289783,0.37884367
289797,0.17191955
289798,0.19094986
289802,0.46975622
289812,0.40364924
289814,0.045348305
289819,0.27874866
289828,0.61774045
289831,0.61219823
289835,0.35036054
289844,0.38272396
289850,0.23317586
289851,0.60462254
289865,0.19610418
289869,0.33627698
289891,0.69312
289907,0.36718073
289919,0.13956785
289923,0.45544717
289924,0.4604756
289927,0.3458867
289929,0.7653522
289951,0.3094579
289959,0.15443516
289964,0.5534621
289965,0.38892445
289966,0.27131358
289971,0.5726703
289988,0.401602
289989,0.25965485
289995,0.73033303
290005,0.30435053
290013,0.572213
290031,0.7054342
290036,0.593774
290038,0.69086474
290041,0.7312128
290056,0.6271352
290058,0.29507324
290065,0.5825581
290069,0.54174906
290070,0.20975657
290074,0.486766
290076,0.48583984
290082,0.3791183
290105,0.13492608
290111,0.16554603
290114,0.34427983
290116,0.53296465
290117,0.48944598
290128,0.56676775
290130,0.33668697
290139,0.38943017
290151,0.19235915
290154,0.16983064
290158,0.51644725
290180,0.5312306
290183,0.25406379
290190,0.5618398
290191,0.6007712
290199,0.5542625
290200,0.57999194
290202,0.2159979
290205,0.671966
290206,0.26296765
290219,0.565937
290227,0.083612315
290232,0.3371736
290233,0.5387505
290242,0.53440964
290246,0.28538346
290247,0.5580861
290257,0.4329918
290259,0.4033653
290260,0.4908965
290270,0.08469541
290273,0.52948725
290276,0.7157731
290281,0.68532276
290296,0.49348435
290303,0.3701262
290306,0.4991371
290331,0.24494208
290340,0.37826425
290349,0.54484946
290355,0.5098269
290365,0.53169745
290379,0.7869257
290389,0.15457913
290408,0.2746255
290409,0.5299308
290433,0.6461095
290437,0.4057736
290440,0.2307598
290448,0.4330137
290466,0.17285654
290467,0.19370744
290479,0.18355958
290490,0.48576152
290492,0.12929803
290503,0.41255513
290508,0.23079921
290524,0.35478556
290526,0.60398835
290527,0.38624734
290541,0.5374226
290557,0.4585547
290564,0.6112497
290572,0.22045493
290576,0.5316241
290588,0.22303826
290589,0.24017799
290595,0.3715034
290598,0.30389106
290605,0.31574675
290609,0.09481158
290610,0.35701394
290612,0.64116323
290634,0.349009
290635,0.676733
290644,0.8489447
290672,0.73765886
290681,0.2531923
290693,0.3118139
290695,0.23200624
290702,0.26751947
290703,0.093686834
290711,0.7994762
290713,0.53094614
290727,0.55561984
290730,0.23011273
290734,0.5044592
290745,0.4758361
290746,0.4913824
290751,0.45593798
290758,0.09848742
290766,0.68931013
290784,0.49366266
290786,0.10697076
290813,0.69891196
290849,0.67752224
290852,0.1345755
290881,0.8047106
290884,0.17349926
290885,0.4186363
290889,0.3036206
290911,0.34608725
290913,0.6163049
290923,0.25449806
290926,0.10738634
290936,0.39754322
290941,0.3929848
290945,0.46309248
290955,0.15296379
290961,0.41020998
290964,0.29512256
290967,0.38273796
290970,0.3220866
290974,0.38387266
290976,0.21323234
290978,0.21960974
290981,0.109876394
290991,0.28351814
291005,0.25554153
291009,0.13725178
291011,0.43910658
291012,0.5138876
291018,0.63710153
291023,0.27205342
291028,0.25217548
291034,0.5660023
291038,0.40836942
291039,0.644202
291041,0.58076376
291045,0.34379613
291048,0.52878726
291052,0.37464255
291055,0.15239261
291082,0.40979457
291085,0.58176047
291086,0.096533775
291094,0.237714
291103,0.35860136
291108,0.37671536
291110,0.69835734
291113,0.28882545
291117,0.32868123
291124,0.43272224
291129,0.27290422
291142,0.45669627
291155,0.7689119
291157,0.6235519
291177,0.21713415
291178,0.2840873
291180,0.23294747
291188,0.8779323
291198,0.3036854
291200,0.06182691
291202,0.08171272
291207,0.16023801
291218,0.15190044
291231,0.66991675
291232,0.28490204
291240,0.099221796
291241,0.6622725
291245,0.19312435
291256,0.060434554
291273,0.44964993
291274,0.5001459
291277,0.624856
291290,0.7410835
291303,0.4546823
291310,0.2614737
291311,0.51483214
291319,0.8481927
291324,0.59672683
291331,0.20631619
291334,0.21701866
291348,0.79036504
291349,0.7285467
291359,0.20069385
291365,0.054683432
291379,0.39239794
291396,0.101655535
291411,0.29376188
291424,0.3510122
291425,0.076924264
291428,0.4335475
291446,0.6394768
291449,0.09826857
291461,0.6415647
291465,0.18296309
291480,0.5399919
291486,0.27683327
291487,0.13247447
291491,0.13569416
291499,0.11644519
291505,0.5432778
291512,0.61553854
291513,0.14029972
291521,0.084763706
291523,0.14189096
291543,0.6864558
291545,0.20857191
291546,0.63585716
291550,0.26389113
291552,0.27948502
291561,0.4567064
291579,0.34395736
291584,0.86299205
291586,0.26548752
291590,0.53033763
291592,0.9240781
291593,0.13036887
291599,0.36827326
291615,0.13638058
291617,0.084400125
291628,0.647022
291654,0.40048927
291658,0.88194615
291659,0.1460306
291661,0.66240686
291671,0.53764755
291677,0.10750899
291689,0.36216733
291693,0.38195708
291695,0.49162528
291696,0.7577547
291697,0.5075886
291702,0.26360476
291711,0.2057505
291713,0.30663288
291715,0.39082608
291718,0.2506462
291733,0.20740598
291742,0.38515264
291748,0.31830946
291765,0.13632698
291771,0.50871545
291773,0.58386225
291788,0.19503732
291789,0.56360745
291796,0.3360393
291800,0.42804855
291817,0.20355083
291822,0.5802481
291840,0.7212923
291843,0.30139604
291855,0.67954
291858,0.20950902
291870,0.28685427
291872,0.110218845
291874,0.23704925
291883,0.24173272
291888,0.2286238
291894,0.3025661
291901,0.21773978
291928,0.6659805
291930,0.08798979
291949,0.12157031
291951,0.51101303
291953,0.19388777
291955,0.44913715
291963,0.8847452
291969,0.4301048
291980,0.604683
292010,0.2333121
292022,0.35025322
292023,0.24826623
292031,0.27192897
292034,0.37491977
292043,0.375719
292049,0.340118
292055,0.5095304
292062,0.52582395
292070,0.4347435
292072,0.80064225
292073,0.06671225
292082,0.54848754
292096,0.39636266
292098,0.31688738
292116,0.5285716
292118,0.35755366
292126,0.6346995
292128,0.33757085
292137,0.41989556
292138,0.19461665
292142,0.48802936
292149,0.7211973
292181,0.6917218
292189,0.1318596
292191,0.2493389
292205,0.36595637
292219,0.5972051
292227,0.27279288
292231,0.6887267
292238,0.2948867
292246,0.14191061
292248,0.5113024
292259,0.26067924
292261,0.43417695
292266,0.5166166
292267,0.15495288
292272,0.476514
292278,0.7866436
292281,0.4211585
292286,0.29550743
292288,0.68115693
292289,0.15394297
292304,0.37082386
292307,0.34599036
292319,0.4270663
292320,0.3333693
292325,0.28063554
292326,0.6162166
292331,0.28701112
292332,0.14911595
292333,0.102703355
292334,0.43526518
292337,0.3609025
292338,0.63061917
292342,0.2523769
292347,0.30156055
292350,0.27450535
292355,0.16350278
292360,0.04049243
292362,0.063374676
292363,0.6093885
292364,0.062250905
292383,0.66192514
292397,0.59830624
292409,0.594062
292417,0.47588506
292426,0.11047696
292428,0.4415641
292439,0.8349498
292443,0.70446545
292448,0.40852293
292451,0.251074
292452,0.35735068
292456,0.17028812
292460,0.24798124
292463,0.37017754
292464,0.6020531
292476,0.50195765
292480,0.54722744
292483,0.1788244
292493,0.17097004
292501,0.7101013
292506,0.21009153
292508,0.25822264
292513,0.50760907
292525,0.4510529
292533,0.3351429
292540,0.5178821
292541,0.07133104
292544,0.14540091
292549,0.41939417
292550,0.3943043
292557,0.4273249
292558,0.11766926
292562,0.22891831
292564,0.07796567
292583,0.65041065
292612,0.30186373
292618,0.1576695
292623,0.6670502
292631,0.09638861
292633,0.7497413
292641,0.29676166
292643,0.24539855
292649,0.3074513
292650,0.25477776
292651,0.48366526
292655,0.29003924
292659,0.38525406
292677,0.16327722
292693,0.29106352
292697,0.31732297
292700,0.51277304
292702,0.49738872
292710,0.07757147
292727,0.76352894
292731,0.6248091
292732,0.37824935
292734,0.16558065
292735,0.14365047
292737,0.16325752
292739,0.5469821
292741,0.11531184
292767,0.17937937
292778,0.2239129
292807,0.7181444
292813,0.64314944
292834,0.7545542
292837,0.16321012
292839,0.22533853
292844,0.35912648
292869,0.20536101
292874,0.15908559
292892,0.38994083
292894,0.44973537
292916,0.72782737
292921,0.45157018
292925,0.64219075
292929,0.60606885
292933,0.1345291
292935,0.45970175
292938,0.31912276
292945,0.52262294
292946,0.5350184
292953,0.60180527
292966,0.60355365
292968,0.24426377
292983,0.26560718
292988,0.5237652
292992,0.07704312
292997,0.3038287
293002,0.21489626
293013,0.121973164
293030,0.71515656
293043,0.74213856
293070,0.73273027
293093,0.16437711
293103,0.4948493
293104,0.1225292
293117,0.9224106
293123,0.4532505
293126,0.545952
293128,0.09749291
293136,0.14111528
293142,0.2640265
293146,0.84794766
293149,0.70149934
293159,0.29745924
293169,0.37437728
293172,0.48867416
293175,0.280845
293176,0.5367059
293192,0.098606005
293213,0.43202168
293218,0.5353397
293219,0.63547367
293224,0.58081543
293225,0.23494056
293234,0.63428175
293243,0.42548946
293249,0.21126933
293256,0.12677951
293276,0.8267642
293283,0.83042985
293295,0.32844514
293308,0.31563663
293309,0.611286
293316,0.3631359
293326,0.40214053
293330,0.1752902
293351,0.47665042
293361,0.14085275
293366,0.7849565
293376,0.41909263
293377,0.354223
293382,0.5276256
293383,0.5828111
293385,0.39217275
293402,0.5697823
293403,0.44184604
293405,0.16233525
293412,0.34020028
293430,0.29466644
293435,0.048800763
293438,0.1561481
293445,0.32337007
293447,0.4873697
293451,0.4459168
293463,0.13040715
293471,0.25581205
293482,0.4275711
293485,0.17189379
293493,0.6278842
293496,0.17440431
293505,0.7657202
293507,0.25333324
293508,0.49156085
293518,0.39434704
293524,0.2503981
293527,0.56736994
293537,0.17585644
293542,0.6222861
293556,0.08855734
293560,0.7161059
293563,0.70691574
293565,0.12110743
293597,0.5037702
293603,0.2122744
293607,0.33045092
293621,0.36570153
293622,0.07954805
293623,0.7746647
293636,0.7263083
293643,0.27566773
293659,0.6736917
293678,0.25887573
293679,0.44427034
293681,0.4613133
293684,0.3682794
293692,0.24025051
293696,0.122514024
293733,0.15234117
293734,0.19667977
293745,0.24735968
293751,0.27383116
293770,0.76725024
293778,0.5252676
293789,0.10066124
293809,0.10269755
293815,0.11834825
293816,0.58565867
293819,0.483729
293822,0.40214878
293846,0.7793006
293849,0.050477773
293850,0.4408723
293851,0.69138616
293860,0.1975811
293863,0.5371155
293881,0.68491036
293900,0.5231525
293907,0.33181053
293915,0.20568372
293931,0.2233817
293935,0.30344296
293942,0.44672588
293944,0.86533934
293967,0.46984652
293968,0.49573573
293971,0.037556693
293972,0.4476474
293974,0.46784317
293976,0.5137459
293985,0.29393157
293996,0.81953496
294004,0.1415134
294007,0.5211549
294010,0.22912502
294013,0.51953536
294016,0.71530133
294018,0.62675464
294028,0.6908291
294041,0.3279474
294047,0.18156579
294055,0.38524258
294062,0.29271966
294069,0.3409523
294075,0.7724135
294091,0.17214909
294108,0.37525353
294116,0.41491464
294125,0.28984421
294129,0.23668215
294130,0.03365888
294134,0.15483217
294135,0.69855374
294136,0.50257975
294141,0.22039956
294160,0.10777586
294164,0.24217094
294184,0.39235058
294191,0.24400228
294195,0.35117966
294199,0.08790354
294208,0.60902494
294221,0.08855902
294225,0.20709442
294230,0.49672103
294236,0.5591619
294256,0.18540229
294257,0.10365566
294258,0.75856465
294282,0.38446596
294287,0.2523557
294290,0.1792319
294300,0.49161002
294302,0.2859527
294313,0.11362725
294314,0.5620478
294322,0.11260832
294336,0.40722805
294339,0.7631045
294348,0.46696398
294365,0.6212395
294373,0.41215256
294383,0.258335
294403,0.29004505
294406,0.47179273
294417,0.8548807
294452,0.87871796
294463,0.6469886
294471,0.20999102
294486,0.28354812
294501,0.59149206
294504,0.5983345
294509,0.35633272
294511,0.22344643
294519,0.2834895
294530,0.6140234
294532,0.6509814
294547,0.71397936
294548,0.26231647
294554,0.13477542
294577,0.4375957
294578,0.19389042
294580,0.45677257
294583,0.5130501
294592,0.47154224
294595,0.312068
294602,0.19684109
294613,0.70864505
294617,0.13553007
294631,0.739729
294641,0.44984388
294653,0.50735104
294657,0.29027355
294661,0.7447493
294665,0.075602315
294668,0.13335404
294671,0.42272928
294682,0.20860177
294685,0.14557901
294688,0.5772583
294690,0.81143934
294698,0.40411496
294717,0.59230864
294724,0.18792892
294726,0.116334766
294738,0.6267755
294744,0.36942086
294758,0.42376295
294762,0.09316773
294776,0.5393979
294777,0.40575457
294807,0.30373326
294816,0.6642456
294821,0.10253956
294825,0.38910726
294834,0.13652469
294835,0.22117086
294836,0.48592934
294840,0.33116314
294842,0.6531505
294864,0.16488045
294874,0.53423566
294880,0.48966014
294881,0.26322478
294897,0.1516218
294898,0.2884527
294920,0.61479896
294923,0.34811363
294926,0.49894923
294937,0.46288207
294941,0.41660708
294951,0.6733797
294952,0.10099845
294953,0.21667874
294982,0.45587215
294989,0.4222337
294995,0.5893429
295009,0.5924165
295010,0.4344009
295013,0.21625955
295016,0.18633753
295022,0.31496862
295024,0.34071666
295040,0.7096691
295045,0.17847657
295047,0.48525673
295056,0.5775899
295073,0.80627567
295080,0.4276499
295093,0.3962957
295094,0.7664625
295095,0.33711258
295107,0.111432545
295116,0.48548117
295140,0.21919522
295150,0.6666083
295154,0.48911467
295155,0.570662
295162,0.3354101
295163,0.11680302
295168,0.5757442
295176,0.20234157
295182,0.11863461
295183,0.62921935
295216,0.36804047
295219,0.24763425
295239,0.26995197
295246,0.12760788
295255,0.4318069
295257,0.5133434
295261,0.06251011
295263,0.23914216
295265,0.28002405
295274,0.6989561
295281,0.37646377
295286,0.22513673
295299,0.4097416
295304,0.084317125
295306,0.21448956
295321,0.30946591
295339,0.23543046
295342,0.11326611
295346,0.6278942
295348,0.5854602
295354,0.10599494
295367,0.4146099
295372,0.26206154
295373,0.169923
295374,0.35568324
295387,0.13070966
295389,0.45669606
295396,0.48553345
295415,0.47675288
295418,0.34654912
295421,0.26611105
295425,0.18503948
295431,0.3159279
295434,0.22290225
295443,0.55513704
295453,0.29882836
295473,0.39081216
295476,0.23889987
295477,0.6001519
295488,0.59257025
295499,0.38024887
295504,0.098299876
295505,0.73294854
295524,0.2909131
295529,0.4338134
295533,0.36030814
295534,0.11908912
295549,0.19616497
295565,0.080784
295584,0.20511505
295585,0.27468568
295597,0.41425052
295599,0.58365303
295604,0.12270551
295616,0.40119725
295635,0.4208979
295637,0.12798531
295670,0.17014971
295678,0.27803728
295701,0.289192
295711,0.7394981
295713,0.45335236
295734,0.47278568
295739,0.27363312
295750,0.26902625
295773,0.8162884
295783,0.49503264
295787,0.11373377
295790,0.43230027
295795,0.49373046
295820,0.26891357
295821,0.23181064
295826,0.20767085
295836,0.27389798
295837,0.68680847
295842,0.33584502
295848,0.21061026
295850,0.486738
295869,0.20523259
295871,0.5643355
295873,0.4803838
295879,0.38837817
295880,0.6000372
295892,0.28410354
295904,0.78628594
295907,0.10299541
295908,0.2668485
295913,0.14103751
295918,0.49009505
295921,0.70854217
295924,0.7164885
295949,0.20769164
295953,0.2130309
295961,0.07811588
295968,0.548201
295971,0.5708728
295985,0.29461432
295986,0.46134934
295987,0.2675672
295993,0.41003013
295997,0.46498695
296005,0.4962057
296007,0.29129222
296012,0.54461884
296022,0.38201502
296024,0.11896961
296032,0.30486438
296034,0.16770282
296062,0.12887439
296070,0.21946281
296074,0.2354927
296084,0.24560131
296087,0.15760767
296088,0.37486798
296089,0.56201875
296143,0.111895636
296172,0.06327344
296183,0.42730296
296185,0.15874591
296194,0.20307584
296199,0.7336225
296204,0.52717406
296206,0.79767627
296209,0.6473882
296229,0.4498601
296239,0.032728378
296253,0.41795298
296259,0.83558995
296264,0.1148821
296270,0.8658158
296273,0.4651635
296284,0.3914798
296285,0.70533705
296287,0.265998
296288,0.35832632
296292,0.4815021
296300,0.40720892
296301,0.24080881
296321,0.84984714
296324,0.5324849
296335,0.64819664
296348,0.13691138
296354,0.27457836
296369,0.5562751
296376,0.63171273
296391,0.35309896
296393,0.17221078
296398,0.4852942
296428,0.5429648
296432,0.38781548
296433,0.2815022
296449,0.2996071
296450,0.54695535
296490,0.46339408
296498,0.35154456
296499,0.3606663
296500,0.36837727
296509,0.5817105
296514,0.1294754
296518,0.3057356
296527,0.22040106
296532,0.14753716
296541,0.18839812
296544,0.57724303
296546,0.06814973
296573,0.62757266
296578,0.31281766
296589,0.31510553
296594,0.47712404
296616,0.45333877
296623,0.23912564
296624,0.5355029
296632,0.16879478
296633,0.3173807
296639,0.5814077
296647,0.40037206
296656,0.6434894
296678,0.25610167
296679,0.41611728
296695,0.18791181
296696,0.5129709
296714,0.22861362
296721,0.47869438
296739,0.21935701
296744,0.81865793
296747,0.61610335
296758,0.37311697
296760,0.18216994
296766,0.32818833
296769,0.120871045
296776,0.26934078
296780,0.40114653
296782,0.6795078
296790,0.534401
296795,0.25660643
296801,0.063424565
296803,0.6459189
296806,0.4646035
296811,0.33253744
296813,0.10701146
296818,0.7897372
296822,0.32723412
296839,0.29015344
296848,0.22747272
296863,0.45185727
296871,0.3879814
296872,0.7327574
296877,0.44190675
296882,0.5560576
296885,0.27117363
296903,0.69640833
296906,0.5112727
296912,0.20670332
296916,0.35343003
296922,0.3718743
296926,0.6534287
296927,0.32140926
296935,0.4439984
296939,0.25985518
296942,0.53990126
296954,0.6344033
296968,0.27184877
296971,0.31120995
296984,0.4917674
297004,0.15629949
297011,0.6226827
297017,0.4285508
297019,0.78043336
297021,0.06830002
297025,0.19582544
297033,0.42404768
297038,0.7381083
297042,0.89737016
297065,0.2390278
297089,0.25584233
297093,0.6059243
297098,0.40221244
297100,0.18667866
297111,0.32516915
297115,0.58456135
297121,0.48108578
297123,0.62668794
297129,0.29479113
297132,0.11666792
297139,0.5322946
297147,0.69072545
297148,0.86261344
297161,0.7726999
297167,0.17402385
297171,0.29001212
297173,0.13182387
297179,0.09408217
297189,0.64056164
297200,0.11132956
297201,0.52981174
297220,0.45560142
297229,0.45399612
297234,0.17961526
297252,0.57843965
297266,0.6694679
297269,0.07984638
297276,0.57946545
297292,0.13550948
297300,0.64072704
297303,0.33691734
297305,0.6704093
297307,0.4453864
297313,0.60843337
297336,0.49768937
297340,0.63264847
297344,0.19274625
297349,0.08891678
297358,0.23461016
297363,0.500895
297369,0.24292122
297372,0.1106571
297380,0.6092903
297384,0.18370065
297385,0.7077346
297389,0.19107163
297390,0.42355508
297415,0.56868833
297419,0.647791
297421,0.6451206
297424,0.09940586
297431,0.39626238
297447,0.2993139
297456,0.23361409
297457,0.33414674
297463,0.18197703
297464,0.49874604
297474,0.21137385
297479,0.23575786
297480,0.77734226
297494,0.2668796
297495,0.21750537
297507,0.18516172
297514,0.18393394
297515,0.08354354
297516,0.6078626
297521,0.35457334
297534,0.42707804
297553,0.11520438
297575,0.47983852
297584,0.7385827
297586,0.24206914
297606,0.14508899
297630,0.20540527
297636,0.2609015
297646,0.34959963
297650,0.22764923
297651,0.3492919
297656,0.119406395
297675,0.43356863
297681,0.40758947
297699,0.16269325
297702,0.5523964
297712,0.42601436
297718,0.5475656
297730,0.5594275
297731,0.22686674
297745,0.23089324
297768,0.7382276
297771,0.4180108
297774,0.18204507
297781,0.172671
297786,0.6015179
297798,0.69356984
297809,0.27329412
297822,0.35106805
297828,0.19612473
297840,0.22121717
297852,0.30454406
297859,0.121781506
297868,0.3154515
297883,0.3918644
297887,0.093706936
297896,0.48387712
297898,0.27393964
297917,0.8066039
297943,0.10788818
297954,0.7034609
297965,0.20467387
297992,0.19953509
297993,0.33228666
298001,0.51522154
298005,0.5583026
298010,0.10776121
298013,0.14359537
298014,0.6602028
298015,0.63729495
298025,0.8216179
298026,0.5777164
298032,0.50381196
298039,0.6561692
298049,0.29302162
298051,0.18438776
298058,0.336637
298062,0.10732301
298070,0.56082624
298078,0.40268624
298084,0.8109848
298108,0.5566984
298113,0.2620472
298115,0.43514624
298126,0.19177888
298131,0.052552376
298134,0.37879676
298135,0.12027299
298139,0.07602209
298142,0.09381216
298152,0.1389665
298154,0.15487382
298155,0.2586115
298161,0.7970595
298165,0.6102847
298166,0.83484024
298171,0.36007482
298179,0.32945776
298182,0.2567921
298187,0.11422409
298192,0.2588118
298194,0.34652805
298213,0.6576776
298215,0.76255566
298216,0.30751383
298217,0.22516917
298223,0.5789142
298256,0.3645838
298275,0.122397006
298277,0.5023509
298279,0.19495945
298285,0.4019687
298286,0.9136912
298296,0.14695975
298309,0.63847476
298312,0.42057866
298323,0.33182934
298330,0.08615715
298340,0.38673455
298341,0.11863394
298349,0.3364923
298353,0.25867668
298363,0.560569
298367,0.2881662
298378,0.42888883
298380,0.4945112
298392,0.80231994
298395,0.35481036
298405,0.7016949
298426,0.65721095
298427,0.256136
298444,0.22169653
298450,0.13654682
298458,0.10957311
298462,0.17805693
298463,0.12333681
298479,0.31729382
298480,0.48520228
298487,0.3872559
298499,0.34783867
298500,0.283948
298506,0.31604627
298507,0.20267832
298512,0.52292323
298515,0.42826778
298517,0.48244512
298532,0.8071365
298533,0.25776035
298560,0.48715204
298564,0.36859915
298567,0.805333
298568,0.4105935
298569,0.71810293
298570,0.7829682
298579,0.39177772
298583,0.14418548
298591,0.2044093
298593,0.6403755
298600,0.15774778
298609,0.1525447
298620,0.47498035
298622,0.35858247
298628,0.11585674
298633,0.39337406
298657,0.4635169
298669,0.30392408
298671,0.50253624
298677,0.2729232
298692,0.3907061
298703,0.13808121
298705,0.10598066
298711,0.315126
298713,0.59906673
298757,0.6414277
298766,0.14688611
298768,0.6169546
298770,0.46302396
298776,0.81229234
298785,0.2716562
298787,0.31880295
298792,0.50485164
298795,0.3531337
298799,0.21274823
298806,0.6197722
298810,0.5382751
298818,0.6426173
298822,0.39316347
298823,0.17871238
298834,0.20999455
298837,0.37791917
298841,0.16908368
298845,0.374837
298852,0.39938715
298855,0.19472142
298858,0.3357648
298860,0.28734222
298861,0.10966503
298863,0.077576295
298866,0.51648057
298873,0.57324123
298880,0.53509045
298889,0.23735903
298896,0.76944906
298917,0.78397536
298929,0.3777599
298940,0.46959493
298946,0.60828054
298949,0.11515451
298966,0.40491238
298984,0.37710136
298994,0.20921634
299004,0.79951096
299012,0.28493965
299022,0.7104135
299024,0.15067856
299026,0.16435017
299035,0.27120912
299036,0.24516481
299039,0.25371426
299061,0.6589909
299064,0.3726761
299067,0.46533763
299074,0.52089244
299075,0.2192343
299078,0.5204073
299109,0.6763623
299117,0.56235987
299121,0.24921776
299127,0.5703263
299134,0.7058002
299136,0.2178633
299137,0.6672028
299139,0.79110533
299168,0.10314869
299176,0.25609735
299184,0.35544878
299188,0.3694387
299191,0.6569484
299208,0.42504486
299229,0.265805
299238,0.36423248
299241,0.6477147
299257,0.23849817
299260,0.3758341
299264,0.33232823
299279,0.4686855
299308,0.17914912
299310,0.17500336
299311,0.5011848
299317,0.62890667
299325,0.3330732
299329,0.38674083
299334,0.56794626
299335,0.4830701
299339,0.38782993
299351,0.5475613
299352,0.07915546
299365,0.447231
299393,0.4003638
299400,0.39188394
299404,0.3172441
299406,0.42587525
299410,0.5596694
299413,0.3693953
299434,0.8503821
299448,0.23053038
299463,0.46532798
299464,0.55467224
299470,0.19428757
299480,0.4928495
299488,0.13919586
299496,0.45283413
299501,0.26685572
299504,0.74442375
299532,0.31598994
299536,0.3941969
299550,0.36494753
299554,0.47509068
299564,0.49677086
299577,0.29862425
299581,0.3733682
299594,0.45650208
299632,0.12608096
299633,0.4610579
299650,0.70070565
299678,0.38144204
299682,0.12897505
299705,0.4195342
299719,0.34037995
299720,0.37609014
299724,0.66965604
299730,0.061313473
299750,0.33562374
299766,0.39394033
299774,0.63293654
299787,0.22181462
299817,0.26698878
299818,0.70375025
299826,0.20255207
299833,0.34545088
299845,0.45139426
299847,0.9068142
299850,0.48908728
299866,0.48503536
299869,0.42521343
299870,0.511456
299874,0.1612593
299877,0.71472543
299891,0.6485419
299898,0.5451731
299900,0.51663435
299904,0.2580297
299912,0.28148708
299914,0.2779527
299919,0.1617091
299931,0.28519356
299934,0.40454
299941,0.8231942
299946,0.08604229
299947,0.61717695
299972,0.6843311
299973,0.7310378
299975,0.376359
299979,0.25601912
299981,0.2810966
299983,0.71244925
299985,0.46327573
299986,0.22133642
300011,0.78550225
300013,0.29185236
300028,0.19839592
300042,0.27017754
300043,0.54380316
300058,0.6912934
300073,0.28345305
300075,0.4052404
300087,0.16631278
300090,0.16007619
300107,0.4142215
300115,0.29137495
300119,0.12222502
300122,0.8529783
300125,0.5643347
300126,0.4250299
300137,0.908365
300139,0.4171983
300145,0.6372723
300155,0.29094607
300169,0.23576295
300170,0.31212276
300175,0.18635516
300177,0.5320232
300186,0.23886247
300188,0.060983364
300194,0.32678333
300207,0.5303391
300210,0.5196443
300217,0.36848047
300221,0.1482162
300235,0.18194531
300238,0.072391756
300240,0.73483187
300241,0.21345706
300249,0.08509549
300255,0.61714625
300259,0.27380785
300272,0.33451897
300274,0.5496621
300276,0.63976973
300284,0.10126815
300293,0.1980146
300306,0.25845557
300310,0.6420718
300324,0.61167216
300339,0.122717805
300346,0.3499232
300348,0.36739886
300354,0.10769503
300356,0.1160932
300358,0.26143852
300363,0.34673557
300366,0.6871038
300368,0.5058153
300370,0.35778815
300385,0.44461942
300392,0.708099
300393,0.3688103
300403,0.5404219
300411,0.37471086
300420,0.3441003
300421,0.22150362
300435,0.74639934
300437,0.3693956
300440,0.5139897
300443,0.3525839
300456,0.6781915
300458,0.4569635
300459,0.53698146
300460,0.14122857
300462,0.40117177
300481,0.32285425
300486,0.71796423
300488,0.23179922
300503,0.42242286
300506,0.30068523
300517,0.3518946
300523,0.18863547
300525,0.16563423
300526,0.51251584
300552,0.21958557
300560,0.34608826
300570,0.22476444
300583,0.49030966
300585,0.5198894
300587,0.5758147
300598,0.5532256
300600,0.37105033
300608,0.47983468
300612,0.10738484
300618,0.3193341
300621,0.5733186
300640,0.1947321
300641,0.6340879
300651,0.44575652
300653,0.14723489
300667,0.14925034
300678,0.18856697
300680,0.40187386
300687,0.2513674
300702,0.65937644
300717,0.22526899
300722,0.15305103
300723,0.2742957
300732,0.50484455
300752,0.59356016
300761,0.7503757
300775,0.5227574
300786,0.6049144
300787,0.18362811
300788,0.22806756
300789,0.55732137
300794,0.3305885
300808,0.5093185
300834,0.13170575
300842,0.50323683
300844,0.77558386
300850,0.30905092
300851,0.65613556
300854,0.2947797
300866,0.1433866
300867,0.33583152
300868,0.49334422
300882,0.37556225
300883,0.36502388
300891,0.52325773
300894,0.111424185
300901,0.59917706
300904,0.418032
300910,0.4861053
300914,0.57430375
300918,0.27332214
300948,0.71339285
300954,0.6016408
300958,0.71826047
300959,0.24740013
300970,0.10821727
300971,0.31060663
300975,0.41000062
300981,0.45525703
300983,0.4813876
300993,0.8819356
300996,0.2371826
301001,0.18423016
301005,0.3319636
301010,0.70528185
301021,0.91688496
301026,0.22685494
301029,0.24917775
301032,0.5374594
301061,0.74340546
301073,0.06860083
301083,0.2458107
301089,0.53627235
301093,0.5535247
301098,0.17764448
301103,0.48230964
301105,0.6961437
301112,0.71492314
301120,0.15595388
301122,0.28900385
301124,0.38746592
301137,0.13395195
301169,0.37578824
301173,0.40737528
301177,0.4553994
301179,0.1743792
301180,0.6841409
301185,0.20515044
301195,0.75539756
301199,0.26394826
301201,0.366444
301206,0.39674148
301209,0.45097855
301210,0.37004444
301216,0.870855
301224,0.8616086
301226,0.2846299
301227,0.4234444
301243,0.20766574
301246,0.069298744
301248,0.2667808
301252,0.16951272
301259,0.67582047
301260,0.17648908
301267,0.18217286
301268,0.3894404
301274,0.24987775
301281,0.11732166
301287,0.15077122
301288,0.26245543
301299,0.21423511
301304,0.29402646
301325,0.4433901
301327,0.4374355
301331,0.81409097
301332,0.15062504
301336,0.29871032
301345,0.7968345
301360,0.10636085
301364,0.49508703
301389,0.27803308
301415,0.14533547
301421,0.76306885
301422,0.33540958
301424,0.3131227
301426,0.26788098
301433,0.3942918
301459,0.69605273
301460,0.59309006
301478,0.36737952
301483,0.2171588
301493,0.14457664
301494,0.07636723
301503,0.27554527
301510,0.61443627
301516,0.20266908
301530,0.3529292
301531,0.31114656
301549,0.08340345
301550,0.42898062
301555,0.41029462
301573,0.18911532
301588,0.16102286
301593,0.5204308
301613,0.4942899
301625,0.69301426
301643,0.4375387
301650,0.14329663
301651,0.5066494
301652,0.27987254
301653,0.45992857
301665,0.17649908
301684,0.37764627
301686,0.7651504
301694,0.3999884
301697,0.25230098
301698,0.40992737
301717,0.17398144
301725,0.1188201
301728,0.4189579
301734,0.09659197
301749,0.50592965
301761,0.75455594
301766,0.46726617
301775,0.6269978
301782,0.3748067
301784,0.547661
301787,0.35323635
301789,0.54802865
301790,0.51988167
301804,0.6455015
301806,0.27525765
301817,0.35145158
301826,0.14156309
301837,0.2911432
301842,0.30898938
301848,0.26811168
301859,0.62328357
301860,0.3031364
301867,0.52397406
301877,0.13824993
301883,0.29329014
301902,0.30849713
301908,0.26156935
301916,0.22726384
301920,0.32231456
301921,0.24372226
301931,0.11083828
301939,0.42079398
301941,0.39079398
301943,0.13828377
301949,0.21162196
301955,0.41619903
301963,0.24233368
301968,0.24812147
301975,0.5007694
301988,0.30313596
302000,0.2849863
302005,0.20783599
302007,0.351064
302016,0.65239507
302028,0.1303463
302038,0.33224192
302043,0.106300294
302051,0.23783165
302056,0.1264854
302063,0.3681594
302072,0.22648188
302074,0.5165353
302080,0.18503511
302093,0.50172585
302096,0.4900135
302123,0.09792574
302125,0.11808993
302128,0.2784043
302145,0.5687716
302146,0.51490027
302160,0.6103846
302166,0.45387256
302174,0.14450903
302175,0.30450162
302186,0.83964825
302190,0.45917147
302202,0.48583996
302207,0.41436616
302211,0.23124896
302215,0.23557293
302216,0.29450783
302217,0.13128173
302225,0.7945204
302231,0.40924025
302233,0.19636315
302259,0.16237149
302263,0.41841766
302281,0.43747368
302285,0.2544533
302288,0.37166882
302292,0.8381271
302303,0.55523527
302306,0.43887475
302309,0.4583504
302332,0.13194577
302341,0.08406611
302350,0.67255527
302352,0.52189916
302356,0.59572035
302361,0.3150968
302364,0.67800355
302373,0.20035075
302378,0.36966062
302385,0.28648278
302389,0.53592783
302393,0.67097867
302403,0.3187401
302422,0.17423034
302425,0.37224576
302431,0.7989295
302443,0.35820326
302448,0.12664449
302449,0.44329464
302455,0.44540328
302460,0.15054207
302462,0.22549827
302466,0.4045024
302467,0.4635707
302470,0.41039342
302472,0.39445803
302480,0.5781408
302481,0.21818587
302491,0.3932208
302494,0.107188545
302503,0.7490962
302504,0.6128771
302507,0.748862
302527,0.24270812
302571,0.69856155
302580,0.65292174
302583,0.35681945
302591,0.091907464
302601,0.34253445
302613,0.38894263
302621,0.2852399
302638,0.19062227
302639,0.49628258
302655,0.36688593
302670,0.3576819
302673,0.78683656
302675,0.28208444
302691,0.35383612
302701,0.26227653
302705,0.11382062
302727,0.38992152
302750,0.21795252
302751,0.35312104
302757,0.5580801
302758,0.7431993
302761,0.7779449
302767,0.6264618
302787,0.37463138
302797,0.18797523
302799,0.72231406
302800,0.41682816
302815,0.2784229
302826,0.81251043
302827,0.09098025
302842,0.07629869
302856,0.21002835
302877,0.38842753
302879,0.38947353
302881,0.25979984
302882,0.5492978
302885,0.46229678
302905,0.18235739
302911,0.12738672
302916,0.50653917
302919,0.6448664
302947,0.3176953
302957,0.5222564
302968,0.26271394
302978,0.507374
302984,0.4699159
302991,0.082989395
303007,0.41937295
303010,0.23154752
303012,0.7629264
303013,0.78806156
303024,0.33510548
303027,0.5007426
303034,0.14942314
303036,0.4970068
303037,0.35866013
303050,0.25389376
303060,0.61802655
303062,0.16759105
303066,0.15755884
303068,0.63247335
303077,0.8062676
303080,0.1274283
303082,0.27827322
303083,0.21888271
303085,0.46184656
303087,0.2777306
303089,0.29553387
303103,0.1779975
303105,0.15608782
303106,0.47207895
303120,0.39485344
303121,0.11096497
303127,0.43599862
303130,0.3695321
303142,0.10531639
303162,0.5839284
303169,0.44155648
303189,0.11901471
303220,0.2747505
303222,0.5491185
303223,0.26647335
303227,0.28622234
303262,0.37334055
303264,0.3136455
303277,0.39904624
303288,0.13611178
303292,0.3709679
303294,0.673858
303301,0.8013206
303312,0.42517477
303328,0.54692227
303330,0.1777232
303347,0.2917652
303354,0.09471829
303356,0.03366554
303362,0.22412479
303377,0.47438505
303386,0.45841914
303393,0.11037562
303397,0.31717205
303403,0.6118838
303413,0.07644408
303416,0.42323837
303428,0.3402421
303429,0.55429596
303432,0.3461505
303446,0.70213693
303455,0.680242
303464,0.25457028
303465,0.14066842
303473,0.5129721
303476,0.4594852
303479,0.3788762
303482,0.15658489
303484,0.39547879
303492,0.38246855
303493,0.68673295
303497,0.3178802
303498,0.43510997
303499,0.21374202
303509,0.11067794
303513,0.31455028
303524,0.09198362
303525,0.71013063
303540,0.31878787
303544,0.22713742
303548,0.32758972
303551,0.3667798
303569,0.38178775
303584,0.33050227
303592,0.65150136
303602,0.50490177
303607,0.42633146
303619,0.3902992
303630,0.19882883
303643,0.85696936
303644,0.6198766
303670,0.35622674
303671,0.2668362
303678,0.3367826
303689,0.13276997
303698,0.27021506
303702,0.24508326
303704,0.35500434
303711,0.13074796
303727,0.36303967
303728,0.087034
303741,0.7344847
303752,0.17532957
303755,0.24917187
303777,0.2703507
303790,0.7254161
303798,0.28202507
303804,0.8056574
303812,0.2989386
303814,0.48427764
303817,0.837977
303818,0.4987595
303848,0.36602673
303850,0.16764534
303854,0.14980894
303857,0.16267261
303860,0.2054657
303870,0.6634731
303877,0.12174631
303884,0.49358177
303893,0.12017764
303899,0.24186552
303900,0.77448344
303902,0.470804
303906,0.5895953
303920,0.75279886
303937,0.22513494
303939,0.1855345
303941,0.19919226
303962,0.23112653
303963,0.5119681
303971,0.4378439
303978,0.32177332
303980,0.59410006
303986,0.5696673
304018,0.6259562
304025,0.15229343
304027,0.15710431
304028,0.71861845
304029,0.26009127
304030,0.18816093
304035,0.24998507
304040,0.61234075
304058,0.4555187
304083,0.35742387
304089,0.8239435
304092,0.4237156
304093,0.2825385
304100,0.122249
304121,0.48589388
304142,0.3752045
304154,0.3846673
304158,0.7011403
304164,0.30479127
304173,0.77880734
304175,0.35432214
304182,0.14330281
304194,0.26216665
304201,0.22367762
304202,0.32316256
304206,0.30035883
304210,0.2743362
304226,0.031887636
304237,0.2697328
304256,0.54448056
304257,0.26108116
304265,0.1505303
304271,0.658729
304274,0.34089255
304286,0.48433816
304292,0.5123582
304299,0.3751321
304350,0.3503411
304352,0.21302521
304355,0.1622541
304360,0.37598726
304361,0.5292627
304363,0.5271597
304375,0.5660058
304378,0.2191779
304382,0.63968074
304385,0.77704614
304386,0.52760017
304387,0.46907464
304388,0.20045455
304391,0.61706924
304398,0.36813924
304406,0.33283922
304420,0.2918695
304431,0.3543592
304436,0.9163208
304438,0.08621314
304440,0.278627
304441,0.1708318
304450,0.27289885
304451,0.8231747
304454,0.53740567
304462,0.6696541
304466,0.40405485
304469,0.7894355
304472,0.25071788
304475,0.82464224
304481,0.21822034
304483,0.2957668
304485,0.47740537
304486,0.17174624
304504,0.49094164
304505,0.3110352
304512,0.31080404
304516,0.66955143
304517,0.10139635
304528,0.22929001
304530,0.4497102
304536,0.12059709
304549,0.13357465
304552,0.65647995
304554,0.506883
304581,0.32198545
304593,0.20192602
304596,0.7327741
304604,0.2721323
304610,0.49654815
304614,0.3693806
304628,0.71578157
304629,0.21634322
304637,0.3757404
304644,0.15942496
304654,0.34056017
304664,0.7789991
304676,0.24682543
304680,0.3384124
304687,0.14636853
304696,0.43126625
304698,0.5044093
304700,0.35672146
304703,0.6350874
304704,0.16927338
304710,0.48375335
304717,0.41228598
304729,0.73843104
304732,0.23853385
304736,0.1223084
304738,0.4205398
304756,0.23826662
304771,0.14550307
304773,0.13924058
304776,0.39000347
304778,0.16229971
304779,0.6080616
304780,0.16725676
304790,0.5865549
304793,0.1346092
304805,0.74218196
304811,0.16782716
304825,0.38068247
304828,0.5780497
304829,0.5457442
304842,0.5392435
304851,0.40129626
304857,0.3149683
304884,0.5237369
304891,0.23365167
304897,0.5479448
304898,0.46914095
304905,0.28313857
304907,0.47214064
304917,0.20642288
304931,0.21969876
304935,0.17583016
304942,0.5171141
304954,0.7780136
304959,0.11857584
304968,0.43800744
304971,0.29057193
304977,0.32068256
304982,0.3639305
304985,0.15530516
304991,0.30981964
304992,0.6371641
304997,0.6778431
305004,0.35408345
305008,0.20459238
305019,0.325676
305020,0.53908765
305025,0.17976277
305037,0.19262777
305046,0.74027395
305056,0.269509
305062,0.21864556
305064,0.7367679
305065,0.25455087
305076,0.6144156
305108,0.35377303
305110,0.13152453
305115,0.6252693
305121,0.75706553
305125,0.18079643
305141,0.22870907
305151,0.1275323
305159,0.2612885
305162,0.30722684
305165,0.3781237
305174,0.38080737
305178,0.47344625
305180,0.5126045
305182,0.28406072
305183,0.19705616
305194,0.31303263
305199,0.7321923
305210,0.40810078
305214,0.8209544
305215,0.22628447
305218,0.4420653
305225,0.20302449
305229,0.16345589
305231,0.03555089
305233,0.19813794
305237,0.16424932
305260,0.14349046
305261,0.5144256
305278,0.5146925
305286,0.57260114
305293,0.1370414
305300,0.1438778
305301,0.74256414
305326,0.65893006
305334,0.32712826
305340,0.5018144
305348,0.3461653
305352,0.37695003
305359,0.2660422
305360,0.041421186
305362,0.37296495
305383,0.071935154
305406,0.29167527
305408,0.5043487
305412,0.5894869
305413,0.3380873
305414,0.74307984
305417,0.20228647
305421,0.24478032
305422,0.25966308
305447,0.18551877
305448,0.6566303
305450,0.19899757
305452,0.27667308
305459,0.21407361
305460,0.4465117
305474,0.2775368
305475,0.14075682
305481,0.6676143
305494,0.38643923
305503,0.6767889
305507,0.17735907
305508,0.62248576
305513,0.49835682
305518,0.35352397
305523,0.57440764
305526,0.6178427
305529,0.33336386
305532,0.48277703
305543,0.7790224
305555,0.15133327
305562,0.15169103
305571,0.11885868
305578,0.7206515
305579,0.03927385
305584,0.38510892
305603,0.20620339
305620,0.8289551
305626,0.48403123
305636,0.33857596
305640,0.4125598
305653,0.30658522
305662,0.50204164
305663,0.28185648
305667,0.31558877
305683,0.46457264
305698,0.1961667
305699,0.42167315
305707,0.44491288
305717,0.6509032
305723,0.15950087
305735,0.3436495
305738,0.69578224
305746,0.33925802
305766,0.47132382
305773,0.059086714
305776,0.188248
305777,0.18038513
305809,0.291069
305813,0.29892516
305816,0.3322681
305820,0.3030313
305826,0.731159
305838,0.6208948
305839,0.25250345
305846,0.6736052
305861,0.42927364
305863,0.65845585
305869,0.24615735
305872,0.26418754
305876,0.17259353
305881,0.68739194
305887,0.30665788
305894,0.23766552
305898,0.18416728
305905,0.16663097
305908,0.24128287
305914,0.62120664
305915,0.12539008
305922,0.12160762
305938,0.72439533
305946,0.304298
305956,0.20916516
305963,0.15696497
305965,0.21097152
305988,0.3524286
305990,0.22985047
305991,0.43977067
305994,0.247306
305998,0.2955224
306003,0.21770296
306012,0.1887171
306016,0.24429415
306021,0.5895606
306025,0.36734924
306030,0.7259149
306047,0.21537243
306051,0.3563679
306063,0.727785
306066,0.4007461
306069,0.2605628
306074,0.45003653
306091,0.35900855
306094,0.47985005
306095,0.21885295
306114,0.47132573
306116,0.12805443
306121,0.19803505
306127,0.73319477
306128,0.41884318
306133,0.28775275
306142,0.3596935
306144,0.3306102
306150,0.31443766
306153,0.139986
306156,0.49303257
306159,0.7933078
306161,0.1535445
306173,0.3147828
306175,0.38057265
306193,0.4645036
306194,0.3665232
306198,0.57703054
306203,0.4835985
306209,0.610385
306212,0.09352593
306216,0.8239623
306233,0.13631672
306247,0.37693867
306264,0.32940876
306267,0.32458463
306293,0.22289631
306302,0.8602791
306305,0.087025195
306311,0.28046793
306345,0.23885635
306357,0.24396001
306368,0.11075129
306372,0.85948384
306378,0.78038734
306389,0.14502095
306398,0.43143415
306414,0.7247832
306419,0.31466812
306437,0.20970392
306438,0.4960341
306441,0.66158324
306443,0.3929477
306450,0.4659424
306464,0.40303284
306468,0.7375818
306469,0.1089731
306484,0.45121258
306527,0.22161658
306538,0.40697166
306547,0.7512107
306554,0.62726986
306557,0.69253415
306560,0.22499658
306561,0.30766973
306565,0.130025
306569,0.286421
306576,0.4564694
306587,0.33327946
306604,0.3335353
306624,0.21838984
306625,0.7898491
306628,0.596096
306647,0.6509493
306651,0.24963647
306658,0.3362754
306660,0.7648518
306664,0.2856117
306670,0.8157233
306699,0.50045276
306701,0.30418405
306712,0.15981703
306716,0.4349206
306727,0.3111343
306729,0.45942625
306735,0.08198424
306739,0.2717684
306756,0.5573957
306757,0.30476815
306767,0.39073613
306775,0.34264535
306795,0.34736022
306799,0.6119449
306800,0.24112844
306805,0.43096283
306812,0.2180638
306820,0.32641456
306840,0.42149422
306845,0.5349987
306848,0.16715221
306856,0.5111041
306862,0.48446026
306863,0.3364058
306868,0.8881846
306873,0.5103858
306876,0.5769541
306893,0.07995944
306896,0.65104204
306899,0.22445574
306907,0.62650776
306908,0.33902827
306917,0.6048222
306927,0.50213516
306930,0.03789008
306935,0.4283733
306942,0.36976436
306951,0.23829347
306961,0.45208046
306970,0.8080303
306972,0.7841213
306973,0.19295876
306976,0.2285789
306978,0.49420303
306990,0.55587864
306992,0.70970607
306995,0.2264084
307001,0.82544357
307004,0.9152106
307005,0.68341625
307006,0.11082833
307010,0.19609825
307011,0.48151988
307014,0.06533298
307016,0.3571603
307022,0.18014008
307027,0.7692091
307052,0.27625138
307061,0.37498373
307072,0.8758931
307078,0.05444749
307111,0.09076104
307112,0.18529774
307134,0.7069031
307143,0.47406843
307147,0.2360589
307148,0.46617404
307162,0.4614255
307166,0.079352215
307168,0.44568887
307174,0.14297917
307177,0.08869227
307197,0.4875134
307198,0.37420544
307199,0.48820218
307205,0.391387
307207,0.2627049
307210,0.11155596
307212,0.17893246
307223,0.1583287
307224,0.14261462
307236,0.6819043
307241,0.57309896
307242,0.5197009
307259,0.50414467
307271,0.6648654
307274,0.3668198
307281,0.4317101
307288,0.44711268
307294,0.22198813
307302,0.39499593
307308,0.22837646
307313,0.4181782
307344,0.5317037
307350,0.3932076
307366,0.36944228
307372,0.15966262
307373,0.4668901
307374,0.22114924
307378,0.18503448
307384,0.36674178
307398,0.34069493
307406,0.31407377
307416,0.25102675
307420,0.36725062
307424,0.23873301
307427,0.31317312
307429,0.2984135
307436,0.2656494
307456,0.5393413
307491,0.3089872
307494,0.26439923
307496,0.15517335
307500,0.32584733
307504,0.58204454
307509,0.59081334
307511,0.80012566
307520,0.22175317
307527,0.20663701
307537,0.4520084
307539,0.33618474
307558,0.47923434
307561,0.3442909
307575,0.699777
307577,0.31441057
307588,0.18096112
307636,0.49334514
307639,0.69505626
307641,0.15226027
307646,0.6680758
307653,0.48307928
307661,0.85773164
307669,0.4149676
307674,0.18658744
307678,0.2808613
307691,0.22013588
307697,0.40104255
307699,0.26078832
307702,0.1801811
307708,0.2542269
307712,0.5574476
307716,0.23478156
307729,0.1714392
307753,0.5221201
307765,0.89599967
307781,0.62157035
307787,0.4772298
307788,0.2939319
307798,0.2929143
307799,0.42149597
307800,0.44654468
307801,0.7073288
307804,0.2485756
307816,0.6048373
307820,0.07429113
307824,0.42548078
307828,0.13848186
307832,0.3821169
307836,0.37677994
307842,0.38854334
307851,0.8758037
307856,0.16352102
307861,0.28610647
307879,0.4894279
307904,0.58531576
307911,0.4208429
307912,0.05109685
307913,0.78924936
307922,0.1375206
307924,0.4028337
307925,0.50073004
307929,0.41665298
307933,0.78215206
307945,0.26452222
307948,0.19060555
307961,0.7441281
307962,0.29644987
307963,0.30248716
307971,0.4804703
307983,0.45912287
307984,0.6406138
307988,0.5611464
307993,0.3943436
307994,0.39206696
308007,0.69641525
308008,0.31264028
308095,0.09444943
308096,0.5651465
308100,0.18245526
308114,0.38088763
308116,0.8600333
308120,0.31144676
308128,0.42630166
308132,0.44897363
308134,0.5352056
308140,0.47583044
308142,0.6957162
308164,0.14722332
308168,0.70355535
308169,0.6974693
308171,0.5561379
308176,0.25855383
308177,0.27250016
308179,0.2525635
308180,0.78827286
308184,0.30468917
308188,0.5832675
308189,0.043034814
308190,0.25058496
308200,0.6287636
308210,0.43676382
308211,0.65408343
308218,0.51886404
308220,0.14556198
308228,0.17916207
308231,0.28476843
308236,0.17978746
308247,0.22004038
308251,0.42928946
308260,0.31173846
308266,0.33005434
308267,0.12109245
308280,0.8346867
308298,0.19401582
308301,0.10910174
308309,0.39500168
308312,0.6401379
308325,0.47051284
308334,0.7289644
308339,0.33114776
308346,0.7176027
308359,0.46555477
308360,0.36033696
308380,0.43145302
308391,0.49951077
308403,0.100707136
308408,0.41110095
308410,0.7186395
308415,0.6537047
308420,0.20256633
308427,0.2637398
308442,0.18776608
308447,0.8145311
308462,0.24652909
308464,0.48753572
308465,0.3737153
308467,0.6987346
308468,0.41270292
308476,0.26521626
308488,0.5607167
308498,0.28558102
308504,0.23363769
308507,0.11358775
308509,0.20202555
308521,0.4935056
308536,0.49917772
308537,0.24803425
308543,0.23515376
308547,0.23626761
308559,0.44662446
308565,0.5654632
308569,0.58437496
308584,0.12427565
308591,0.6636869
308608,0.1637026
308610,0.2630967
308613,0.22096457
308618,0.34443748
308623,0.19405945
308632,0.20660566
308636,0.46538994
308641,0.23558238
308643,0.3075164
308664,0.5034848
308678,0.19283359
308679,0.4577292
308691,0.23204611
308692,0.50442517
308701,0.27494806
308709,0.672846
308711,0.579916
308719,0.49018887
308723,0.2238398
308727,0.52944434
308732,0.41598696
308738,0.06638575
308747,0.056679353
308749,0.28684264
308755,0.26963052
308756,0.6481909
308761,0.060870916
308779,0.32660866
308780,0.5699035
308784,0.3401384
308789,0.45521954
308807,0.17237966
308818,0.8270763
308819,0.3649362
308822,0.84856266
308827,0.19766095
308831,0.4036222
308833,0.2515132
308842,0.3818194
308868,0.114033885
308871,0.21829624
308881,0.14880164
308889,0.30029404
308892,0.34609565
308900,0.28045866
308903,0.19694085
308912,0.58717155
308916,0.460995
308919,0.5208127
308920,0.3025517
308921,0.21104135
308928,0.2016898
308929,0.77849865
308934,0.46065578
308940,0.5613932
308941,0.18190823
308946,0.16097999
308956,0.5295646
308958,0.22339328
308963,0.1272555
308965,0.2057464
308971,0.30639768
308977,0.26540008
308985,0.20698485
308987,0.37471393
308995,0.44315815
309005,0.33297166
309007,0.75305885
309015,0.07523477
309016,0.51692784
309018,0.3064379
309019,0.35816586
309035,0.33356625
309042,0.39318115
309044,0.13677973
309052,0.65535784
309061,0.33943015
309064,0.45185935
309072,0.48195523
309075,0.50858855
309083,0.2573951
309099,0.6821184
309124,0.19276628
309125,0.37971178
309146,0.118969254
309159,0.16780972
309161,0.26534614
309168,0.61407846
309180,0.22600983
309185,0.51761544
309195,0.40343374
309198,0.14988832
309200,0.48308283
309202,0.54212403
309204,0.45961723
309213,0.7313666
309227,0.50574297
309234,0.2509662
309241,0.36938754
309242,0.41538882
309244,0.48211423
309246,0.5430493
309250,0.35059693
309251,0.73546517
309274,0.6724088
309276,0.520804
309280,0.6237804
309298,0.7780513
309301,0.57717425
309302,0.19713283
309326,0.3251895
309335,0.22245115
309341,0.30097124
309343,0.39840394
309344,0.39548683
309354,0.3311705
309362,0.3440859
309399,0.43727753
309406,0.5438931
309409,0.32547802
309411,0.5627788
309418,0.7921839
309421,0.40424874
309435,0.18007255
309443,0.73153204
309455,0.61752874
309462,0.5674363
309473,0.62582225
309476,0.8523023
309478,0.11345582
309493,0.18903081
309502,0.47791886
309508,0.75551754
309526,0.6056621
309536,0.061741617
309544,0.14917882
309547,0.55322045
309555,0.14068678
309562,0.20326069
309569,0.48020005
309574,0.63185537
309577,0.11832179
309578,0.49953052
309579,0.44179997
309585,0.18616039
309588,0.23990016
309603,0.5402812
309604,0.20591988
309617,0.58725834
309620,0.18790025
309623,0.27780232
309648,0.7086565
309665,0.4892613
309682,0.2859948
309694,0.2349553
309702,0.3781406
309711,0.15288372
309713,0.5412809
309729,0.06983611
309735,0.10711553
309744,0.35146224
309749,0.51851445
309750,0.1874723
309759,0.35859492
309761,0.36520588
309770,0.54290384
309776,0.2647799
309777,0.1536546
309789,0.14747009
309790,0.082276784
309800,0.37516677
309813,0.3579627
309814,0.5029121
309815,0.7461747
309825,0.3971365
309826,0.22861251
309829,0.26773092
309831,0.08275596
309837,0.088079825
309846,0.4617023
309849,0.64120716
309855,0.31632248
309860,0.6413976
309879,0.15986542
309882,0.72128177
309887,0.4065935
309892,0.4214079
309895,0.3179188
309902,0.1837371
309915,0.34354523
309923,0.18866765
309941,0.8032384
309942,0.5525117
309945,0.25175494
309950,0.58845884
309955,0.3386304
309963,0.26362163
309964,0.33855972
309967,0.7249448
309969,0.5437185
309971,0.144661
309978,0.642718
309987,0.64692175
309990,0.70746773
309992,0.44728708
309993,0.44246
310010,0.40552378
310012,0.33320224
310017,0.12102778
310018,0.29260314
310022,0.53108436
310031,0.14248972
310033,0.3280172
310034,0.4478852
310038,0.50085545
310044,0.7196578
310062,0.29845116
310071,0.29371902
310075,0.3381725
310082,0.53441435
310093,0.6125647
310101,0.06655162
310106,0.12010052
310118,0.73567593
310123,0.3157455
310126,0.10734063
310130,0.19626515
310141,0.391726
310145,0.64387065
310148,0.46309742
310150,0.3231341
310159,0.60977423
310162,0.30838752
310163,0.5511271
310166,0.060128644
310167,0.11574732
310170,0.60010666
310181,0.19568045
310187,0.47939408
310191,0.054159075
310192,0.3067016
310197,0.51258737
310200,0.16427591
310201,0.5273695
310203,0.12870015
310204,0.13076025
310213,0.28587902
310215,0.47274306
310218,0.75165564
310236,0.63943183
310238,0.16470712
310241,0.43283144
310245,0.72449124
310252,0.3713305
310259,0.27755395
310260,0.6325388
310261,0.18454048
310262,0.24323325
310274,0.23503791
310294,0.82855767
310296,0.6848206
310298,0.25504315
310306,0.22749384
310307,0.5283019
310316,0.14479798
310329,0.571694
310338,0.47232366
310342,0.48824325
310343,0.6600186
310360,0.43369183
310362,0.92981917
310378,0.30913782
310379,0.16424057
310383,0.33737913
310385,0.35852227
310387,0.53255016
310388,0.24587105
310400,0.20597793
310408,0.5466655
310414,0.5426515
310423,0.104613096
310424,0.6230162
310428,0.67824066
310432,0.41717023
310456,0.18531793
310463,0.79914373
310475,0.4118909
310476,0.49821687
310482,0.25484726
310485,0.26760146
310490,0.2432687
310496,0.13848104
310505,0.6155808
310519,0.1778587
310546,0.53055006
310547,0.23209321
310553,0.31345946
310555,0.12711851
310556,0.90833825
310568,0.07509029
310573,0.42185056
310574,0.17594157
310577,0.23748814
310580,0.4605972
310581,0.23233177
310583,0.57760394
310586,0.22580539
310591,0.26098615
310598,0.18998866
310606,0.52981937
310628,0.15217789
310634,0.53697866
310638,0.62802714
310646,0.13039574
310648,0.66815895
310654,0.13624647
310659,0.5884607
310663,0.41305733
310669,0.22290441
310670,0.5840784
310674,0.41851246
310691,0.52023596
310693,0.35303336
310702,0.19664785
310706,0.34737912
310709,0.1903844
310711,0.6045381
310720,0.6729345
310739,0.74802196
310742,0.7116374
310743,0.3460019
310752,0.40302643
310753,0.7089455
310757,0.80166405
310763,0.1737679
310764,0.24043787
310769,0.13208114
310771,0.6019754
310775,0.07203299
310779,0.42382786
310781,0.47132048
310784,0.23203152
310793,0.42184788
310794,0.20985623
310816,0.665563
310823,0.37493995
310837,0.273909
310856,0.22789712
310865,0.39438254
310866,0.38049716
310872,0.50347704
310877,0.87495166
310879,0.43494803
310883,0.2437333
310884,0.77076155
310908,0.14411521
310928,0.10907695
310935,0.103045076
310954,0.30546716
310964,0.74325156
310971,0.41043895
310972,0.5411729
310983,0.467194
310988,0.11459778
310994,0.40046048
311003,0.22471651
311020,0.33515245
311024,0.41112372
311037,0.3221037
311064,0.3919867
311070,0.18690546
311086,0.7116486
311087,0.50257444
311108,0.062448326
311110,0.27973518
311115,0.27216378
311116,0.84171414
311117,0.17082605
311128,0.59412694
311136,0.43839327
311146,0.14730015
311155,0.56731427
311157,0.2818808
311159,0.5728234
311170,0.7233238
311184,0.26553065
311199,0.08148024
311208,0.47545525
311209,0.30606258
311220,0.7427004
311230,0.1574118
311233,0.11514189
311241,0.55848265
311261,0.09199515
311262,0.18477453
311268,0.19741687
311277,0.42718706
311296,0.47631487
311298,0.18983795
311310,0.7951314
311313,0.68834966
311316,0.7059953
311324,0.14553271
311327,0.26889363
311331,0.368143
311335,0.13161993
311343,0.28679505
311346,0.2543573
311357,0.56390494
311358,0.12645406
311365,0.15458421
311370,0.23226127
311376,0.28038216
311380,0.6234034
311393,0.086463876
311399,0.28852934
311404,0.37625727
311409,0.17519875
311425,0.4061353
311436,0.3124475
311455,0.23919454
311459,0.6172524
311475,0.6046802
311499,0.63276273
311509,0.16397144
311518,0.0744187
311535,0.4346748
311536,0.11523155
311540,0.6037313
311542,0.6604508
311552,0.8722315
311562,0.76768756
311580,0.07215205
311583,0.48194006
311588,0.72436327
311595,0.25742555
311601,0.38186473
311605,0.3443441
311609,0.8133979
311612,0.59528345
311621,0.51932484
311623,0.13035266
311625,0.61847216
311636,0.29947266
311637,0.2364311
311646,0.5255367
311648,0.12576082
311654,0.40067738
311663,0.4136562
311676,0.54925585
311679,0.2781637
311683,0.5485489
311685,0.25087774
311691,0.32049045
311695,0.17653367
311700,0.1430287
311710,0.3692577
311714,0.27850935
311716,0.50912446
311725,0.34335437
311727,0.57353824
311728,0.2054232
311737,0.604172
311738,0.33917275
311743,0.5945831
311746,0.16600291
311747,0.4973981
311761,0.7701817
311765,0.14178206
311773,0.2650424
311776,0.2432629
311786,0.8541033
311801,0.4374984
311820,0.3124448
311822,0.7219523
311829,0.21423325
311835,0.29287207
311846,0.42330644
311851,0.633587
311854,0.20586485
311872,0.12619083
311875,0.20693682
311888,0.5111226
311916,0.5283935
311928,0.26829845
311931,0.33764055
311933,0.7481453
311934,0.10051049
311948,0.16907473
311949,0.6444559
311950,0.2961327
311952,0.5544378
311954,0.5209687
311962,0.60986245
311965,0.28211483
311968,0.6159462
311976,0.5709859
311977,0.23541181
311983,0.33022562
311989,0.11593794
311996,0.6039706
311999,0.23087956
312007,0.7955076
312022,0.55427593
312023,0.5069287
312034,0.34084713
312042,0.10338327
312049,0.18410364
312077,0.36751404
312088,0.43944594
312091,0.6543186
312114,0.34673363
312115,0.42495364
312117,0.67537135
312119,0.78147346
312126,0.8545752
312127,0.23579237
312134,0.68886477
312164,0.25169158
312176,0.29113433
312178,0.26391867
312184,0.13572547
312185,0.64538676
312186,0.33545992
312191,0.37279764
312197,0.26972595
312213,0.8485683
312223,0.7021299
312224,0.77689385
312225,0.41993028
312226,0.5430324
312231,0.04959671
312239,0.6472448
312251,0.37682047
312271,0.096880965
312278,0.22898442
312281,0.1444309
312289,0.22697586
312291,0.28581402
312301,0.11873429
312302,0.25026163
312316,0.46697053
312324,0.2620605
312338,0.062144436
312361,0.08883656
312363,0.7315276
312368,0.112442315
312382,0.20259784
312384,0.5267487
312390,0.27448815
312395,0.4636301
312396,0.60458094
312400,0.40375358
312406,0.5742432
312412,0.093653314
312414,0.7139452
312417,0.3507302
312425,0.64506054
312428,0.1706109
312431,0.6658851
312437,0.77711636
312442,0.21764189
312451,0.60139924
312460,0.373118
312464,0.579794
312466,0.10313834
312470,0.3200822
312473,0.5719018
312490,0.23005415
312493,0.7016573
312503,0.2104284
312509,0.7505062
312520,0.36548865
312528,0.089414336
312543,0.38678765
312544,0.3926129
312553,0.13388665
312558,0.3234094
312565,0.5329809
312568,0.6881501
312579,0.21243815
312581,0.5058994
312582,0.47990164
312596,0.49287748
312597,0.09971589
312598,0.24163856
312617,0.75195307
312627,0.53115124
312635,0.17539619
312637,0.54723495
312639,0.17680225
312640,0.80738384
312642,0.742805
312651,0.3126729
312663,0.34488022
312668,0.44186625
312685,0.38153338
312691,0.4165983
312693,0.45938927
312710,0.60807705
312711,0.2579981
312712,0.14835969
312720,0.32488397
312746,0.7134551
312763,0.13211305
312770,0.50108916
312791,0.6773944
312795,0.3848258
312796,0.27635732
312797,0.64456785
312804,0.2551877
312812,0.21931134
312813,0.1569908
312825,0.31088275
312827,0.629074
312841,0.32798994
312842,0.8689465
312845,0.16131186
312856,0.23017131
312866,0.23399155
312870,0.77983725
312879,0.4880166
312895,0.14572136
312901,0.34664077
312909,0.25053394
312910,0.25364766
312916,0.33198592
312926,0.41523257
312942,0.6614839
312946,0.5293869
312950,0.42150718
312952,0.4387471
312963,0.16238067
312968,0.7172392
312976,0.29284933
312980,0.5990266
312984,0.45681217
312987,0.4984236
312994,0.20859802
312996,0.5132779
312997,0.5447028
313019,0.19831656
313020,0.15848629
313028,0.27644196
313041,0.6898508
313045,0.1571989
313048,0.5314801
313052,0.58415043
313062,0.3814678
313063,0.4910573
313066,0.35004136
313071,0.39085856
313085,0.18684009
313099,0.909336
313109,0.6451662
313131,0.14094804
313139,0.4363921
313141,0.21327706
313142,0.736334
313145,0.7945656
313153,0.4749128
313157,0.12842767
313161,0.45427576
313165,0.47494727
313179,0.58426833
313208,0.6703597
313228,0.74465454
313236,0.2518536
313243,0.14690094
313245,0.14674413
313249,0.26873118
313275,0.22334972
313276,0.3348055
313280,0.2429944
313284,0.79607475
313285,0.35455877
313292,0.11354035
313297,0.46207055
313304,0.20373695
313322,0.21063653
313323,0.41746023
313325,0.03960752
313326,0.29392377
313334,0.30469102
313336,0.33090836
313337,0.7277566
313339,0.4560172
313340,0.61390924
313341,0.73657346
313343,0.6816339
313346,0.67309725
313348,0.84353805
313359,0.27320567
313365,0.3895981
313375,0.73938394
313381,0.32918417
313382,0.11998173
313389,0.2669347
313390,0.095436476
313391,0.6969403
313410,0.71247196
313416,0.23456292
313417,0.42573032
313426,0.5558313
313429,0.3539788
313469,0.23111655
313479,0.15249045
313485,0.68430537
313494,0.03230861
313496,0.27566633
313501,0.35385537
313506,0.31501666
313521,0.22368234
313524,0.4915642
313538,0.41258663
313550,0.58799165
313557,0.38572976
313573,0.1898113
313583,0.17260924
313592,0.3549105
313602,0.1679563
313604,0.5873197
313606,0.7560019
313617,0.54561126
313622,0.19905856
313625,0.5182357
313638,0.2146224
313639,0.26449054
313645,0.58148164
313655,0.2552724
313656,0.9431434
313663,0.2602969
313669,0.51037335
313670,0.3195624
313676,0.4557226
313689,0.87541854
313699,0.1578603
313711,0.1531142
313720,0.52653843
313731,0.82404304
313736,0.7477735
313741,0.25521472
313744,0.40421236
313749,0.7534153
313750,0.29012856
313753,0.47271279
313763,0.3558949
313765,0.7644978
313776,0.14861582
313778,0.67232585
313781,0.16978309
313786,0.8699735
313787,0.13723077
313795,0.2721161
313809,0.37792227
313810,0.40955752
313811,0.6230509
313818,0.90080166
313825,0.5201162
313830,0.20972428
313831,0.29420704
313834,0.23345783
313837,0.8402399
313841,0.32436162
313859,0.10284333
313882,0.30928904
313887,0.90087605
313900,0.20705247
313902,0.54090005
313906,0.2151805
313930,0.14946218
313932,0.39978817
313943,0.64121217
313944,0.23830871
313957,0.15047102
313970,0.69675744
313980,0.16605389
313982,0.12708099
313999,0.54536784
314000,0.44843
314003,0.5119621
314004,0.35853708
314005,0.7744919
314007,0.218044
314010,0.75129324
314011,0.22077255
314016,0.7452379
314023,0.48323846
314024,0.38660607
314031,0.19552197
314038,0.45053986
314041,0.2621482
314061,0.2968175
314073,0.28789672
314091,0.64711934
314132,0.23899585
314137,0.68976223
314139,0.091458246
314143,0.34714583
314149,0.19977602
314153,0.14891553
314154,0.7239104
314160,0.274411
314167,0.27544346
314171,0.11083132
314182,0.53918904
314190,0.047358256
314194,0.18904714
314198,0.45955145
314211,0.3518429
314220,0.6601786
314245,0.15597132
314247,0.23174845
314256,0.23016869
314259,0.33138773
314267,0.37219557
314271,0.23494758
314278,0.5503555
314282,0.18447566
314283,0.5406583
314294,0.5877691
314298,0.34759697
314299,0.7304369
314306,0.2067984
314307,0.34436423
314308,0.2786169
314309,0.098451674
314317,0.47832787
314323,0.39739394
314332,0.15306258
314334,0.32307723
314335,0.3569724
314337,0.42126265
314343,0.3766574
314344,0.13418385
314346,0.13547443
314351,0.20585197
314354,0.3954092
314355,0.26546884
314359,0.29150373
314364,0.31624863
314366,0.3205712
314367,0.7103355
314374,0.36038524
314376,0.25716785
314387,0.593062
314405,0.5000755
314412,0.1006153
314418,0.7547991
314429,0.48166692
314438,0.82884824
314442,0.26635963
314477,0.3229691
314480,0.38551947
314486,0.5295351
314487,0.7241391
314488,0.61585456
314490,0.2512342
314523,0.20583133
314528,0.83042544
314535,0.12954289
314542,0.6163274
314560,0.47523475
314585,0.58469343
314594,0.45611548
314596,0.61185676
314601,0.49503222
314603,0.18105848
314612,0.7560331
314615,0.8073831
314619,0.08148581
314621,0.6866443
314627,0.49849328
314629,0.42928955
314635,0.88935775
314639,0.18635093
314646,0.30698764
314650,0.74679583
314661,0.4111571
314690,0.119877905
314699,0.2735354
314705,0.50550616
314709,0.27520862
314710,0.13529827
314711,0.12973434
314714,0.4691294
314719,0.29142067
314722,0.2641758
314723,0.46867606
314729,0.30348644
314732,0.450786
314734,0.52951986
314746,0.2026625
314761,0.8688902
314769,0.4486118
314773,0.5590473
314774,0.40865922
314776,0.4395372
314780,0.16351776
314785,0.49680805
314789,0.6549787
314796,0.66324764
314810,0.351085
314812,0.29155433
314817,0.14711775
314822,0.40849054
314840,0.58446836
314843,0.124737784
314853,0.45759162
314856,0.4121041
314862,0.47843406
314864,0.06798504
314878,0.3891251
314894,0.1778344
314906,0.9291562
314912,0.1140068
314914,0.101095945
314933,0.58068097
314941,0.1482253
314949,0.275889
314950,0.39750677
314952,0.43118295
314961,0.54272735
314970,0.527494
314972,0.59587616
314975,0.7148564
314985,0.41119984
314986,0.3376629
314991,0.5447409
314995,0.33001947
314997,0.09768095
315003,0.10712333
315035,0.2130939
315038,0.5845257
315040,0.35267627
315046,0.17818345
315053,0.1295295
315054,0.47838777
315060,0.37464604
315061,0.06452421
315067,0.78955805
315076,0.4857294
315079,0.33834103
315083,0.23977892
315084,0.35487965
315092,0.47321466
315095,0.65580857
315112,0.7451445
315122,0.32020685
315123,0.08533905
315125,0.4210297
315136,0.82255465
315143,0.6440523
315145,0.39216614
315153,0.16525826
315164,0.5891887
315169,0.10117107
315178,0.6593928
315179,0.71813893
315189,0.09631162
315192,0.76109636
315194,0.6360805
315198,0.30652276
315210,0.4837215
315211,0.27689543
315221,0.80532914
315222,0.33802095
315228,0.66951424
315231,0.5863619
315233,0.3766152
315235,0.46989444
315240,0.27945232
315244,0.476087
320149,0.32429674
315257,0.46797138
315261,0.3028082
315271,0.38164654
315278,0.35884613
315282,0.8657588
315287,0.29797974
315288,0.5390439
315291,0.59291005
315306,0.102144994
315309,0.12469515
315312,0.12636213
315330,0.46557224
315335,0.590109
315337,0.44674358
315343,0.59447837
315344,0.8765451
315366,0.17129435
315389,0.53112906
315403,0.15546423
315414,0.5744215
315425,0.055112213
315430,0.3048893
315432,0.5882465
315436,0.40037456
315437,0.35506633
315445,0.22804408
315451,0.23101598
315460,0.16624957
315462,0.10464982
315476,0.5521518
315480,0.5325426
315489,0.18921527
315494,0.15055707
315499,0.026378594
315503,0.1709071
315507,0.8349982
315540,0.05244109
315541,0.4879605
315546,0.23156911
315553,0.5882098
315569,0.907452
315571,0.23112735
315574,0.47486913
315580,0.23884323
315587,0.21632515
315609,0.23565121
315610,0.22153147
315617,0.39258802
315623,0.16335061
315629,0.19120876
315635,0.31789172
315637,0.22348525
315641,0.2221668
315644,0.19507836
315654,0.70529544
315662,0.23595683
315663,0.6135567
315673,0.33470088
315677,0.2690134
315679,0.5625919
315680,0.7339793
315681,0.18559024
315682,0.64193934
315684,0.43630776
315693,0.37034982
315701,0.25617957
315705,0.43934327
315706,0.28851366
315711,0.6828047
315714,0.5312178
315725,0.4443575
315738,0.51432484
315740,0.50630087
315749,0.6591839
315753,0.14728397
315757,0.335498
315778,0.51030046
315781,0.3697367
315793,0.28948167
315813,0.35120595
315822,0.14824362
315827,0.3896992
315831,0.14057207
315843,0.6792136
315857,0.39555725
315864,0.5188482
315869,0.38054052
315870,0.29602364
315878,0.64814866
315891,0.57622075
315894,0.7878597
315895,0.6346995
315903,0.26983076
315917,0.43613356
315920,0.15859786
315937,0.4237393
315938,0.31500512
315947,0.47606602
315970,0.8582945
315971,0.1510691
315974,0.2504468
315984,0.5534842
315985,0.5227758
315988,0.079000324
315993,0.5189617
315995,0.81608176
315997,0.114136085
316000,0.14641689
316009,0.1835922
316011,0.48372066
316014,0.32218495
316021,0.34150496
316022,0.31270865
316023,0.24675192
316060,0.41510838
316063,0.30280688
316065,0.69235647
316066,0.3781173
316077,0.71412146
316083,0.11797553
316093,0.48058558
316100,0.122280374
316110,0.14893822
316118,0.2476821
316135,0.12887807
316139,0.7632624
316154,0.75979555
316156,0.1223983
316171,0.33968726
316173,0.24304146
316186,0.33362183
316188,0.1145876
316190,0.5116555
316195,0.58420837
316205,0.21004051
316214,0.38454545
316216,0.6109754
316220,0.37133545
316222,0.3035683
316224,0.5326254
316226,0.101280995
316230,0.31309032
316248,0.51187813
316258,0.64601123
316269,0.42074814
316270,0.2517846
316279,0.27134597
316286,0.28206372
316295,0.47458023
316297,0.119923905
316305,0.30460954
316312,0.17121819
316313,0.070310675
316314,0.5071193
316320,0.51306206
316321,0.28071648
316328,0.4603528
316329,0.22037183
316334,0.41688147
316364,0.100784615
316372,0.16949016
316382,0.040985305
316407,0.09946479
316411,0.7286601
316433,0.53836226
316435,0.31480584
316441,0.53247535
316456,0.12260307
316457,0.34993586
316462,0.57328117
316465,0.20067088
316466,0.42466903
316468,0.31490064
316469,0.29791948
316479,0.6026976
316481,0.315886
316484,0.28672713
316502,0.45638752
316517,0.33628237
316525,0.4491465
316531,0.054232053
316546,0.2591287
316549,0.56326205
316557,0.06557127
316561,0.45847785
316564,0.553241
316565,0.5185569
316594,0.69335705
316595,0.63721484
316600,0.24172243
316625,0.20099139
316645,0.64018637
316647,0.57539153
316659,0.54287624
316683,0.50607973
316694,0.4405787
316697,0.07620683
316701,0.25815552
316702,0.043090496
316703,0.3111129
316718,0.70277625
316723,0.5592568
316748,0.57747394
316756,0.20962133
316758,0.38546738
316763,0.2598149
316764,0.71606326
316768,0.33096
320165,0.27533296
316769,0.196184
316772,0.18159123
316777,0.39837837
316781,0.08538002
316785,0.6361136
316786,0.16397032
316815,0.70586306
316816,0.5042038
316828,0.48694533
316831,0.18084519
316837,0.1214807
316843,0.55331624
316849,0.60596985
316854,0.22163266
316862,0.22471458
316867,0.16768292
316902,0.20270438
316903,0.096033126
316906,0.29839244
316914,0.30134916
316915,0.24585149
316923,0.19442569
316928,0.5389931
316930,0.35752517
316932,0.8157624
316940,0.28513572
316947,0.12897258
316948,0.36150467
320172,0.5758918
316977,0.41017634
316983,0.57528245
316987,0.65662205
317003,0.5323654
317005,0.23664169
317035,0.3381499
317036,0.09289717
317043,0.5488435
317048,0.2249302
317056,0.2823967
317065,0.16813526
317079,0.1502321
317080,0.1817444
317083,0.3858764
317087,0.260002
317103,0.21957573
317117,0.7457136
317119,0.30078965
317125,0.44028735
317126,0.52796984
317134,0.5652396
317138,0.22939548
317142,0.18088555
317150,0.09407424
317184,0.7651845
317190,0.3279547
317196,0.20609018
317197,0.3718178
317206,0.36885628
317210,0.24667478
317221,0.34693748
317226,0.49022794
317227,0.53920364
317236,0.28500655
317237,0.42891386
317241,0.16498055
317249,0.27280122
317256,0.19028044
317282,0.3857242
317294,0.34380555
317298,0.36001936
317300,0.13557273
317307,0.4699099
317311,0.21323468
317318,0.21232393
317322,0.3566295
317323,0.6498245
317332,0.2621609
317338,0.23706171
317346,0.1152217
317347,0.17366317
317349,0.547138
317354,0.70427763
317369,0.7811332
317386,0.3621116
317389,0.11042321
317410,0.56538504
317411,0.45485714
317422,0.22324772
317434,0.18427978
317446,0.26070324
317449,0.4282623
317455,0.62327677
317469,0.014914957
317475,0.3275755
317476,0.37855056
317487,0.38546252
317488,0.31163922
317499,0.5460069
317500,0.22670645
317506,0.2542332
317515,0.27696416
317518,0.26466304
317520,0.7877684
317546,0.47461727
317549,0.5785649
317554,0.21035902
317565,0.2363899
317579,0.4977847
317591,0.25682008
317592,0.7888968
317593,0.48919636
317594,0.2747497
317601,0.6148928
317603,0.39071947
317606,0.6322501
317608,0.37720573
317611,0.34959206
317618,0.4482203
317628,0.3619206
317629,0.49860337
317642,0.5084641
317644,0.16065006
317648,0.6385519
317650,0.134096
317665,0.5854465
317675,0.2976905
317695,0.72530437
317696,0.4981579
317704,0.5871147
317713,0.15908475
317730,0.47473833
317735,0.710836
317736,0.33431953
317738,0.79222685
317747,0.6210954
317764,0.2998011
317765,0.6572378
317772,0.8556483
317774,0.18668218
317786,0.19186935
317788,0.14737077
317806,0.5748716
317809,0.6221946
317811,0.16663837
317814,0.33754116
317815,0.56943107
317830,0.5598297
317835,0.41344756
317843,0.72588956
317856,0.48960546
317863,0.75858873
317876,0.6950557
317889,0.2685165
317902,0.45474187
317910,0.16853806
317914,0.40043205
317933,0.27561122
317936,0.6736871
317940,0.3011077
317944,0.2546048
317952,0.36191124
317955,0.6157114
317958,0.08338261
317965,0.32680476
317966,0.6398451
317978,0.39091033
318000,0.21518023
318007,0.57751405
318008,0.55566055
318012,0.26326233
318016,0.14812772
320173,0.7878218
318019,0.40384838
318020,0.18117297
318021,0.19125459
318025,0.5385669
318036,0.16952442
318044,0.16201338
318055,0.07718762
318056,0.6304978
318057,0.41718858
318065,0.6120965
318075,0.31695992
318081,0.7959943
318094,0.1675562
318096,0.20514205
318104,0.42268005
318105,0.27260146
318109,0.66300803
318113,0.19447799
318121,0.49625194
318122,0.66347533
318126,0.34211412
318127,0.40627638
318131,0.46178272
318135,0.57305956
318155,0.12277763
320175,0.7917691
318156,0.13067289
318161,0.366745
318164,0.53476536
318169,0.5765394
318173,0.6731704
318176,0.7313954
318177,0.5730894
318181,0.300358
318187,0.23133126
318193,0.27044615
318203,0.435265
318206,0.25697458
318214,0.2784958
318220,0.24570118
318232,0.424727
318250,0.6149965
318251,0.6389436
318252,0.06596524
318254,0.2160874
318260,0.073964894
318261,0.070359096
318263,0.46807674
318264,0.54913306
318266,0.24612843
318267,0.34561384
318268,0.37717924
318270,0.20762302
318274,0.40112537
318282,0.4281357
318286,0.34065238
318292,0.08879177
318297,0.18461208
318320,0.51042503
318337,0.32259795
318343,0.49451348
318347,0.3464248
318351,0.7555654
318357,0.8844524
318360,0.06251418
320179,0.47669366
318384,0.10971886
318385,0.0960055
318387,0.5259482
318390,0.42692778
318391,0.16316773
318393,0.0755279
318406,0.14472224
318408,0.8270123
318410,0.7917031
318424,0.5455357
318428,0.4627693
318432,0.38890404
318433,0.65601444
318445,0.72243154
318452,0.82940936
318467,0.40180337
318473,0.7124036
318480,0.512746
318486,0.6963136
318496,0.15180065
318505,0.8117023
318511,0.5539925
318517,0.21536739
318522,0.3178552
318527,0.41448867
318530,0.17986506
318531,0.52507526
318533,0.16810831
320181,0.21339172
318535,0.0825901
318536,0.3074006
318548,0.3939993
318551,0.23781537
318557,0.6874104
318576,0.2441722
318581,0.75450337
318607,0.55080783
318609,0.30749416
318615,0.8276007
318634,0.5861872
318640,0.80658466
318651,0.5800037
320191,0.27014294
318657,0.5086533
318669,0.5517125
318674,0.3958706
318675,0.2948719
318686,0.28055164
318694,0.10029085
318760,0.4674946
318762,0.102357686
318763,0.06199091
318765,0.2853052
318766,0.4248455
320192,0.21108732
318769,0.75723225
318775,0.3075218
318782,0.15776123
318786,0.84944206
318792,0.17721936
318801,0.41210467
318802,0.27686164
318803,0.5231854
318805,0.56944907
318813,0.5762872
318817,0.5294674
318821,0.37367123
318827,0.507361
318834,0.5818732
318835,0.2359837
318851,0.08557419
318857,0.027383871
318862,0.36930618
318874,0.560854
318878,0.24840844
318897,0.21115744
318909,0.8421819
318924,0.42605627
318927,0.29275203
318942,0.5759253
318946,0.40436155
318957,0.8027788
318959,0.11248102
318975,0.17021611
318982,0.11712073
318987,0.07939045
318993,0.073378906
318995,0.32411665
318996,0.11789812
318997,0.39151338
318999,0.28495857
319012,0.7772922
319014,0.47296408
319018,0.4264897
319020,0.6729617
319048,0.23021062
319052,0.5787588
319067,0.3021325
319083,0.25008312
319088,0.16688776
319089,0.5399941
319090,0.88817924
319096,0.26807514
319099,0.40382448
319108,0.1719571
319116,0.5488194
319117,0.41026276
319119,0.36859488
319126,0.8005632
319133,0.7206713
319135,0.37707022
319137,0.1908251
319143,0.5149095
319168,0.48518962
319170,0.22977522
319174,0.2266407
319181,0.09792743
319192,0.10040199
319193,0.2112078
319198,0.19375886
319211,0.20794679
319219,0.31471518
319220,0.3716466
319226,0.5382446
319240,0.43150136
319248,0.26626235
319257,0.4141425
319261,0.6868204
319264,0.29090783
319268,0.19356953
319289,0.5054343
319292,0.2484394
319295,0.51543766
319302,0.20982729
319308,0.65647346
319310,0.5937029
319313,0.244682
319322,0.089115374
319329,0.16795072
319331,0.308672
319334,0.31809506
319346,0.12049689
319352,0.8210361
319358,0.67199147
319363,0.35542315
319365,0.3737975
319370,0.14466129
319371,0.52068317
319372,0.2587532
319385,0.5259412
319387,0.115962826
319393,0.25540394
319396,0.40078944
319406,0.2512636
319439,0.1503486
319440,0.4157497
319441,0.80436224
319462,0.29660568
319471,0.11336516
319475,0.1819012
319476,0.6043824
319486,0.47489542
319487,0.37702233
319489,0.5784832
319491,0.5500271
319494,0.18947339
319496,0.6400253
319512,0.22672252
319519,0.14261189
319522,0.14936942
319530,0.3359003
319540,0.14145027
319547,0.3002728
319549,0.20841944
319559,0.2978377
319561,0.17127956
319566,0.13341038
319569,0.34435514
319574,0.42045224
319579,0.20208688
319580,0.48160315
319582,0.15431505
319583,0.5973908
319585,0.49534744
319598,0.27214926
319600,0.42970166
319602,0.115170926
319603,0.37040284
319604,0.19448179
319608,0.115315415
319622,0.50551647
319623,0.5975015
319625,0.30638245
319628,0.35114375
319637,0.5196853
319639,0.3896312
319658,0.15435852
319669,0.534418
319677,0.5931399
319683,0.5594184
319688,0.10906223
319697,0.32984564
319700,0.31618205
319727,0.60215485
319747,0.31438586
319751,0.2997169
319758,0.13976146
319759,0.2907307
319765,0.25087538
319768,0.17963767
319774,0.47888175
319776,0.39521205
319777,0.22339411
319785,0.381543
319789,0.37684703
319792,0.23194514
319799,0.13510145
319814,0.06960746
319815,0.19581184
319822,0.47372475
319829,0.26544312
319836,0.49678376
319837,0.2596207
319839,0.71678174
319843,0.24388738
319860,0.6941056
319876,0.78159404
319877,0.18212964
319887,0.35639262
319889,0.11440587
319892,0.29747674
319893,0.40395084
319897,0.5709014
319898,0.29043803
319911,0.521453
319917,0.30493534
319923,0.41766363
319927,0.3074366
319929,0.53400385
319931,0.76490545
319948,0.4775324
319949,0.2989728
319992,0.37997934
319999,0.26779217
320001,0.5091659
320003,0.21278691
320004,0.8518287
320011,0.61616945
320012,0.22009861
320021,0.63785195
320026,0.37000123
320034,0.26238525
320041,0.7681512
320042,0.3857921
320046,0.41522145
320056,0.14781158
320062,0.2631761
320093,0.68741846
320094,0.5132472
320101,0.35914373
320114,0.3681331
320227,0.82462114
320228,0.13861294
320248,0.8139295
320252,0.10667044
320254,0.5218688
320259,0.27843493
320267,0.762628
320276,0.15931882
320287,0.67928815
320291,0.27290282
320295,0.35472926
320297,0.24860273
320305,0.7097605
320321,0.8158014
320331,0.70788306
320336,0.4534024
320341,0.27342284
320344,0.43171644
320356,0.14435059
320362,0.18253341
320369,0.15776823
320379,0.38566995
320387,0.21713082
320397,0.15324514
320412,0.44324312
320421,0.38723412
320428,0.6846581
320429,0.74035954
320430,0.41886413
320434,0.12120325
320453,0.1675112
320462,0.28394002
320469,0.12221847
320475,0.35926083
320478,0.46467897
320484,0.23639801
320494,0.124301516
320499,0.073481135
320541,0.7151211
320550,0.28945437
320561,0.2516672
320562,0.5549631
320564,0.31967327
320566,0.7945143
320568,0.46409643
320593,0.15682583
320609,0.21973738
320614,0.40121654
320621,0.1912737
320639,0.667917
320640,0.49812338
320656,0.2724806
320657,0.32128218
320670,0.20732938
320672,0.08333512
320691,0.31013018
320693,0.07929289
320698,0.32522112
320699,0.49991217
320704,0.34952095
320709,0.17468384
320711,0.22084485
320724,0.46932122
320737,0.23566593
320744,0.34016
320747,0.30984566
320750,0.7159354
320752,0.4426652
320760,0.74053377
320765,0.8258261
320767,0.15719436
320778,0.84210706
320784,0.24138007
320789,0.55301625
320793,0.083157055
320795,0.7295814
320805,0.5525679
320806,0.78906214
320823,0.50211304
320828,0.5465353
320833,0.6534995
320843,0.5363774
320846,0.15967172
320851,0.5749196
320852,0.40948924
320869,0.23965254
320873,0.75856155
320890,0.2818822
320905,0.5911019
320912,0.5127111
320914,0.19437222
320915,0.066980794
320920,0.35665783
320924,0.21940261
320925,0.2829852
320936,0.62103415
320937,0.0894235
320940,0.45765534
320943,0.40892902
320954,0.115609184
320959,0.6092176
320960,0.115130484
320966,0.3180201
320968,0.13574864
320975,0.30190495
320978,0.118911356
320979,0.49451837
320981,0.17975312
320987,0.44395652
320989,0.42539692
321009,0.7280035
321021,0.69022834
321035,0.503633
321038,0.62436396
321039,0.6486188
321051,0.115937054
321058,0.2806677
321066,0.84959483
321075,0.6095978
321092,0.10886865
321098,0.72645295
321107,0.7244624
321116,0.83740556
321118,0.1835868
321124,0.27933297
321131,0.2673747
321134,0.644969
321140,0.5422065
321143,0.4191494
321145,0.21980007
321150,0.09160623
321151,0.2257378
321153,0.6754973
321154,0.35429642
321156,0.1364838
321160,0.24806677
321176,0.36156833
321183,0.4870825
321187,0.49168712
321196,0.061551522
321197,0.46835464
321204,0.7671785
321208,0.39645636
321209,0.37413853
321223,0.45941907
321226,0.15152836
321227,0.22743705
321236,0.35859394
321249,0.5663143
321250,0.2042947
321253,0.2374218
321256,0.3330382
321276,0.5991962
321298,0.40507126
321303,0.09288482
321309,0.35776678
321313,0.4514409
321322,0.7905379
321345,0.32588223
321350,0.29033545
321355,0.37345552
321358,0.54070634
321370,0.72110194
321377,0.7684679
321385,0.7202338
321398,0.48413348
321401,0.23108703
321415,0.29037762
321416,0.878145
321419,0.25306478
321427,0.188549
321433,0.0982648
321439,0.5182235
321455,0.49829477
321463,0.6082432
321465,0.3885215
321480,0.037001766
321486,0.14220063
321498,0.5657621
321502,0.52394086
321510,0.26568386
321524,0.2940153
321526,0.67125916
321528,0.47333556
321533,0.8099709
321536,0.3527518
321548,0.5833499
321557,0.33208928
321564,0.4657245
321567,0.18302408
321602,0.50550544
321625,0.68268174
321627,0.48461825
321640,0.33988127
321645,0.23015413
321648,0.49653164
321649,0.49299526
321652,0.35938352
321659,0.4552901
321667,0.21973282
321676,0.27084804
321696,0.3272038
321697,0.4809824
321702,0.3226935
321704,0.21025653
321706,0.34092373
321710,0.32339543
321722,0.45229337
321760,0.375176
321770,0.40274617
321779,0.31800207
321784,0.479496
321786,0.51213294
321792,0.34233114
321795,0.638954
321801,0.2991385
321804,0.11847421
321806,0.4379361
321807,0.4779621
321808,0.8992038
321809,0.5021627
321825,0.36905703
321828,0.504803
321843,0.54291326
321848,0.3026075
321854,0.423199
321869,0.3520568
321870,0.6363455
321887,0.11208066
321896,0.29505894
321898,0.43261513
321908,0.27130225
321910,0.19249283
321915,0.53530365
321919,0.57967436
321922,0.14510684
321928,0.6432168
321929,0.37826714
321932,0.5824578
321934,0.5355585
321936,0.7835428
321956,0.17391293
321957,0.5094991
321965,0.1245661
321970,0.21255764
321974,0.1511068
321980,0.28356725
321985,0.11971161
321992,0.14174058
321999,0.28447098
322005,0.13677931
322018,0.31770083
322020,0.1964572
322021,0.57913077
322023,0.21440177
322024,0.15189934
322039,0.07691659
322054,0.47364172
322061,0.26098153
322082,0.09276959
322088,0.6856779
322093,0.39177877
322105,0.5251609
322111,0.30616623
322113,0.5389905
322117,0.20431706
322120,0.33613107
322123,0.44214574
322132,0.5338631
322136,0.5334279
322141,0.27514863
322147,0.5447596
322169,0.55288994
322170,0.72216016
322172,0.4676999
322196,0.25545976
322198,0.73240304
322217,0.4475667
322226,0.51484644
322227,0.14437382
322229,0.2133434
322242,0.33091342
322244,0.25178322
322249,0.15207323
322250,0.41885892
322253,0.3483942
322254,0.73223144
322267,0.07984873
322269,0.3649535
322274,0.8732673
353618,0.24557039
322285,0.8388217
322309,0.51650375
322320,0.23745115
322327,0.31598994
322331,0.41061643
322332,0.44367492
322334,0.8225053
322339,0.5960689
322348,0.7377483
322350,0.85013795
322354,0.58483696
322356,0.18059926
322367,0.5467505
322369,0.3409082
322372,0.6290214
322374,0.22760972
322383,0.39320976
322388,0.84120184
322393,0.3688126
322395,0.3612314
322407,0.07935236
322413,0.18486124
322416,0.067024834
322419,0.1406631
322424,0.41355523
322432,0.34849396
322442,0.2564118
322447,0.2971922
322448,0.5871336
322460,0.25574446
322461,0.79846424
322468,0.14241052
322472,0.7529493
322473,0.77762455
322488,0.35616893
322490,0.34994373
322491,0.3360485
322497,0.3266233
322503,0.5059027
322521,0.64487493
322525,0.67845887
322533,0.63160473
322549,0.5484768
322561,0.48548108
322566,0.26989552
322570,0.7382274
322574,0.22588067
322578,0.08539698
322579,0.41547048
322586,0.22650632
322596,0.41664466
322598,0.37063536
322603,0.5272737
322614,0.49630812
322626,0.13579147
322630,0.5233204
322639,0.6952388
322640,0.26741555
322642,0.24468237
322651,0.40358564
322652,0.7823949
322656,0.12186816
322662,0.23394392
322664,0.49550194
322681,0.7992576
322684,0.26928884
322685,0.58747935
322711,0.6919785
322717,0.382325
322719,0.391686
322730,0.33755794
322740,0.19290487
322743,0.4013799
322749,0.07785242
322757,0.124517314
322759,0.5834388
322760,0.32991418
322770,0.13676448
322786,0.43264577
322797,0.61365145
322800,0.5405997
322815,0.1111974
322831,0.36830696
322835,0.69910336
322841,0.23291606
322845,0.20543987
322846,0.17996888
322851,0.6376221
322852,0.249881
322877,0.3616964
322880,0.28601608
322893,0.38091204
322911,0.3093139
322928,0.8276552
322934,0.5442176
322938,0.7688354
322950,0.23557535
322959,0.16380385
322961,0.20387872
322965,0.5911849
322966,0.2457617
322968,0.15791678
322977,0.3713423
322979,0.44122934
322986,0.6458387
322990,0.40621808
322998,0.32446387
323005,0.25341418
323008,0.24913505
323014,0.31612888
323015,0.15374301
323025,0.49645454
323030,0.31004784
323033,0.31289026
323036,0.27262175
323043,0.5414585
323049,0.2352218
323051,0.73763525
323053,0.11470009
323056,0.45729548
323059,0.4539016
323076,0.40702692
323088,0.3242332
323108,0.8635552
323112,0.36293593
323127,0.15893766
323135,0.41261524
323137,0.38831487
323141,0.36575893
323142,0.23127781
323147,0.66432494
323150,0.69634855
323153,0.46015555
323156,0.36419222
323161,0.21183944
323171,0.116688274
323173,0.49528286
323176,0.14767243
323184,0.40847772
323189,0.41857207
323193,0.35898766
323209,0.5620953
323218,0.8508451
323224,0.8231089
323235,0.5257844
323236,0.3219143
323242,0.15530421
323252,0.18594526
323253,0.7377819
323254,0.05966171
323271,0.37862056
323276,0.5785816
323278,0.19796471
323281,0.099504925
323285,0.34972998
323289,0.60274816
323292,0.21542321
323297,0.45577434
323312,0.12455542
323318,0.19434088
323319,0.1753715
323324,0.31724638
323325,0.48565748
323328,0.60820067
323334,0.378028
323338,0.6480727
323340,0.403153
323343,0.81840646
323354,0.20622705
323373,0.095397286
323376,0.25062248
323381,0.39750645
323382,0.27620825
323383,0.6832956
323387,0.31372628
323394,0.3085362
323398,0.24909373
323405,0.48866597
323407,0.5442781
323428,0.91564864
323436,0.62327987
323451,0.6511722
323455,0.27064937
323463,0.18634984
323466,0.525477
323475,0.38523948
323477,0.30685437
323481,0.07187871
323485,0.3031049
323488,0.38906252
323493,0.36410773
323494,0.18446675
323505,0.412012
323506,0.41668984
323509,0.19761495
323518,0.20226209
323530,0.747912
323539,0.25320643
323549,0.13405386
323557,0.41007286
323568,0.5413696
323569,0.2340997
323571,0.34130222
323573,0.53416693
323585,0.12423891
323588,0.32324848
323599,0.7863582
323615,0.0710941
323617,0.40079242
323620,0.6257551
323636,0.2667476
323665,0.15355979
323670,0.116409965
323675,0.2922046
323688,0.30403328
323693,0.15130593
323694,0.34417945
323696,0.34271112
323710,0.28103277
323716,0.46316075
323718,0.6639153
323719,0.30817205
323720,0.31569675
323722,0.33604357
323729,0.44777998
323738,0.3657757
323740,0.27798542
323787,0.20642187
323795,0.17002803
323801,0.12754741
323810,0.13485795
323822,0.3796346
323825,0.35900185
323833,0.40479854
323860,0.06431941
323871,0.08437902
323879,0.3898225
323888,0.30674478
323891,0.86397845
323894,0.5286999
323909,0.42551604
323911,0.4504291
323920,0.7952303
323923,0.53439677
323930,0.20002452
323935,0.33418903
323937,0.55685467
323938,0.23339
323948,0.4602224
323956,0.46441132
323962,0.5225781
323964,0.17986426
323966,0.1817607
323970,0.19362876
323972,0.24919342
323977,0.2928402
323985,0.4683135
323989,0.30084938
323994,0.33431038
324010,0.27674758
324020,0.637453
324033,0.4286367
324052,0.75743407
324055,0.1752042
324075,0.08569949
324087,0.7097707
324088,0.13003452
324091,0.41433784
324104,0.45957643
324109,0.4078945
324114,0.2815629
324118,0.3386124
324125,0.6343476
324130,0.6457208
324146,0.24136251
324149,0.43948415
324156,0.09891403
324170,0.35273805
324171,0.4365158
324172,0.27809834
324178,0.87387466
324180,0.4411913
324220,0.16459179
324222,0.3339467
324227,0.5206054
324229,0.55400133
324230,0.44762486
324235,0.30512542
324243,0.26207292
324247,0.8497277
324264,0.7081221
324269,0.46633923
324270,0.21464092
324271,0.50820625
324291,0.84794724
324293,0.24405174
324296,0.5463003
324298,0.55105096
324302,0.67032444
324305,0.09298419
324310,0.18306695
324325,0.24778177
324339,0.24265246
324345,0.39472622
324347,0.3396887
324356,0.16425933
324383,0.32547757
324387,0.47107533
324393,0.3798288
324400,0.36190426
324401,0.15140873
324412,0.30238616
324414,0.20593615
324415,0.65310025
324416,0.40372166
324420,0.8220019
324437,0.038214903
324445,0.86008126
324464,0.6027263
324472,0.46836373
324496,0.40793797
324499,0.23684108
324512,0.34342724
324544,0.58155704
324545,0.47551104
324552,0.47693124
324553,0.38618302
324558,0.58311296
324559,0.35653123
324572,0.22214937
324582,0.5430623
324595,0.7844201
324596,0.8085782
324598,0.49237174
324614,0.7004936
324620,0.8501692
324621,0.22702976
324624,0.5683892
324651,0.57164377
324655,0.7685602
324669,0.12823693
324674,0.8839545
324677,0.4501697
324681,0.36084306
324689,0.13310857
324708,0.13119067
324714,0.7301126
324716,0.74346787
324719,0.3901481
324731,0.6254845
324733,0.5946222
324741,0.6736008
324745,0.46641475
324747,0.5444248
324748,0.06737356
324764,0.6849733
324772,0.46668133
324788,0.36380157
324795,0.22222336
324801,0.14103872
324811,0.24689694
324816,0.84679234
324821,0.5632029
324825,0.17537783
324840,0.7983521
324841,0.4694072
324854,0.27483463
324866,0.27042174
324884,0.5166524
324894,0.59138966
324895,0.4330589
324913,0.29905334
324914,0.2525898
324944,0.67245865
324949,0.7174818
324978,0.42358416
324983,0.46996307
324987,0.2723233
324995,0.053893235
325000,0.25431302
325001,0.7944441
325005,0.24724846
325017,0.21238504
325019,0.51628816
325020,0.09580479
325021,0.7613205
325041,0.3881128
325063,0.8395883
325066,0.5055408
325070,0.4867625
325102,0.5500368
325117,0.2445181
325121,0.63811594
325136,0.10480305
325153,0.2878211
325157,0.16054873
353625,0.20114031
325158,0.3891142
325163,0.40234682
325180,0.5367028
325181,0.36582956
325185,0.78175515
325194,0.46472088
325196,0.43597558
325206,0.31828395
325212,0.2280096
325217,0.58203393
325218,0.5640524
325223,0.35506737
325238,0.69389904
353626,0.7467134
325254,0.5727719
325258,0.48564208
325268,0.24539115
325269,0.5283229
325275,0.3402172
325277,0.3164219
325282,0.1878419
325284,0.21032867
325289,0.14636843
325291,0.74545556
325300,0.52481014
325303,0.42465374
325306,0.2275048
325313,0.32357863
325316,0.43138486
325318,0.107320435
325332,0.4629202
325344,0.7589212
325354,0.33789936
325360,0.07544426
325364,0.25431344
325375,0.647113
325377,0.076178156
325380,0.14187883
325390,0.5744525
325392,0.13802262
325395,0.50871855
325411,0.20799884
325412,0.5384287
325420,0.40771088
325424,0.3023627
325433,0.3991008
325438,0.15312459
325439,0.12576413
325443,0.25683382
325454,0.22399253
325464,0.47480103
325473,0.2247842
325476,0.120271444
325495,0.61207646
325525,0.33299658
325529,0.2857972
325552,0.4177096
325553,0.77989316
325564,0.35670352
325565,0.652709
325580,0.3685028
325590,0.8889947
325591,0.2956653
325596,0.37904757
325601,0.26639852
325602,0.5342499
325623,0.20371504
325625,0.19890912
325641,0.81915176
325645,0.39450577
325657,0.4751614
325680,0.26052144
325691,0.38545415
325701,0.50392973
325710,0.59823954
325712,0.37307534
325714,0.5553419
325716,0.41346088
325724,0.7174704
325744,0.5431252
325751,0.7268246
325757,0.15646285
325765,0.4403411
325767,0.7043522
325770,0.66364926
325778,0.48319113
325784,0.35583436
325791,0.4682299
325809,0.602204
325814,0.6548301
325817,0.8248266
325820,0.76580423
325822,0.49166238
325830,0.45742428
325832,0.7354307
325840,0.5089412
325849,0.32081217
325852,0.38496542
325859,0.27921256
325864,0.4546487
325865,0.61229616
325879,0.42258397
325890,0.0893787
325899,0.12612806
325908,0.36019614
325916,0.39332414
325918,0.24396493
325919,0.14528972
325922,0.2848078
325925,0.35759646
325934,0.21610011
325939,0.12557779
325942,0.1856341
325948,0.7151755
325954,0.27061132
325962,0.20288813
325966,0.5955465
325969,0.14871638
325971,0.1905131
325972,0.08538721
325976,0.48293132
325981,0.13825804
325992,0.5777437
326013,0.40764573
326017,0.453248
326019,0.30021206
326027,0.4486947
326028,0.23357508
326033,0.35882065
326041,0.22858067
326043,0.27739885
326049,0.30172524
326054,0.2775777
326057,0.5051372
326074,0.075785205
326078,0.31153128
326083,0.23150559
326084,0.07816058
326085,0.5632249
326087,0.2111146
326088,0.69046926
326102,0.80960685
326117,0.2913079
326145,0.49805093
326150,0.4769888
326160,0.63435656
326166,0.56021255
326170,0.19542016
326180,0.23195882
326182,0.4976005
326186,0.14587705
326188,0.8088084
326190,0.82980776
326196,0.6100282
326199,0.5687744
326201,0.5851727
326204,0.30037165
326209,0.25100726
326211,0.45315874
326218,0.42860898
326239,0.22741076
326259,0.37844777
326260,0.39349446
326284,0.57174605
326289,0.37779853
326290,0.2232741
326295,0.31870294
326299,0.6309523
326305,0.2128142
326309,0.42315876
326323,0.23611487
326364,0.35256281
326369,0.2384785
326385,0.07857189
326410,0.49545524
326411,0.06596735
326418,0.40413782
326428,0.44889784
326435,0.6191194
326437,0.32536638
326438,0.36583123
326451,0.20802331
326464,0.7290269
326471,0.33531272
326472,0.8073231
326475,0.5140103
326477,0.2303914
326480,0.17145278
326486,0.4135579
326502,0.42087373
326506,0.73725605
326513,0.21853824
326516,0.13685028
326528,0.24247958
326530,0.2482446
326606,0.21320364
326618,0.6121999
326620,0.08769764
326624,0.53408843
326639,0.5032828
326647,0.8851465
326652,0.6049909
326661,0.6393683
326667,0.6305502
326670,0.49330023
326672,0.3800861
326693,0.6276153
326704,0.31351456
326723,0.44330746
326734,0.46380484
326738,0.60867906
326746,0.29720253
326753,0.22824393
326754,0.16280155
326763,0.36144713
326779,0.25551707
326785,0.440721
326786,0.15644436
326787,0.7660796
326789,0.23560414
326799,0.29317507
326802,0.23913655
326804,0.2811551
326823,0.37258965
326827,0.387455
326833,0.650751
326838,0.44756195
326842,0.16083497
326856,0.7663353
326867,0.15790404
326870,0.111397676
326871,0.3714832
326875,0.3835682
326879,0.58224434
326884,0.4883868
326900,0.67093104
326904,0.13144864
326905,0.54040676
326917,0.23171401
326919,0.2181089
326921,0.7613882
326929,0.24827528
326942,0.47958598
326944,0.124455035
326953,0.5653864
326968,0.26861164
326985,0.4667279
326987,0.5715507
326988,0.33196017
326994,0.25473043
327005,0.22316751
327010,0.4503489
327017,0.5061931
327026,0.6048957
327030,0.21050835
327031,0.09655908
327045,0.7403727
327054,0.06002503
327078,0.455835
327080,0.1600208
327087,0.87657773
327137,0.25164235
327147,0.58866715
327150,0.38878137
327153,0.51917356
327160,0.44321856
327164,0.13928506
327169,0.5842744
327187,0.61420095
327188,0.38929906
327189,0.14494775
327194,0.29621413
327196,0.7450053
327202,0.5858777
327207,0.12019293
327215,0.15153147
327216,0.5470413
327220,0.3569475
327222,0.27291927
327230,0.4861153
327231,0.7244275
327238,0.389168
327247,0.040366452
327262,0.35807276
327265,0.23440169
327267,0.20276926
327273,0.030890062
327276,0.5551259
327280,0.6124862
327287,0.41050628
327301,0.4675863
327307,0.38236323
327309,0.5706547
327316,0.5675723
327327,0.4986159
327334,0.6177687
327335,0.5139794
327338,0.086768225
327341,0.34156823
327350,0.11370299
327355,0.1396789
327370,0.24459872
327386,0.18314147
327391,0.6203152
327393,0.7039054
327408,0.22526342
327415,0.83500165
327431,0.6204432
327445,0.13968989
327449,0.6638478
327457,0.57394165
327488,0.120113865
327489,0.28480604
327523,0.38506088
327537,0.2813209
327550,0.6114471
327556,0.14148736
327562,0.10370361
327567,0.7248581
327587,0.33638182
327594,0.5333409
327602,0.25790364
327604,0.2658749
327609,0.3057902
327618,0.3381112
327620,0.2650296
327626,0.72842866
327628,0.13620514
327629,0.5751709
327631,0.42166564
327633,0.30881813
327638,0.06855486
327665,0.07566986
327689,0.16504474
327697,0.21994686
327702,0.45965227
327704,0.49411306
327723,0.37057626
327726,0.13202661
327732,0.7091758
327739,0.5246004
327750,0.15125452
327751,0.2755171
327765,0.6000019
327766,0.20588006
327771,0.23452166
327772,0.83447987
327774,0.5851207
327784,0.16205807
327789,0.030885229
327794,0.17416425
327799,0.5120126
327803,0.49058172
327817,0.49941704
327819,0.24010995
327823,0.5039796
327828,0.89787865
327834,0.46782926
327835,0.24027206
327866,0.8274486
327871,0.22515537
327886,0.38781998
327900,0.27499232
327901,0.75406104
327904,0.11847162
327906,0.76043993
327908,0.36201242
327909,0.11402394
327914,0.8125794
327917,0.6503414
327928,0.4235378
327947,0.13543127
327949,0.21105145
327952,0.3306495
327954,0.22498786
327962,0.38380855
327964,0.70095354
327985,0.28830457
327996,0.3856963
327997,0.18881443
328013,0.16098608
328017,0.44945753
328027,0.35285607
328029,0.6211547
328042,0.43907332
328043,0.1753516
328064,0.65712553
328072,0.15040043
328074,0.72186965
328080,0.32686788
328086,0.5804922
328122,0.3194116
328126,0.065563664
328127,0.63268495
328142,0.15861297
328144,0.3515535
328150,0.55019456
328154,0.63594896
328160,0.29508016
328171,0.4992695
328179,0.4751634
328192,0.12976076
328195,0.3082587
328196,0.22692093
328201,0.18887167
328203,0.4886185
328217,0.45490474
328218,0.2389087
328228,0.60735196
328231,0.5858401
328246,0.48903996
328252,0.378998
328255,0.35886994
328264,0.12830485
328281,0.30211255
328282,0.13319008
328291,0.5490201
328303,0.18307252
328305,0.6802839
328313,0.35194814
328336,0.41493794
328340,0.35690784
328343,0.33270806
328368,0.85998285
328372,0.10924168
328381,0.3111057
328383,0.58077383
328385,0.20187342
328393,0.1693557
328395,0.39599383
328409,0.2140896
328424,0.36839518
328427,0.58533615
328456,0.3948345
328463,0.48209265
328489,0.57610106
328491,0.44913906
328509,0.20871387
328516,0.68780065
328524,0.16170582
328535,0.25826702
328536,0.21763882
328539,0.3319441
328542,0.8756273
328545,0.75859654
328549,0.5516845
328554,0.19871876
328558,0.53126
328571,0.34000996
328576,0.30731636
328578,0.28723076
328588,0.7488977
328601,0.16269317
328604,0.66417044
328624,0.07977689
328629,0.5296943
328632,0.14530516
328634,0.43007115
328636,0.47138706
328637,0.24552494
328647,0.31661883
328668,0.13523062
328669,0.28870854
328678,0.31989604
328684,0.3091325
328694,0.30760404
328705,0.41060358
328712,0.2651046
328720,0.47878143
328729,0.78169453
328730,0.25494576
328733,0.14003424
328758,0.63182026
328761,0.37080535
328764,0.22415864
328777,0.39345726
328783,0.5012925
328813,0.3922651
328819,0.37266305
328826,0.29497647
328829,0.3650296
328834,0.2148628
328845,0.06825296
328856,0.5298679
328865,0.5503278
328868,0.66437346
328878,0.7543142
328896,0.1320699
328899,0.07101683
328909,0.51101905
328914,0.041504383
328926,0.41805333
328934,0.29832256
328935,0.10531749
328949,0.46303567
328954,0.30356985
328957,0.31395468
328968,0.5665497
328974,0.11375066
328984,0.087076016
328991,0.22750512
328997,0.17622802
329000,0.3105064
329005,0.2854457
329007,0.45643154
329018,0.550454
329034,0.4840219
329051,0.7741294
329052,0.42629078
329055,0.55690855
329062,0.7385591
329064,0.6133749
329070,0.7631152
329075,0.22025234
329078,0.49658218
329081,0.076738045
329086,0.7146804
329101,0.22057009
329105,0.64500666
329113,0.64402217
329119,0.60056543
329133,0.26627585
329135,0.31569305
329138,0.26002192
329143,0.34626943
329157,0.39257637
329165,0.5592588
329170,0.2624449
329176,0.72158676
329177,0.40572643
329179,0.32682666
329196,0.6339161
329209,0.33101302
329219,0.6790505
329241,0.26143837
329245,0.74153525
329248,0.29723063
329249,0.300501
329251,0.14253098
329252,0.22938642
329256,0.39435488
329261,0.32157236
329264,0.7981762
329297,0.5636908
329310,0.46327662
329320,0.286335
329328,0.16881685
329340,0.5604667
329347,0.28459552
329351,0.5389854
329356,0.20922004
329360,0.86407554
329364,0.3215083
329365,0.16971771
329381,0.4183837
329383,0.5023167
329385,0.35804227
329388,0.578801
329390,0.3778163
329393,0.5100434
329403,0.43934706
329409,0.19761567
329418,0.81939405
329428,0.07487234
329433,0.33975664
329439,0.31308517
329459,0.45116886
329463,0.5184559
329475,0.3665531
329479,0.36901575
329494,0.39686513
329500,0.7814478
329503,0.06951109
329512,0.09231616
329514,0.52715284
329521,0.46202785
329526,0.47699887
329531,0.069860674
329534,0.5967147
329545,0.353235
329553,0.07032339
329569,0.27549136
329571,0.4242419
329580,0.27238658
329585,0.4927293
329588,0.73676866
329603,0.21895581
329605,0.20931149
329611,0.40485874
329613,0.37668705
329615,0.6075076
329618,0.41677764
329623,0.29740685
329626,0.42630613
329678,0.11039618
329690,0.3839658
329693,0.5760033
329698,0.6696264
329700,0.0664701
329706,0.25405246
329709,0.35880634
329713,0.6343577
329716,0.16998878
329717,0.2680016
329719,0.39008167
329720,0.21199952
329737,0.20419654
329741,0.2675398
329742,0.18265408
329749,0.4027918
329765,0.367022
329771,0.36322132
329775,0.2720137
329779,0.115263455
329781,0.23706341
329788,0.20598984
329798,0.5496391
329799,0.06451832
329810,0.5015778
329811,0.17645714
329812,0.20546629
329819,0.3843517
329822,0.56409633
329826,0.20745987
329843,0.45157418
329846,0.2139098
329856,0.6543871
329871,0.39354882
329882,0.35942954
329885,0.2738665
329893,0.5066648
329898,0.28753835
329903,0.5062864
329916,0.36239776
329918,0.12043456
329934,0.14482866
329942,0.47489855
329949,0.21026705
329958,0.7555359
329965,0.51038504
329969,0.15297921
329972,0.36774004
329981,0.72131246
329988,0.23085448
329989,0.47974324
330004,0.7821793
330006,0.82774705
330014,0.669291
330025,0.7117322
330040,0.22262132
330047,0.6088817
330070,0.3281393
330074,0.15312709
330075,0.26009622
330085,0.2543309
330095,0.42172644
330106,0.2968462
330119,0.28274658
330122,0.26528943
330129,0.60985625
330145,0.76268125
330148,0.31935734
330154,0.39661655
330156,0.28701514
330162,0.4772248
330164,0.34326193
330187,0.4599013
330188,0.5292679
330189,0.3214066
330192,0.22676508
330193,0.2129644
330200,0.36501583
330205,0.41419253
330207,0.3781556
330220,0.13423525
330228,0.773498
330243,0.4123389
330245,0.39542085
330270,0.16928959
330272,0.22722237
330279,0.11988706
330288,0.7514786
330289,0.28289884
330299,0.15029612
330308,0.2809287
330314,0.6241436
330317,0.41724035
330322,0.18492912
330332,0.31147736
330356,0.619662
330358,0.4523729
330360,0.079166114
330363,0.47441325
400830,0.14559762
330364,0.6734866
330368,0.2833348
330376,0.14539878
330378,0.5180128
330381,0.33442745
330386,0.76189274
330387,0.18621717
330395,0.5114414
330396,0.17373943
330406,0.3378642
330423,0.27028596
330430,0.24804442
330467,0.36002994
330469,0.28599456
330473,0.44755283
330479,0.59665793
330486,0.7093286
330523,0.6979274
330524,0.4759741
330540,0.35915887
330564,0.44647822
330565,0.57978743
330567,0.58405584
330568,0.29098338
330602,0.36833787
330616,0.22463727
330617,0.059361484
330625,0.7293719
330635,0.32146943
330636,0.64536196
330639,0.5489993
330661,0.41755307
330666,0.28452155
330670,0.15281929
330682,0.339347
330690,0.19170283
330708,0.42697206
330726,0.14247465
330730,0.1232338
330765,0.18646078
330776,0.27594763
330789,0.15158437
330791,0.11883494
330803,0.66766965
330805,0.07467692
330807,0.29119653
330821,0.16400322
330822,0.3912073
330836,0.1811486
330837,0.35838073
330839,0.34362274
330840,0.09528384
330861,0.28386292
330878,0.31046087
330881,0.0818868
330888,0.26874757
330890,0.717865
330903,0.63940954
330904,0.37755844
330905,0.18448421
330907,0.4492707
330915,0.16052143
330921,0.634731
330922,0.32127377
330925,0.13851765
330942,0.4965688
330945,0.30710968
330957,0.67968017
330965,0.57672316
330973,0.52471596
330979,0.10215447
330981,0.23230664
331005,0.30342874
331018,0.5669695
331026,0.21234187
331032,0.11551879
331033,0.5146296
331036,0.06328647
331037,0.1245989
331048,0.20000142
331054,0.6450265
331058,0.32961157
331063,0.4185684
331077,0.5148428
331079,0.124682814
331081,0.71296144
331082,0.30656457
331090,0.14137347
331110,0.13655503
331127,0.6458059
331141,0.24558084
331153,0.373906
331165,0.40620002
331171,0.18945725
331179,0.4220126
331191,0.8102193
331193,0.56505495
331197,0.2879431
331204,0.24611695
331207,0.62500536
331212,0.2589105
331220,0.6760361
331242,0.4158685
331244,0.5238788
331273,0.19864112
331281,0.2562395
331289,0.18701765
331293,0.29865882
331294,0.32732546
331299,0.19760117
331300,0.155892
331302,0.27922824
331322,0.22896272
331334,0.34017196
331347,0.12365703
331353,0.28730708
331361,0.15913664
331370,0.148864
331379,0.44277412
331382,0.55957025
331388,0.75153255
333455,0.7761538
331390,0.25267982
331400,0.44745147
331411,0.32678413
331431,0.10414976
331451,0.28626624
331455,0.42289245
331456,0.062265437
331461,0.20080051
331468,0.41531643
331480,0.57283586
331491,0.28835785
331505,0.7173995
331508,0.18045688
331517,0.18882255
331519,0.6591089
331526,0.13151935
331530,0.108127855
331533,0.32470235
331554,0.38675925
331579,0.18573801
331590,0.07897318
331599,0.26906335
331604,0.5093537
331605,0.52683663
331611,0.13861188
331616,0.8047943
331620,0.15704544
331623,0.67211694
331641,0.1241052
331645,0.37637126
331657,0.6124783
331662,0.30303875
331678,0.07022561
331684,0.43999857
331686,0.47763598
331691,0.44179696
331697,0.75817174
333456,0.32714602
331707,0.58616465
331709,0.057387896
331716,0.3901899
331719,0.3709869
331729,0.12363604
331735,0.30038473
331743,0.21259522
331761,0.6572552
331772,0.15338254
331777,0.36642593
331794,0.52511185
331813,0.59497976
331818,0.65303254
331834,0.4339571
331848,0.250443
331849,0.38310924
331868,0.32172832
331875,0.23852095
331879,0.3789036
331886,0.19346368
331888,0.4839254
331891,0.23903586
331903,0.12802579
331905,0.20022872
331913,0.33159453
331914,0.11891346
331937,0.101111636
331938,0.37370878
331939,0.5672226
331944,0.26091596
331948,0.5977076
331968,0.26441017
331976,0.8343776
331977,0.72177094
332007,0.5764021
332014,0.2515572
332017,0.15724634
332027,0.35690823
332033,0.20672776
332041,0.23295632
332042,0.7172492
332047,0.19852693
332050,0.6421877
332056,0.105774455
332071,0.107316844
332075,0.68394965
332076,0.26368958
332077,0.37104964
332083,0.4436005
332093,0.8058238
332111,0.237695
332119,0.3492768
332121,0.53729624
332135,0.15457419
332144,0.51468503
332147,0.43808725
332155,0.1656112
332156,0.17323208
332164,0.3359574
332166,0.11906559
332170,0.7068605
332180,0.8141377
332181,0.48101428
332184,0.48963472
332192,0.5303948
332204,0.30672368
332225,0.55832976
332234,0.37751725
332243,0.4155103
332253,0.29413205
332261,0.35530856
332266,0.148527
332270,0.40952942
332285,0.83946043
332290,0.05413177
332296,0.17558067
332298,0.48686132
332302,0.3030533
332303,0.15211476
332317,0.18211439
332318,0.43248627
332327,0.42666936
332337,0.42459983
332351,0.56971484
332373,0.16835976
332377,0.18465556
332384,0.5405245
332398,0.24441695
332404,0.4014372
332405,0.25319058
332454,0.18188374
332456,0.36642027
332464,0.7229105
332468,0.35728043
332476,0.29602805
332482,0.2933912
332483,0.26845366
332508,0.4403515
332519,0.7981911
332529,0.77833325
332537,0.69782835
332545,0.7933577
332551,0.394586
332552,0.5646145
332570,0.3627513
332574,0.49151087
332579,0.510704
332607,0.23103687
332618,0.73288834
332626,0.6063756
332628,0.1130684
332645,0.23546752
332652,0.73364586
332666,0.28004062
332694,0.13629234
332697,0.54506165
332698,0.15904401
332700,0.45102778
332708,0.7035708
332714,0.30892497
332722,0.18216191
332724,0.36318195
332730,0.19868225
332741,0.19380769
332746,0.28853017
332754,0.48890623
332756,0.64535695
332759,0.086352065
332764,0.91615564
332786,0.36239612
332790,0.24789347
332816,0.1381563
332821,0.28985628
332827,0.20526804
332829,0.12985246
332831,0.089872345
332833,0.75152826
332834,0.51984704
332837,0.18215767
332846,0.350927
332860,0.5995205
332861,0.25944707
332865,0.19439216
332882,0.33532804
332897,0.6639271
332901,0.35337976
332904,0.2467637
332910,0.872333
332911,0.19842438
332912,0.82464683
332939,0.41044196
332940,0.13653801
332952,0.18867335
332956,0.19952154
332957,0.6420583
332958,0.122158974
332961,0.6809685
332967,0.51351523
332974,0.5059761
332993,0.19050539
333007,0.3691525
333012,0.775063
333020,0.39475542
333021,0.48870686
333035,0.33307478
333040,0.51681834
333061,0.061830718
333073,0.14250736
333078,0.27463672
333085,0.28018382
333086,0.55999154
333096,0.82102346
333100,0.49475113
333112,0.17171086
333114,0.106253035
333120,0.8192941
333142,0.058947187
333152,0.093812175
333159,0.710269
333178,0.23483446
333179,0.22198576
333187,0.41975802
333191,0.5347806
333192,0.38222757
333199,0.19236648
333211,0.30216253
333224,0.20918763
333237,0.8516866
333238,0.07192229
333262,0.07342971
333268,0.44670856
333275,0.44704643
333289,0.5772683
333292,0.8423475
333303,0.32136416
333305,0.49830937
333312,0.20856176
333316,0.317661
333335,0.29657432
333354,0.30456394
333356,0.0644005
333358,0.13843597
333376,0.19743253
333378,0.3923055
333380,0.35974842
333381,0.6574955
333388,0.35679922
333392,0.097827874
333406,0.85998327
333410,0.30806163
333411,0.4027205
333412,0.5535415
333428,0.29459056
333432,0.12327843
333435,0.31187746
333469,0.43790776
333475,0.121332936
333476,0.10448127
333477,0.555166
333487,0.28309453
333490,0.341732
333497,0.8241963
333499,0.061774768
333500,0.57328314
333501,0.3348243
333503,0.20842311
333513,0.56527114
333518,0.23963463
333544,0.45154062
333546,0.71986115
333563,0.8252065
333566,0.5458163
333568,0.4570548
333570,0.27349624
333573,0.067849346
333574,0.08424516
333584,0.2829575
333589,0.19467485
333594,0.38836613
333596,0.121742904
333597,0.26128846
333615,0.253581
333621,0.31124893
333622,0.23919372
333629,0.4154578
333651,0.40350044
333653,0.55777234
333664,0.11826947
333680,0.2812531
333687,0.6203308
333688,0.1795686
333689,0.8495793
333693,0.40041143
333695,0.12740745
333706,0.112761356
333709,0.49811456
333713,0.53920543
333734,0.3230781
333745,0.6647694
333752,0.49228647
333764,0.23456481
333780,0.36213955
333789,0.4811912
333791,0.18752293
333795,0.56400704
333799,0.6468074
333801,0.49659383
333802,0.64125586
333803,0.4105038
333810,0.40463135
333837,0.19133765
333842,0.7388693
333843,0.18143444
333845,0.25757635
333852,0.7645426
333859,0.22934437
333885,0.6841721
333896,0.46400797
333904,0.52878547
333908,0.16454685
333913,0.26222458
333927,0.40887448
333930,0.3464143
333935,0.13041627
333952,0.405655
333953,0.66976666
333966,0.43598244
333968,0.11698977
333988,0.39529365
334013,0.21091819
334027,0.6493856
334030,0.45404547
334032,0.53881586
334033,0.2890698
334042,0.22990903
334045,0.6190139
334053,0.15326875
334055,0.32274756
334058,0.18169275
334063,0.64916635
334070,0.18360993
334074,0.14263882
334080,0.7365298
334086,0.33375496
334092,0.3809515
334099,0.45560586
334101,0.20925058
334103,0.2765067
334104,0.71505994
334109,0.8187173
334125,0.46527395
334130,0.4634121
334138,0.7265835
334161,0.334996
334164,0.48077035
334169,0.3029672
334171,0.10812431
334185,0.28194317
334186,0.3632789
334209,0.4689657
334211,0.28177866
334230,0.10934445
334231,0.5275646
334237,0.6234902
334241,0.70587
334244,0.8470054
334247,0.18007374
334250,0.21256498
334252,0.35885575
334273,0.14049892
334282,0.19696043
334285,0.30078673
334286,0.398275
334292,0.46712685
334296,0.17948222
334299,0.37402818
334300,0.2629732
334305,0.25660938
334307,0.8078691
334311,0.2806824
334315,0.48440644
334343,0.59994876
334344,0.16952793
334345,0.5712577
334350,0.52503884
334353,0.15722612
334365,0.3054133
334372,0.23455364
334374,0.26718387
334375,0.3801855
334382,0.6030286
334387,0.10274379
334391,0.69043654
334397,0.1817644
334407,0.17407483
334415,0.16943246
334417,0.2319237
334419,0.6511526
334431,0.29744372
334435,0.8244823
334446,0.80625397
334447,0.5089006
334457,0.19621305
334459,0.54096216
334471,0.25582805
334474,0.34896898
334481,0.15934466
334483,0.21024422
334486,0.66563934
334490,0.8260451
334492,0.66801184
334494,0.40135252
334512,0.44470665
334522,0.1121662
334527,0.2320191
334534,0.13391444
334537,0.17286557
334539,0.32941195
334552,0.44410083
334555,0.57966757
334565,0.5698639
334580,0.18370056
334585,0.40201017
334589,0.5420797
334594,0.5992844
334600,0.18107398
334603,0.22933188
334613,0.36065584
334621,0.39132562
334628,0.2266097
334631,0.5627783
334634,0.22270434
334635,0.4639962
334659,0.06623502
334660,0.1167116
334664,0.26556006
334671,0.35950673
334693,0.25468448
334695,0.58959824
334703,0.8288047
334718,0.424284
334728,0.82699573
334732,0.6846601
334733,0.67702425
334735,0.4455729
334748,0.15967087
334756,0.57297087
334764,0.37606418
334766,0.53597546
334787,0.15291752
334803,0.23455036
334806,0.6044092
334817,0.75960654
334825,0.26523826
334831,0.5182681
334836,0.47677693
334845,0.38561964
334857,0.23280431
334868,0.3532519
334871,0.43699753
334873,0.34914538
334881,0.39951807
334886,0.32884902
334898,0.42832547
334899,0.38878447
334901,0.29446912
334916,0.47555983
334923,0.6088625
334933,0.44772673
334938,0.76240265
334955,0.49791032
334963,0.80744267
334974,0.53233963
334986,0.24739805
334994,0.13624255
334995,0.47771466
335001,0.25723988
335005,0.49076965
335009,0.32187402
335014,0.23608002
335015,0.14818156
335017,0.74009365
335025,0.6780557
335027,0.6055954
335055,0.44298324
335058,0.38595414
335072,0.46713194
335073,0.050879672
335081,0.26841217
335091,0.0752427
335096,0.06257705
335097,0.20936865
335099,0.19489518
335113,0.10982044
335136,0.46026704
335140,0.270593
335141,0.10430328
335143,0.71566945
335155,0.35596797
335170,0.2452939
335176,0.30687776
335181,0.34835058
335183,0.5324949
335192,0.19697988
335196,0.8317151
335198,0.19776314
335203,0.5848032
335204,0.7222382
335218,0.36649194
335222,0.29272497
335223,0.8370135
335229,0.44581276
335231,0.5053951
335236,0.5684477
335253,0.6121647
335257,0.5355564
335262,0.24129696
335263,0.5577696
335273,0.6010419
335276,0.5064182
335278,0.17421001
335295,0.4155712
335301,0.118511744
335303,0.081854776
335305,0.6032951
335310,0.4586557
335313,0.07951388
335314,0.3594755
335319,0.30765796
335321,0.5072444
335331,0.11673543
335332,0.27489865
335333,0.47873607
335337,0.4132013
335342,0.5862898
335347,0.34363997
335351,0.5935229
335356,0.17774896
335366,0.4973807
335369,0.1926562
335377,0.6232822
335388,0.6453046
335395,0.5756607
335397,0.11899374
335411,0.32998562
335419,0.29991475
335425,0.50941473
335427,0.53425467
335443,0.14898558
335446,0.16344373
335448,0.24384728
335451,0.725157
335458,0.3112726
335459,0.4424578
335460,0.70194626
335463,0.458846
335471,0.25990975
335477,0.05088832
335478,0.44977584
335484,0.10553047
335490,0.73668844
335495,0.51110214
335506,0.57532454
335507,0.562305
335518,0.278616
335533,0.18679108
335537,0.5829375
335538,0.51345474
335549,0.53549963
335553,0.5603431
335561,0.5760424
335564,0.19467688
335573,0.3961025
335577,0.36322844
335579,0.17598513
335585,0.5467253
335590,0.4216116
335594,0.27285147
335598,0.18755828
335601,0.20655328
335608,0.39312708
335616,0.57179177
335640,0.28536016
335645,0.4618847
335653,0.34587944
335683,0.26328763
335692,0.32358631
335713,0.14841338
335726,0.09373381
335727,0.7999871
335728,0.44748646
335732,0.23912133
335736,0.36260796
335747,0.20727676
335754,0.39131716
335755,0.11315915
335761,0.50875485
335775,0.3076803
335778,0.65311617
335779,0.4982898
335787,0.17488782
335805,0.11195946
335807,0.2529619
335808,0.49421734
335815,0.5376053
335818,0.11603987
335835,0.4897029
335849,0.43042898
335850,0.41077825
335851,0.3976096
335852,0.091884464
335856,0.23829134
335857,0.4343529
335863,0.504465
335871,0.31213096
335879,0.26346534
335885,0.24628873
335887,0.71454537
335893,0.81528395
335906,0.22986926
335912,0.17414457
335921,0.45528895
335944,0.5957497
335952,0.55851096
335955,0.17360717
335956,0.16328093
335957,0.5114866
335958,0.36674237
335962,0.35832533
335963,0.26482967
335964,0.34881452
335971,0.11777571
335973,0.38635138
335975,0.53564173
335981,0.29431108
335983,0.54993
336016,0.48431975
336038,0.34751788
336039,0.11301651
336041,0.30789748
336061,0.31563497
336063,0.31043062
336067,0.1876765
336071,0.2007552
336089,0.67847306
336095,0.47104803
336096,0.58030796
336101,0.1422541
336117,0.41970465
336118,0.31013268
336120,0.6261885
336137,0.11794316
336155,0.31778103
336156,0.88211274
336159,0.18967102
336178,0.7417963
336183,0.72381103
336194,0.18249886
336195,0.7417217
336199,0.16063155
336209,0.38784695
336213,0.3490131
336214,0.45764303
336215,0.11816465
336220,0.16351388
336253,0.10646747
336260,0.7395876
336263,0.27933243
336265,0.4513745
336273,0.3588689
336277,0.26422998
336280,0.32071194
336295,0.51141304
336308,0.16224822
336309,0.30109537
336316,0.5525278
336319,0.46638227
336321,0.12963803
336322,0.78066266
336323,0.43636194
336340,0.5383367
336344,0.54635113
336352,0.41458833
336361,0.6311269
336367,0.33388236
336382,0.41027817
336383,0.61830807
336393,0.35354173
336407,0.4745606
336413,0.21313365
336418,0.64096755
336426,0.31083313
336427,0.3620108
336436,0.1774874
336443,0.39143288
336445,0.28766024
336447,0.07507886
336451,0.37151656
336464,0.2356538
336484,0.56668174
336491,0.3536693
336492,0.3475403
336493,0.56182337
336494,0.2477128
336499,0.15406689
336524,0.072025485
336527,0.34557548
336534,0.70392025
336544,0.17997546
336553,0.65213054
336558,0.2491926
336565,0.20027888
336569,0.6435359
336580,0.3772988
336586,0.14889605
336592,0.5295381
336604,0.3628821
336610,0.35921964
336623,0.61276734
336634,0.3453307
336635,0.3695625
336641,0.24033427
336660,0.13297668
336673,0.33821094
336686,0.3278876
336693,0.18427713
336701,0.13049467
336704,0.39329976
336711,0.34895375
336715,0.41877154
336717,0.08928233
336722,0.2927417
336724,0.22707583
336741,0.49960437
336745,0.09738128
336757,0.66640884
336764,0.56595325
336767,0.43422657
336783,0.28693953
336786,0.36682016
336791,0.13203287
336792,0.77216464
336813,0.49976897
336822,0.7974174
336823,0.45348662
336832,0.30144924
336843,0.4274513
336858,0.49459395
336870,0.5345334
336876,0.122960426
336885,0.25641438
336887,0.29729006
336891,0.2472223
336903,0.14117783
336916,0.51710033
336917,0.18522806
336922,0.11220438
336925,0.15199508
336931,0.7527983
336938,0.16958676
336950,0.76196414
336955,0.42953452
336956,0.50617594
336959,0.3680797
336966,0.7549964
336971,0.31859866
336978,0.17037454
336983,0.26142028
336986,0.01901218
336996,0.74219793
337003,0.80919087
337007,0.21172994
337029,0.35684443
337034,0.36154786
337039,0.12039692
337057,0.45235527
337058,0.38524425
337062,0.4706066
337080,0.22816104
337087,0.052559633
337105,0.10251322
337108,0.29826337
337120,0.34921739
337125,0.67661595
337142,0.23564814
337159,0.42890763
337160,0.20641477
337168,0.46847337
337170,0.15973373
337171,0.2820989
337178,0.5475771
337188,0.28545433
337191,0.51373506
337200,0.17372859
337207,0.20770763
337210,0.32515374
337218,0.115247115
337221,0.31196812
337237,0.14452481
337241,0.7162748
337244,0.5967929
337273,0.3569323
337294,0.25066653
337295,0.17303814
337298,0.17413673
337310,0.06484311
337326,0.21478759
337338,0.9054826
337343,0.39069656
337360,0.4335734
337369,0.6380555
337375,0.59230614
337386,0.4474624
337388,0.86496323
337405,0.4308239
337408,0.3046187
337412,0.081874594
337416,0.30501485
337418,0.6694363
337442,0.79879415
337449,0.30178422
337457,0.11575013
337460,0.3220657
337474,0.32230446
337499,0.42495558
337506,0.39625165
337512,0.574532
337527,0.3088392
337528,0.20764124
337530,0.2772776
337539,0.5049943
337546,0.1328104
337551,0.55745625
337569,0.24281956
337576,0.106224604
337582,0.2558262
337590,0.54386395
337599,0.1587221
337600,0.8269767
337601,0.85152596
337608,0.31327206
337614,0.64535755
337619,0.53956395
337625,0.7592074
337629,0.63018554
337635,0.3380263
337642,0.32915097
337663,0.7826875
337665,0.6153591
337668,0.092035055
337700,0.28792801
337746,0.13137344
337761,0.11349729
337779,0.467129
337788,0.44150662
337790,0.26675344
337793,0.4020669
337802,0.6118696
337807,0.24144351
337821,0.5401933
337840,0.32363072
337846,0.7717968
337848,0.81453454
337864,0.40810773
337866,0.44861293
337868,0.12530933
337878,0.04412111
337890,0.55919075
337896,0.53595656
337901,0.5045428
337905,0.46136212
337914,0.25190514
337953,0.40147415
337969,0.16734743
337984,0.25912443
337995,0.30707234
338009,0.19367443
338018,0.3079456
338022,0.13038133
338028,0.44638547
338029,0.4331788
338044,0.039138608
338050,0.42315865
338052,0.19521168
338073,0.7058779
338076,0.16387032
338084,0.15399486
338086,0.13846219
338094,0.29088923
338097,0.321779
338099,0.52587676
338126,0.1997619
338127,0.6081997
338137,0.74710065
338146,0.08892398
338161,0.23077041
338164,0.49529305
338174,0.05843052
338179,0.8999055
338181,0.5596171
338188,0.08947697
338189,0.43966976
338193,0.17567754
338199,0.1679923
338202,0.5740767
338204,0.5092511
338210,0.35040998
338229,0.38490433
338240,0.22965042
338250,0.30616024
338253,0.7761546
338254,0.15444888
338268,0.52998734
338290,0.35248455
338293,0.35977143
338297,0.44628945
338301,0.23578167
338306,0.25565052
338314,0.20595796
338318,0.22808588
338325,0.29395193
338340,0.63297224
338341,0.5703045
338351,0.17568819
338352,0.8064922
338368,0.1381472
338381,0.091703564
338404,0.17346807
338409,0.38294873
338417,0.16006806
338418,0.37215984
338426,0.073539205
338431,0.38385916
338435,0.2972018
338463,0.4313225
338465,0.11760729
338467,0.320557
338479,0.65688586
338495,0.25649354
338510,0.35266235
338526,0.21624877
338528,0.30641952
338530,0.33141142
338539,0.11877811
338543,0.08270845
338554,0.11497655
338557,0.5037356
338581,0.82106924
338589,0.29733017
338595,0.6933459
338597,0.2478326
338604,0.5427857
338607,0.1913582
338613,0.05216352
338615,0.1902025
338628,0.48262447
338636,0.49640295
338642,0.03893049
338669,0.19002232
338671,0.46477902
338675,0.38342902
338676,0.7069945
338690,0.28757802
338696,0.53843534
338702,0.7754927
338703,0.09506617
338709,0.5663417
338719,0.6175296
338725,0.5782218
338727,0.22226132
338732,0.22884664
338749,0.2568878
338773,0.10767379
338774,0.21658443
338784,0.69524366
338789,0.23318686
338792,0.54259455
338804,0.47996986
338808,0.7727987
338822,0.22991289
338824,0.1328803
338833,0.37275198
338836,0.6436787
338840,0.553346
338842,0.42081395
338843,0.40767542
338847,0.16222276
338849,0.57081765
338857,0.4962321
338860,0.73455864
338872,0.46738452
338874,0.28945407
338878,0.39918372
338895,0.45232347
338896,0.531691
338904,0.47043875
338920,0.52897084
338931,0.44506362
338938,0.23982784
338955,0.31991646
338962,0.20774223
338969,0.54292315
338976,0.49188033
338994,0.18845408
339011,0.13428456
339014,0.29011336
339017,0.15021342
339018,0.83185375
339030,0.20840257
339038,0.06621702
339060,0.17535603
339079,0.51607144
339082,0.11129301
339099,0.2317216
339103,0.37694716
339105,0.26531142
339107,0.103901476
339121,0.7129146
339148,0.32786936
339152,0.14589776
339154,0.5766897
339170,0.71357346
339186,0.22634059
339187,0.35409033
339193,0.2500775
339196,0.18806326
339199,0.276736
339203,0.78743213
339216,0.51856035
339228,0.44480804
339232,0.54072136
339237,0.18340932
339240,0.5264389
339242,0.10079021
339245,0.29247248
339252,0.38019592
339256,0.16966917
339258,0.59237564
339260,0.21973996
339263,0.54255027
339268,0.45882067
339269,0.60371625
339286,0.54938257
339304,0.26878312
339307,0.3530434
339317,0.30843294
339330,0.7991289
339346,0.74430156
339380,0.21510592
339381,0.12767878
339382,0.33054775
339391,0.13784026
339396,0.2634281
339406,0.44435725
339407,0.32242084
339409,0.43583083
339410,0.4579827
339425,0.46893784
339427,0.3532823
339433,0.6586818
339443,0.13786778
339449,0.37379518
339452,0.21612419
339453,0.3671818
339455,0.45734444
339457,0.30705
339477,0.37127525
339483,0.2300961
339487,0.55781883
339490,0.1308132
339518,0.25965548
339523,0.49418437
339529,0.13173729
339541,0.50442827
339544,0.44579127
339546,0.73285204
339559,0.686895
339563,0.10549186
339573,0.36531845
339591,0.27778488
339593,0.44602337
339599,0.2823722
339604,0.7812093
339615,0.36225703
339621,0.048161652
339625,0.7331755
339642,0.4221973
339647,0.77476436
339650,0.6296656
339656,0.21472688
339659,0.32243052
339681,0.47155198
339683,0.52233905
339684,0.4506226
339689,0.4295671
339694,0.15802105
339699,0.5371172
339718,0.6566416
339727,0.6370819
339735,0.2780593
339736,0.20350005
339745,0.17694704
339755,0.35744426
339758,0.14777483
339770,0.07241238
339772,0.2609803
339778,0.24875127
339786,0.30586398
339787,0.76362854
339788,0.6153638
339799,0.34618413
339814,0.34557188
339837,0.15175411
339842,0.29364157
339845,0.45088175
339852,0.3794965
339857,0.6544146
339864,0.4300432
339872,0.41582033
339873,0.07039572
339874,0.37145653
339875,0.4339351
339879,0.7427501
339884,0.18585838
339888,0.3084333
339891,0.733513
339905,0.49028352
339920,0.4422936
339934,0.4552531
339938,0.5134996
339948,0.1699925
339949,0.26987275
339953,0.21097913
339954,0.20061034
339957,0.32938448
339958,0.60167
339971,0.1906358
339975,0.29502976
339978,0.10615088
339984,0.2195231
339993,0.21644527
340009,0.20345
340012,0.21026036
340019,0.24708131
340031,0.3207625
340041,0.72601825
340045,0.3723499
340046,0.73843473
340067,0.19582763
340079,0.4762641
340081,0.44666153
340082,0.088348955
340090,0.20755094
340091,0.4976884
340099,0.11793308
340104,0.46940652
340109,0.43478754
340123,0.82386166
340146,0.19573796
340162,0.34228408
340167,0.5234741
340181,0.21243292
340194,0.22407646
340195,0.12950096
340198,0.45714575
340202,0.7448302
340203,0.84766877
340219,0.41504717
340221,0.28134146
340224,0.22958359
340239,0.24760441
340248,0.40173763
340262,0.45223022
340264,0.4128569
340277,0.7867541
340285,0.102888435
340292,0.31424075
340356,0.63786364
340365,0.34125996
340375,0.44203967
340377,0.05841452
340378,0.74121517
340385,0.60051847
340387,0.30062464
340388,0.34786347
340405,0.28471985
340407,0.3314001
340408,0.33193347
340416,0.33210117
340420,0.14220321
340421,0.7587222
340425,0.2883479
340430,0.38765022
340448,0.71828294
340451,0.51724297
340456,0.13005215
340457,0.43102878
340459,0.41811755
340460,0.6025124
340463,0.18693829
340464,0.429925
340486,0.13353145
340503,0.57056206
340504,0.29085964
340505,0.38663003
340507,0.3023596
340509,0.34716684
340511,0.66909826
340513,0.34667584
340516,0.79191685
340529,0.3381547
340535,0.29999533
340542,0.73691005
340545,0.3478185
340546,0.8197769
340556,0.6236512
340567,0.07820869
340576,0.32764873
340577,0.270211
340586,0.31939882
340587,0.6501123
340594,0.3225571
340610,0.9039472
340611,0.5766956
340614,0.52549034
340625,0.1788364
340630,0.71037966
340640,0.36756462
340667,0.53033406
340674,0.11722429
340679,0.69955075
340683,0.38054857
340686,0.6033964
340698,0.16173148
340708,0.13911732
340717,0.47708791
340718,0.09884961
340720,0.17540954
340726,0.101647936
340746,0.2720475
340747,0.10834018
340768,0.3350851
340769,0.32579756
340772,0.807107
340774,0.6792867
340778,0.13474938
340806,0.49467877
340816,0.41440523
340823,0.21225333
340826,0.26335046
340838,0.87798953
340840,0.38578758
340842,0.25854504
340844,0.42562366
340845,0.3457243
340853,0.69458956
340855,0.7822463
340857,0.5607762
340858,0.40546316
340864,0.677298
340899,0.44709828
340901,0.3411577
340909,0.5182119
340921,0.16631289
340925,0.47854912
340953,0.24388699
340954,0.44763717
340961,0.39548454
340963,0.6287137
340975,0.5891577
340977,0.28977558
340996,0.28547844
341009,0.4343991
341013,0.47465336
341020,0.20617554
341024,0.35211465
341031,0.27111018
341038,0.5547573
341042,0.2817865
341050,0.45983398
341063,0.6756812
341066,0.082626946
341067,0.03891186
341070,0.7792529
341075,0.36537093
341089,0.1581974
341091,0.08158494
341122,0.47972655
341132,0.3546183
341135,0.6645208
341150,0.771306
341168,0.47103545
341172,0.5626845
341182,0.41427132
341183,0.06262394
341187,0.61391854
341192,0.4636425
341194,0.22759299
341201,0.27358705
341226,0.20520626
341228,0.26684335
341231,0.35524315
341235,0.34858173
341237,0.13776962
341251,0.43337324
341278,0.46805087
341284,0.12223151
341285,0.59477806
341294,0.2734869
341296,0.31676576
341297,0.36301923
341298,0.21630493
341302,0.23372357
341304,0.3469719
341307,0.6025396
341314,0.57014626
341324,0.323934
341332,0.8768439
341342,0.26244867
341347,0.3431452
341356,0.50865686
341358,0.43829608
341365,0.4243139
341368,0.24213555
341372,0.38300118
341374,0.2633512
341380,0.31332034
341381,0.2579261
341390,0.5117963
341398,0.7149836
341401,0.52488405
341406,0.1434789
341413,0.4261206
341419,0.11540202
341421,0.3165026
341427,0.16477944
341429,0.39039993
341434,0.11865507
341437,0.19342518
341444,0.49401093
341447,0.22863752
341452,0.26380065
341458,0.7997756
341475,0.49007994
341478,0.20958684
341495,0.2039745
341503,0.21048011
341520,0.36012125
341525,0.38209608
341544,0.22074145
341545,0.17611627
341548,0.16569413
341551,0.08907358
341552,0.47929645
341562,0.63317895
341574,0.37203777
341577,0.20743038
341585,0.6634971
341616,0.4862155
341630,0.3960297
341631,0.16832134
341640,0.6546106
341651,0.1612988
341653,0.5021177
341655,0.7393859
341659,0.15281421
341696,0.7238378
341705,0.6660373
341717,0.12707087
341720,0.42372125
341728,0.4918831
341729,0.12816435
341737,0.1498447
341758,0.106167324
341765,0.35985243
341780,0.7634102
341785,0.5935703
341787,0.40205714
341790,0.4177292
341796,0.24591823
341805,0.29765776
341811,0.14691764
341823,0.18826838
341828,0.9345916
341841,0.15856391
341865,0.31219876
341873,0.36356342
341891,0.25916174
341899,0.18672532
341906,0.23070684
341917,0.11410025
341926,0.24051856
341931,0.4415517
341934,0.32051155
341939,0.6319749
341943,0.6010951
341962,0.20711417
341967,0.41669187
341971,0.41696
341990,0.12982297
341997,0.3614139
342001,0.16772401
342010,0.12166171
342042,0.61497843
342052,0.435614
342084,0.47635102
342089,0.11042236
342091,0.1737436
342099,0.17889422
342109,0.21716914
342111,0.3939308
342119,0.24499398
342120,0.6322821
342125,0.1940491
342127,0.8051121
342128,0.5735684
342135,0.37952584
342136,0.38725302
342138,0.2786986
342148,0.6582899
342153,0.61421424
342154,0.6952454
342157,0.2146048
342163,0.2098224
342168,0.3197563
342173,0.7659152
342182,0.397588
342185,0.1108223
342194,0.4371945
342198,0.50409126
342210,0.2889575
342214,0.31356263
342220,0.37510782
342222,0.11338684
342223,0.43664986
342230,0.25042126
342239,0.26603472
342247,0.5290856
342248,0.75249857
342252,0.15706122
342257,0.7613071
342271,0.77884895
342272,0.15039419
342290,0.48562035
342295,0.14603908
342297,0.39687458
342298,0.38014826
342301,0.28012297
342305,0.41894192
342308,0.104345314
342314,0.4064522
342322,0.32446536
342340,0.5701985
342350,0.2773659
342353,0.34811875
342358,0.38975862
342377,0.16693372
342378,0.10704017
342382,0.7596995
342390,0.25817943
342396,0.45771027
342439,0.45245823
342442,0.3403401
342447,0.23269708
342449,0.29270694
342450,0.699631
342451,0.624331
342454,0.6174954
342455,0.7706152
342467,0.31857613
342476,0.79259676
342481,0.6324497
342498,0.21715489
342503,0.20868036
342510,0.21354556
342513,0.41003415
342523,0.2312915
342527,0.69865716
342555,0.6035137
342566,0.4136899
342584,0.07721381
342593,0.12358222
342600,0.18627128
342611,0.3463921
342614,0.25703856
342637,0.3793558
342639,0.063279435
342656,0.7204949
342669,0.17160021
342684,0.8389673
342686,0.7218733
342690,0.82602555
342693,0.33355135
342701,0.7291241
342702,0.79082334
342703,0.42128527
342706,0.20478593
342711,0.3921426
342730,0.3771405
342744,0.53425294
342753,0.8486771
342769,0.2571215
342779,0.7878672
342788,0.2772427
342792,0.32667378
342794,0.5833313
342795,0.23415315
342799,0.20054208
342802,0.8464397
342803,0.7535302
342812,0.4553893
342820,0.5577029
342824,0.1621224
342835,0.57400537
342836,0.1547447
342851,0.550653
342860,0.41135034
342862,0.74237007
342870,0.41104734
342873,0.21834767
342894,0.072746664
342916,0.19108725
342950,0.65082926
342970,0.35658908
342971,0.520192
342980,0.16897412
342981,0.19875722
343004,0.68620825
343044,0.08148743
343045,0.8033403
343072,0.21917641
343078,0.53982913
343080,0.6316266
343085,0.3584542
343126,0.46533805
343137,0.30647615
343139,0.3329407
343144,0.51121676
343155,0.231564
343163,0.30822468
343165,0.18054566
343190,0.36509198
343205,0.16033718
343221,0.3348816
343226,0.10735194
343233,0.4072515
343236,0.5205453
343241,0.46605593
343245,0.56331027
343256,0.64244086
343260,0.30511007
343276,0.19963081
343298,0.4258261
343299,0.29808208
343310,0.607511
343312,0.51808107
343317,0.29779828
343319,0.16948342
343324,0.118752
343345,0.24300045
343348,0.45117196
343354,0.6077958
343363,0.14673923
343365,0.69245785
343376,0.15398465
343380,0.6924268
343401,0.39192706
343412,0.25176272
343414,0.25256696
343415,0.4763904
343418,0.5113669
343419,0.4978436
343421,0.43199283
343423,0.3362952
343432,0.03952664
343436,0.2917699
343440,0.7962593
343458,0.22556235
343470,0.49110916
343471,0.33580244
343480,0.28870195
343484,0.2604135
343492,0.749528
343500,0.27380648
343503,0.32304093
343522,0.5123089
343525,0.08440609
343562,0.5150972
343577,0.6513831
343580,0.6308712
343591,0.10222978
343594,0.34484923
343602,0.38636655
343611,0.14316763
343615,0.6507774
343639,0.23745823
343643,0.18604185
343645,0.27805203
343647,0.13982598
343669,0.07150859
343683,0.30835512
343702,0.89922255
343703,0.43751028
343704,0.21968102
343710,0.19748195
343724,0.70526594
343730,0.47791278
343742,0.5742756
343743,0.24238679
343745,0.1911987
343775,0.6280366
343783,0.44470653
343794,0.5289735
343795,0.21301562
343816,0.12161032
343820,0.20340611
343823,0.55681646
343836,0.1668333
343845,0.5056102
343888,0.71919453
343893,0.167889
343898,0.5029369
343914,0.18877372
343918,0.119334236
343920,0.25189674
343928,0.37127355
343931,0.39700398
343968,0.48666343
343990,0.5936248
343991,0.41510952
343996,0.39246565
344002,0.6886785
344004,0.5651238
344008,0.6705657
344011,0.25725326
344013,0.64315635
344014,0.6987621
344015,0.39214355
344016,0.30509117
344019,0.32372501
344026,0.085916705
344027,0.37098345
344029,0.40873954
344039,0.6011391
344041,0.7897808
344042,0.23179425
344047,0.5982072
344053,0.8869802
344055,0.37184152
344060,0.19335745
344064,0.23146003
344067,0.34906235
344080,0.3981621
344083,0.40328038
344088,0.0954105
344090,0.48104098
344093,0.48636976
344099,0.183541
344113,0.5774994
344114,0.47866195
344119,0.25702685
344121,0.2414054
344135,0.5785189
344138,0.30314592
344159,0.3878486
344172,0.3788982
344176,0.52640057
344192,0.18201599
344202,0.49347204
344219,0.39688239
344225,0.34105307
344229,0.81988937
344240,0.2014396
344241,0.19544719
344249,0.20360662
344252,0.81192595
344256,0.50121176
344260,0.2506975
344264,0.12974568
344267,0.3536208
344275,0.33627254
344283,0.13847265
344292,0.44313595
344296,0.23526843
344297,0.14758405
344299,0.2049211
344303,0.46406275
344313,0.45799065
344315,0.27564156
344317,0.31558585
344323,0.5015778
344328,0.5545225
344339,0.45604578
344343,0.34864008
344345,0.41520298
344356,0.41005287
344358,0.15584208
344359,0.44053584
344366,0.72732925
344370,0.41651678
344382,0.1151306
344383,0.2708914
344386,0.4112343
344388,0.7966461
344393,0.11117833
344395,0.33889985
344401,0.4389739
344402,0.6444086
344404,0.7158872
344422,0.17248458
344427,0.20146431
344433,0.21784346
344444,0.685898
344454,0.36785203
344460,0.40842137
344480,0.114023715
344483,0.13341635
344488,0.64637744
344496,0.82333624
344504,0.57750803
344516,0.41572645
344524,0.4657831
344540,0.711542
344542,0.26706952
344550,0.30241126
344558,0.047436044
344561,0.20044003
344568,0.60081166
344571,0.3988676
344621,0.2613027
344633,0.70297587
344635,0.79966867
344660,0.2691583
344662,0.33044484
344681,0.086932115
344683,0.7416312
344685,0.47331637
344716,0.865105
344726,0.14794305
344749,0.361017
344750,0.7508943
344752,0.3507984
344760,0.30001566
344762,0.6168995
344768,0.3053005
344770,0.6897081
344772,0.66195035
344778,0.3536824
344783,0.5028996
344793,0.21705134
344814,0.3289921
344815,0.1727766
344818,0.09277869
344819,0.3724436
344826,0.7556433
344828,0.87442267
344835,0.14167406
344864,0.24056874
344869,0.46440455
344875,0.87698346
344883,0.18348403
344885,0.24291891
344887,0.31126916
344889,0.63040096
344892,0.81081456
344895,0.46635586
344913,0.19431555
344934,0.09848442
344939,0.6358083
344947,0.6849069
344964,0.6752299
344969,0.22659475
344973,0.2426825
344977,0.53446895
344978,0.7009088
344991,0.4263305
345010,0.4516621
345011,0.39584604
345012,0.6797687
345020,0.31271395
345021,0.2240475
345042,0.18221736
345046,0.12610064
345070,0.32859302
345078,0.538392
345085,0.6861334
345087,0.6566239
345093,0.34679466
345094,0.6764634
345097,0.44473407
345107,0.17991441
345109,0.5299767
345117,0.30126482
345118,0.3066859
345126,0.7828179
345142,0.24632029
345143,0.059583016
345149,0.16833174
345150,0.1563341
345154,0.9166597
345174,0.22860172
345184,0.35429853
345193,0.3858278
345196,0.40541434
345202,0.2718635
345207,0.48972642
345209,0.7786627
345211,0.33042875
345212,0.5491592
345213,0.5282881
345218,0.17223097
345228,0.15631399
345234,0.23496707
345251,0.2106782
345252,0.25127113
345260,0.47518748
345269,0.054355834
345275,0.6316767
345300,0.16727857
345305,0.24345325
345306,0.7544077
345310,0.16199702
345315,0.8394532
345324,0.14890985
345329,0.29678297
345359,0.69096607
345360,0.417543
345364,0.20313622
345385,0.53224826
345387,0.079867035
345390,0.30064815
345402,0.6936117
345404,0.2177025
345405,0.28510734
345416,0.4966194
345425,0.69300467
345432,0.29577902
345437,0.65393054
345442,0.17017564
345450,0.28545356
345458,0.36220053
345467,0.37567142
345468,0.77360326
345470,0.42302075
345478,0.27482116
345479,0.79870343
345482,0.27142254
345489,0.5791228
345492,0.3929258
345499,0.58343697
345502,0.08549607
345515,0.31517223
345538,0.13432297
345542,0.35253936
345548,0.19240032
345550,0.44555992
345552,0.3680371
345557,0.23595361
345560,0.14189346
345563,0.25735787
345564,0.7090414
345580,0.21136554
345582,0.31471625
345583,0.18597633
345604,0.49446782
345622,0.47071582
345630,0.4447661
345634,0.2865778
345643,0.45718825
345646,0.095524974
345685,0.3233291
345687,0.1117862
345694,0.18731442
345717,0.4809612
345718,0.6008006
345726,0.35433197
345733,0.3382109
345738,0.37574697
345754,0.36968207
345761,0.41435042
345771,0.50927925
345778,0.22969116
345780,0.7886671
345788,0.54837877
345796,0.7504418
345800,0.7660401
345808,0.5815571
345812,0.12885858
345821,0.4091871
345822,0.56356394
345843,0.5546763
345853,0.54010147
345854,0.121778026
345857,0.096242994
345858,0.4737033
345867,0.29354048
345884,0.47981948
345892,0.2366633
345893,0.21933942
345896,0.223068
345902,0.22634284
345906,0.5034305
345913,0.19295041
345916,0.5271315
345922,0.47053313
345923,0.7867346
345924,0.18394992
345935,0.3729936
345941,0.21216445
345948,0.62779105
345953,0.22249989
345958,0.29222727
345962,0.17779124
345966,0.70186204
345973,0.15165533
345976,0.37531617
345989,0.26081672
345999,0.3518754
346003,0.24704102
346014,0.48923597
346027,0.37700105
346036,0.6641026
346048,0.17911987
346052,0.10049926
346057,0.4323348
346058,0.5509919
346064,0.7087515
346076,0.6029957
346079,0.37704545
346081,0.5688132
346091,0.26451623
346099,0.5760258
346104,0.15013155
346111,0.30988696
346117,0.7592766
346118,0.40451095
346126,0.50528663
346135,0.45025012
346141,0.53362733
346150,0.43833178
346153,0.44776458
346155,0.17791805
346164,0.44885737
346166,0.62985265
346173,0.31490362
346179,0.13698585
346184,0.33660865
346188,0.31096557
346201,0.5985431
346207,0.5037681
346213,0.39906445
346219,0.09405805
346245,0.22413793
346271,0.17647284
346273,0.56888026
346290,0.4574065
346300,0.6181912
346314,0.32137787
346328,0.1044473
346329,0.637601
346338,0.13636504
346340,0.4631089
346341,0.14662406
346347,0.27563494
346358,0.8171239
346362,0.36693975
346373,0.13760293
346377,0.47040975
346379,0.9046353
346384,0.52769804
346387,0.4245644
346392,0.28239882
346396,0.22711392
346402,0.5924078
346405,0.32591745
346407,0.17779823
346409,0.52584475
346414,0.465029
346423,0.266499
346424,0.2852354
346428,0.12014717
346443,0.38679016
346444,0.20813186
346446,0.68935156
346449,0.5044825
346456,0.18726924
346476,0.23738286
346477,0.22913799
346480,0.38652736
346492,0.55476856
346526,0.24989228
346536,0.42653096
346539,0.18176912
346543,0.5127749
346544,0.19449428
346546,0.2203155
346591,0.6739624
346598,0.4831681
346599,0.26337856
346618,0.3961856
346620,0.18204542
346623,0.4188297
346631,0.16359162
346639,0.119861625
346657,0.16030058
346661,0.6930956
346671,0.55577374
346672,0.48181704
346694,0.13176659
346712,0.6306513
346714,0.33265656
346723,0.18698402
346727,0.5516851
346729,0.3728821
346747,0.098220944
346765,0.4577755
346775,0.5618234
346784,0.46315163
346797,0.25587356
346799,0.49073413
346802,0.22314538
346807,0.15074511
346822,0.47882456
346828,0.599053
346836,0.6644621
346838,0.27467728
346841,0.5951791
346843,0.30876938
346848,0.46642786
346850,0.33661863
346851,0.3332781
346855,0.515185
346856,0.26383713
346860,0.28843635
346870,0.4006568
346881,0.70534873
346884,0.43832207
346887,0.2059816
346890,0.045956854
346904,0.3824539
346912,0.18737252
346914,0.74234563
346923,0.13318262
346924,0.53299826
346926,0.42377114
346934,0.37450093
346936,0.07415496
346951,0.3708996
346952,0.15345286
346970,0.051567502
346982,0.54713976
346993,0.08010371
347013,0.51622486
347018,0.2944111
347021,0.49173906
347031,0.46301243
347033,0.8337196
347039,0.47855675
347045,0.48270556
347046,0.49500078
347058,0.13902126
347071,0.61244375
347078,0.6782499
347079,0.27643612
347097,0.21271652
347101,0.46850383
347120,0.464443
347121,0.35216835
347133,0.14525436
347161,0.721772
347163,0.16045897
347173,0.099712364
347175,0.35985237
347181,0.07160599
347193,0.81393594
347196,0.7326326
347204,0.6734046
347205,0.57790077
347217,0.6939692
347229,0.27385718
347255,0.2774103
347261,0.3836648
347266,0.53342086
347283,0.35843465
347286,0.4594548
347302,0.313302
347304,0.3311623
347321,0.5769764
347323,0.2948414
347331,0.60949016
347340,0.32762283
347350,0.48115477
347374,0.1243578
347379,0.49686113
347404,0.6934053
347415,0.48862576
347438,0.77835023
347439,0.2628103
347443,0.57488185
347450,0.6901652
347456,0.0556651
347458,0.8521288
347463,0.42953512
347471,0.2096858
347476,0.39433426
347482,0.4263293
347483,0.21511574
347492,0.24236114
347498,0.34671256
347499,0.2587062
347501,0.46219647
347521,0.35475105
347527,0.0735202
347531,0.16666113
347540,0.17825317
347556,0.3749757
347575,0.377135
347579,0.17681746
347581,0.47408435
347583,0.322509
347611,0.29722792
347614,0.5804537
347621,0.46420255
347629,0.6434457
347639,0.6670479
347642,0.41303095
347650,0.4888877
347665,0.2538943
347674,0.1294881
347678,0.81850666
347689,0.30942422
347690,0.14050107
347708,0.37289253
347712,0.87525177
347722,0.8194895
347728,0.32721835
347734,0.32624602
347736,0.6606911
347747,0.63582903
347748,0.20984629
347753,0.5846679
347755,0.7666518
347756,0.3733511
347757,0.25994673
347763,0.5144758
347770,0.53224415
347771,0.67214197
347784,0.12993765
347792,0.33278596
347793,0.42989534
347801,0.36463317
347808,0.5373653
347821,0.26949805
347824,0.532845
347829,0.5818224
347841,0.85532975
347845,0.23942001
347846,0.83718574
347853,0.6592784
347854,0.42044073
347858,0.379031
347859,0.13224123
347864,0.092416294
347869,0.24123235
347876,0.43623996
347880,0.297351
347884,0.22242486
347888,0.10161523
347893,0.25898615
347900,0.26146135
347902,0.24129502
347910,0.27805033
347912,0.14331158
347915,0.26648003
347916,0.35130513
347919,0.18415365
347923,0.59330803
347952,0.89660716
348002,0.86581945
348003,0.18116845
348008,0.4650283
348014,0.23665483
348027,0.6733392
348031,0.28998306
348051,0.20168339
348060,0.4341997
348064,0.39372668
348066,0.3139142
348069,0.5600832
348077,0.6582999
348081,0.156395
348087,0.5241812
348088,0.19360848
348094,0.7310976
348100,0.19239992
348119,0.37918267
348122,0.4195135
348141,0.81420696
348145,0.11804508
348154,0.22005072
348158,0.26221582
348163,0.6865486
348176,0.7255632
348177,0.070666306
348181,0.73678446
348190,0.43688583
348195,0.6666339
348197,0.5181117
348200,0.118379876
348209,0.26485154
348216,0.20603067
348217,0.33377114
348223,0.6674617
348228,0.20393448
348230,0.45871392
348249,0.20473166
348251,0.49764633
348261,0.57754153
348264,0.20713739
348271,0.10255779
348273,0.27193984
348280,0.6424867
348283,0.37945023
348285,0.7126757
348306,0.6321066
348312,0.721567
348327,0.4489614
348328,0.70856327
348344,0.36245093
348358,0.68736666
348361,0.36135578
348362,0.71001416
348364,0.18704684
348370,0.21899356
348380,0.36813894
348400,0.39602306
348420,0.6183297
348428,0.5909945
348430,0.20225811
348445,0.46929917
348460,0.41934118
348462,0.2773679
348465,0.63587874
348481,0.22169216
348482,0.27219635
348485,0.20025861
348491,0.50490016
348492,0.755649
348522,0.5958805
348531,0.2916068
348536,0.22438985
348546,0.6750084
348547,0.17293888
348548,0.51457447
348551,0.22611147
348554,0.7851796
348564,0.38206488
348571,0.68339646
348577,0.5335783
348593,0.5516783
348595,0.66916186
348606,0.21624419
348621,0.09197052
348630,0.4396865
348633,0.88362783
348644,0.574414
348646,0.12087042
348680,0.33061534
348692,0.51236576
348698,0.6074832
348703,0.640247
348712,0.4088002
348726,0.75944036
348727,0.2432724
348731,0.24571647
348733,0.36787146
348747,0.46159706
348753,0.0957409
348756,0.31565872
348760,0.5392072
348771,0.38709217
348785,0.18870384
348789,0.4613269
348793,0.13096632
348797,0.08490418
348799,0.13745068
348811,0.32079598
348812,0.19088022
348818,0.1560132
348822,0.45832005
348833,0.5573035
348849,0.3734787
348875,0.37791154
348878,0.2320798
348879,0.35103855
348884,0.87373924
348887,0.18961361
348890,0.4125629
348901,0.17049614
348911,0.41858527
348936,0.12986891
348941,0.2654728
348949,0.27148595
348950,0.15854222
348952,0.07506694
348954,0.25355187
348971,0.33190355
348979,0.77074116
348985,0.4852427
348989,0.4116659
348999,0.32093534
349006,0.5025641
349013,0.76662505
349015,0.3837183
349024,0.18339942
349033,0.30446067
349047,0.23265556
349060,0.3181462
349065,0.43448654
349071,0.8460381
349081,0.44247484
349088,0.48696122
349093,0.15846252
349101,0.15934727
349107,0.658358
349113,0.2027052
349123,0.45146918
349125,0.27429172
349129,0.39945734
349131,0.48288262
349132,0.2825955
349163,0.31533283
349168,0.19560666
349172,0.26646423
349187,0.09024294
349192,0.7097957
349193,0.3684011
349203,0.3462062
349227,0.6871712
349234,0.61201936
349248,0.22140512
349249,0.32595417
349254,0.27959934
349259,0.46758294
349265,0.60590994
349276,0.29895982
349281,0.5033083
349283,0.35524088
349288,0.5526198
349297,0.73880553
349299,0.48386976
349304,0.088515796
349306,0.29445454
349310,0.41516113
349314,0.23581162
444093,0.52793974
349320,0.38977233
349326,0.53204
349329,0.22281171
349337,0.56496954
349357,0.41420898
349363,0.062810555
349374,0.10961862
349375,0.4077071
349394,0.4080606
349399,0.4020752
349404,0.16601098
349419,0.3022586
349422,0.74543434
349425,0.79444635
349432,0.16925845
349433,0.682806
349436,0.03811579
349437,0.19511561
349439,0.25814143
349484,0.23798539
349488,0.2822693
349490,0.4739956
349538,0.74280757
349541,0.190775
349543,0.12118552
349552,0.2761645
349560,0.45048156
349565,0.45913824
349570,0.599098
349586,0.3381457
349589,0.25505343
349592,0.4851442
349596,0.60300463
349598,0.10940367
349601,0.1887415
349608,0.8508279
349615,0.65699446
349645,0.28273794
349654,0.5666166
349671,0.35309368
349679,0.57119703
349693,0.48812628
349706,0.76004094
349707,0.5485862
349708,0.32130563
349719,0.37539667
349727,0.70089716
349730,0.3027582
349735,0.66416556
349744,0.5712033
349745,0.37084955
349760,0.73353076
349765,0.33864215
349778,0.5289984
349787,0.44214517
349802,0.3630061
349812,0.8214405
349815,0.13121219
349847,0.479553
349854,0.29930416
349855,0.6837027
349872,0.15523008
349873,0.5644375
349874,0.28114027
349886,0.12842482
349887,0.6366255
349911,0.34118122
349916,0.25515303
349920,0.7687723
349921,0.20376052
349929,0.39945808
349931,0.4756218
349935,0.13827762
349939,0.27773386
349960,0.37297577
349967,0.46959656
349969,0.732739
349971,0.6382507
349977,0.15786739
349979,0.40004656
349981,0.5256134
349982,0.6299909
349992,0.21994673
444104,0.06823766
349994,0.3985121
350005,0.09575827
350006,0.1037955
350009,0.46975538
350017,0.21649899
350021,0.6248701
350023,0.3327729
350032,0.22850652
350033,0.27581367
350036,0.58705765
350037,0.18239167
350048,0.7917301
350052,0.46402285
350063,0.22030014
350077,0.4645143
350078,0.7230052
350086,0.7854975
350087,0.17209907
350107,0.11125966
350110,0.3875527
350114,0.3534386
350119,0.816169
350139,0.21238393
350154,0.36863282
350174,0.6725983
350177,0.49544448
350190,0.8652067
350193,0.5616596
350203,0.07271873
350206,0.66569996
350210,0.5036183
350225,0.43997818
350242,0.13979785
350264,0.31588152
350273,0.1401483
350277,0.41216186
350283,0.19539143
350286,0.3559906
350288,0.11927086
350290,0.44133055
350293,0.34821725
350310,0.829131
350327,0.75484014
350330,0.28495872
350334,0.79990226
350340,0.10761427
350342,0.577059
350344,0.5294576
350370,0.28078514
350372,0.7392073
350376,0.67190915
350387,0.28821382
350389,0.59549516
350395,0.7598378
350397,0.6979555
350433,0.34905756
350436,0.7085139
350442,0.062246196
350445,0.18945873
350446,0.72275954
350457,0.7030288
350480,0.1800611
350481,0.14448915
350484,0.64712584
350494,0.17341922
350511,0.36667123
350529,0.1114663
350531,0.11542593
350535,0.21827857
350539,0.115991585
350543,0.2695432
350544,0.40787038
350550,0.31737188
350558,0.3661472
350569,0.6086952
350571,0.56057805
350577,0.29897612
350582,0.46191972
350585,0.22216827
350596,0.1259434
350598,0.35159892
350599,0.4938552
350602,0.30386502
350612,0.17503335
350621,0.7034886
350626,0.29423591
350628,0.25687248
350638,0.5707463
350646,0.68253434
350652,0.1887165
350665,0.19190468
350671,0.37734464
350677,0.44212326
350694,0.69530267
350697,0.5368122
350699,0.6317254
350703,0.51562065
350705,0.74223435
350708,0.105416045
350724,0.36060834
350731,0.18910202
350740,0.13164945
350745,0.41755807
350749,0.30113524
350754,0.38550884
350757,0.1022609
350764,0.32718232
350766,0.5060855
350779,0.53380597
350794,0.43684068
350805,0.21438484
350810,0.36649555
350817,0.3282671
350825,0.18394987
350829,0.22815806
350832,0.07044499
350841,0.065187365
350855,0.349251
350862,0.1429011
350867,0.30302534
350871,0.16082859
350874,0.5111504
350891,0.23953189
350895,0.5031912
350898,0.5045618
350899,0.12991837
350902,0.26885417
350913,0.2481191
350916,0.11698394
350933,0.14458807
350944,0.20515072
350954,0.7114161
350959,0.16254926
350965,0.09595204
350969,0.42055118
350984,0.4188722
350997,0.25535464
350999,0.7260407
351002,0.67506087
351008,0.24051249
351014,0.4459969
351025,0.65479344
351026,0.4099085
351046,0.55237025
351048,0.07951782
351070,0.35742414
351073,0.4177745
351079,0.3148711
351085,0.6170785
351091,0.37492332
351094,0.3452315
351115,0.21297634
351117,0.30403987
351126,0.4949258
351142,0.12545726
351151,0.0843906
351171,0.17499943
351178,0.3059996
351186,0.09887678
351194,0.79311997
351201,0.18733433
351223,0.75559694
351225,0.5481742
351226,0.44923753
351227,0.52865267
351240,0.58469456
351243,0.10403323
351244,0.6888311
351245,0.28736264
351248,0.30300546
351252,0.24256882
351259,0.5464668
351265,0.454209
351291,0.49703732
351292,0.28830954
351294,0.43439794
351298,0.16245379
351303,0.65665394
351311,0.0961578
351326,0.38114318
351331,0.58010006
351338,0.34112108
351339,0.2631015
351364,0.51565146
351380,0.41122386
351383,0.45527652
351385,0.11472862
351386,0.16213422
351389,0.56362736
351392,0.653317
351393,0.41923758
351407,0.7621067
351419,0.13774621
351422,0.3957845
351423,0.7482231
351430,0.43528336
351446,0.23159623
351454,0.25373816
351458,0.37601787
351461,0.23334512
351489,0.14397787
351495,0.21610104
351520,0.51600224
351526,0.71041226
351535,0.1857421
351541,0.1166326
444113,0.18564041
351567,0.24091111
351580,0.42383918
351581,0.85735005
351584,0.16574341
351587,0.35956904
351589,0.41931784
351593,0.7176592
351616,0.5501961
351619,0.3615873
351625,0.44809768
351626,0.13266927
351635,0.22241656
351641,0.45222455
351655,0.09753812
444118,0.6049841
351658,0.43243542
351669,0.764727
351670,0.34989792
351671,0.26459423
351680,0.19769627
351687,0.11012294
351699,0.12386978
351722,0.4491512
351725,0.6998478
351740,0.4706648
351747,0.42301443
351758,0.39370212
351771,0.16445708
351780,0.35686463
351786,0.14209893
351789,0.343751
351796,0.22125629
351801,0.5216931
351814,0.14703223
351817,0.40520447
351819,0.60474086
351825,0.718316
351830,0.52796304
351831,0.5875712
351834,0.31324598
444122,0.21646005
351836,0.38329294
351837,0.41671318
351838,0.49403876
351839,0.47071514
351846,0.79478556
351863,0.5543541
351864,0.22723724
351880,0.37082103
351887,0.634854
351891,0.37343955
351892,0.5519841
351898,0.660061
351907,0.40300113
444123,0.4514601
351916,0.28343767
351936,0.28084671
351937,0.42223185
351945,0.5201528
351957,0.3446468
351958,0.47305128
351962,0.2473686
351967,0.5067311
351970,0.51550835
351973,0.641094
351978,0.10276487
351984,0.15454349
351989,0.665134
351992,0.53807473
352015,0.38001877
352036,0.10104067
352043,0.2031241
352049,0.2545598
352053,0.11223983
352056,0.14095367
352058,0.3012733
352064,0.100408845
352065,0.20348865
352075,0.13286044
352092,0.3559725
352096,0.21073934
352097,0.12200657
352102,0.13929985
352103,0.06204807
352117,0.35121852
352119,0.13866398
352139,0.38326916
352145,0.11524301
352158,0.41779014
352198,0.45067877
352199,0.2239281
352200,0.5780841
352205,0.53369427
352241,0.23284696
352244,0.6650033
352258,0.58020145
352260,0.19624966
352266,0.33390477
352273,0.41646674
352283,0.123229
352303,0.6067524
352304,0.6891827
352351,0.48132858
352353,0.32486606
352379,0.20859475
352389,0.6704765
352390,0.29430413
352391,0.4881098
352403,0.28960046
352407,0.18589112
352409,0.7563006
352421,0.11681426
352425,0.4372083
352447,0.12970792
352450,0.36397147
352451,0.5616634
352457,0.2632042
352468,0.5211797
352482,0.26105112
352495,0.13734965
352501,0.6160965
352506,0.9009298
352508,0.56559205
352522,0.5130835
352528,0.69638133
352539,0.3900471
352540,0.09542731
352551,0.4117743
352560,0.21385968
352561,0.64218146
352565,0.44419706
352566,0.200855
352584,0.61329263
352592,0.27615064
352626,0.6460748
352650,0.12977372
352655,0.12523408
352668,0.668237
352670,0.061070852
352685,0.69974566
352690,0.5115765
352692,0.22244218
352694,0.2927998
352700,0.21065971
352701,0.40138304
352708,0.5181388
352711,0.60756695
352734,0.44609752
352738,0.51822835
352742,0.21464436
352745,0.75709784
352746,0.25146377
352751,0.33767745
352762,0.50341564
352767,0.17070217
352768,0.32926124
352785,0.11014175
352788,0.14392659
352795,0.34967998
352814,0.32509184
352825,0.21413964
352827,0.22494699
352828,0.21212709
352830,0.54483956
352850,0.44432962
352890,0.097326815
352901,0.1109165
352907,0.21080841
352909,0.6389205
352913,0.15527426
352925,0.38230082
352927,0.30317852
352928,0.58031356
352938,0.5716159
352942,0.36144954
352943,0.84839636
352952,0.32341442
352958,0.27519506
352962,0.40779495
352967,0.30512005
352972,0.4155746
352988,0.055593286
352991,0.120247915
353002,0.4481067
353008,0.49431565
353011,0.24195375
353014,0.51061803
353018,0.0837621
353023,0.12687011
353029,0.19862619
353031,0.41685435
353035,0.5457471
353037,0.47764197
353042,0.31219867
353054,0.4347504
353078,0.28292596
353122,0.5133747
353123,0.2339668
353140,0.23862399
353145,0.47005805
353167,0.5378779
353177,0.5765182
353179,0.80145633
353185,0.22733165
353194,0.698493
353195,0.39124033
353208,0.6702915
353210,0.4501502
353214,0.62643063
353215,0.48128363
353240,0.6023715
353241,0.33435553
353247,0.23379047
353259,0.5477668
353262,0.6689539
353264,0.45733
353278,0.39636084
353279,0.41321912
353280,0.50342584
353287,0.6908949
353288,0.22210386
353290,0.33976695
353299,0.22555484
353314,0.71530354
353328,0.4170075
353340,0.21593848
353350,0.28811866
353352,0.08339985
353364,0.4390486
353371,0.17961635
353373,0.342703
353374,0.7960881
353389,0.22912271
353395,0.4927087
353419,0.9231909
353427,0.21378553
353441,0.4654528
353454,0.09071531
353469,0.7346708
353475,0.67795086
353481,0.121179976
353483,0.32681888
353484,0.5077823
353488,0.475023
353496,0.08943983
353504,0.17503701
353505,0.51458895
353509,0.31430537
353527,0.25515634
353574,0.44140476
353585,0.530208
353595,0.4880577
353598,0.08339139
353602,0.5317932
353631,0.14064723
353635,0.24155043
353654,0.35034558
353682,0.7165522
353688,0.63749105
353695,0.36663038
353711,0.15318312
353724,0.5097165
353729,0.43780306
353732,0.0842704
353749,0.61484826
353750,0.1408984
353752,0.61436427
353761,0.13485953
353782,0.121100046
353784,0.29192707
353801,0.13888733
353809,0.42446622
353812,0.48253015
353814,0.34916326
353821,0.274023
353832,0.5581924
353845,0.48486722
353860,0.28374895
353863,0.2810469
353867,0.33972368
353876,0.41915613
353905,0.34696788
353923,0.09211057
353934,0.32788622
353943,0.2530827
353945,0.31233206
353973,0.18623705
353995,0.08558898
354001,0.59590775
354003,0.54035836
354011,0.088850066
354020,0.3690192
354024,0.5695652
354027,0.35239607
354031,0.32527837
354036,0.22296134
354037,0.578744
354039,0.19115274
354044,0.3877593
354058,0.15282315
354071,0.19376168
354080,0.51704276
354084,0.25671932
354085,0.25444138
354089,0.18462463
354099,0.27177224
354100,0.32639083
354104,0.2171535
354106,0.42891324
354107,0.6116985
354111,0.18480141
354114,0.7229714
354115,0.5477367
354122,0.7436631
354130,0.44176915
354139,0.42827886
354140,0.22154865
354145,0.33957943
354149,0.087303296
354167,0.1315905
354173,0.8367569
354176,0.30122447
354178,0.38895258
354182,0.3064927
354184,0.13553295
354186,0.3667678
354192,0.16118729
354209,0.40372214
354214,0.4025937
354218,0.7562038
354230,0.7981915
354251,0.256181
354257,0.524308
354264,0.77768284
354265,0.2505978
354267,0.25898165
354272,0.15571773
354273,0.5529665
354285,0.3274351
354298,0.49185184
354309,0.22584991
354312,0.51884425
354320,0.27561453
354322,0.25360477
354327,0.20774043
354333,0.6693288
354335,0.6100823
354344,0.6938337
354355,0.40368962
354358,0.24882233
354365,0.37147146
354368,0.481071
354377,0.38895136
354386,0.3599775
354390,0.3431409
354394,0.19234362
354398,0.112699285
354402,0.3367186
354403,0.1043244
354406,0.7048052
354414,0.44563442
354421,0.16997652
354430,0.5524564
354445,0.37054053
354470,0.13281001
354479,0.2699441
354481,0.14871415
354483,0.5546179
354497,0.4332702
354511,0.33670875
354533,0.14321184
354549,0.84685856
354561,0.7043049
354570,0.38484308
354571,0.3406512
354577,0.64768493
354586,0.3736882
354598,0.6275156
354601,0.33476904
354602,0.24912474
354603,0.20430325
354606,0.28566125
354612,0.087596096
354613,0.12755433
354616,0.47319812
354624,0.36618957
354625,0.7700228
354636,0.25808606
354639,0.43045115
354640,0.117888205
354644,0.48350507
354650,0.21378511
354666,0.5300985
354673,0.35559484
354674,0.29037318
354677,0.48608208
354684,0.46620193
354694,0.7557611
354698,0.29039383
354708,0.36039862
354709,0.22904024
354720,0.2320036
354738,0.329179
354740,0.31701612
354757,0.31774852
354768,0.37683466
354775,0.5151214
354776,0.4913471
354792,0.47564936
354803,0.5026768
354809,0.24179874
354817,0.13533174
354818,0.08651478
354830,0.16005208
354832,0.48649788
354838,0.5862999
354839,0.2664055
354851,0.45761174
354861,0.43825355
354865,0.6022419
354890,0.3670921
354893,0.6251124
354898,0.4843998
354900,0.5892111
354910,0.78228146
354913,0.30486986
354937,0.27141827
354942,0.18416621
354953,0.12884615
354956,0.4049121
354958,0.39625454
354960,0.50089115
354984,0.53723484
354993,0.24847066
355017,0.6807873
355025,0.30939314
355026,0.29806438
355041,0.5151199
355043,0.24689418
355048,0.14746784
355057,0.31035742
355071,0.3507559
355075,0.45000094
355081,0.276142
355083,0.4700531
355090,0.277743
355105,0.7943861
355107,0.2682584
355108,0.5981753
355109,0.6882759
355114,0.489643
355117,0.5531612
355127,0.09194064
355148,0.17399538
355174,0.6584484
355180,0.3005975
355181,0.3344313
355184,0.68726355
355201,0.100359365
355207,0.5226123
355209,0.34651843
355217,0.32435107
355218,0.1712096
355237,0.28458327
355239,0.21597116
355241,0.6014165
355243,0.7713293
355250,0.77655524
355275,0.0933846
355282,0.2536205
355284,0.10060326
355287,0.53309196
355293,0.65859723
355296,0.27905473
355305,0.5563708
355312,0.51833856
355320,0.53826433
355327,0.2926705
355328,0.116526805
355333,0.15600741
355335,0.33625367
355336,0.6257975
355337,0.6411995
355338,0.50675267
355341,0.17628646
355355,0.6515077
355358,0.52579117
355360,0.7943552
355372,0.5634949
355382,0.11573804
355385,0.42409897
355393,0.8601464
355404,0.1391409
355408,0.5119059
355417,0.11855738
355418,0.24278744
355431,0.11479196
355434,0.08985912
355445,0.569475
355502,0.31245875
355503,0.49993706
355511,0.3931263
355517,0.715119
355519,0.4628316
355524,0.25544193
355536,0.12294781
355549,0.069414236
355550,0.4708733
355560,0.4454955
355569,0.13033266
355571,0.123121575
355572,0.3829092
355575,0.28444833
355578,0.51780266
355584,0.53715587
355588,0.5133378
355592,0.7104756
355604,0.20292017
355638,0.36082846
355646,0.46769705
355649,0.2961048
355656,0.13767602
355657,0.25155205
355666,0.33345643
355681,0.7198802
355697,0.28047112
355700,0.4912765
355701,0.5229372
355703,0.4070148
355704,0.6631773
355708,0.15201817
355736,0.51940644
355743,0.5674561
355769,0.3243002
355773,0.62082386
355781,0.23744927
355785,0.39756858
355786,0.7129152
355798,0.15412311
355817,0.5347209
355819,0.32891947
355826,0.25408313
355842,0.7296174
355846,0.3578821
355855,0.1777694
355870,0.3440312
355873,0.13267514
355874,0.8166366
355876,0.68961877
355877,0.18596546
355880,0.122805744
355920,0.3566195
355922,0.10760678
355930,0.2534203
355935,0.16601922
355942,0.39697105
355963,0.483279
355971,0.33972275
355973,0.14828959
355980,0.45605877
355981,0.42466047
355984,0.53687006
355987,0.7721503
355996,0.7327071
355997,0.09767219
356013,0.2693207
356016,0.22681217
356025,0.6295781
356027,0.19826122
356035,0.22442217
356036,0.57555014
356038,0.50282407
356041,0.1762476
356057,0.25488818
356063,0.19129898
356077,0.1928505
356080,0.6123311
356086,0.16840774
356102,0.3351004
356106,0.43363354
356118,0.2506801
356140,0.2755776
356150,0.70764524
356153,0.24252881
356159,0.32861587
356163,0.61805606
356164,0.2429798
356168,0.58977324
356169,0.23166548
356170,0.26894632
356199,0.25193143
356211,0.16272466
356220,0.44143003
356246,0.105670065
356249,0.26226303
356255,0.68234795
356258,0.5337087
356262,0.5328895
356273,0.06682712
356279,0.7004918
356281,0.23101395
356308,0.68272114
356324,0.65688396
356327,0.36186543
356328,0.07714453
356331,0.38028917
356336,0.38275832
356345,0.2486996
356382,0.14660113
356395,0.45490223
356399,0.5738796
356400,0.15150675
356413,0.25964537
356414,0.49550673
356418,0.33245653
356427,0.32362348
356433,0.11608196
356439,0.14549291
356444,0.284647
356475,0.38751355
356480,0.43858653
356482,0.734801
356497,0.08491622
356512,0.33730662
356517,0.7621587
356536,0.378155
356539,0.36511227
356551,0.3000907
356556,0.69906265
356558,0.75870043
356559,0.17120022
356563,0.14828147
356578,0.5280105
356583,0.8189254
356584,0.73014855
356592,0.28157306
356594,0.181798
356596,0.3797628
356597,0.07327241
356598,0.30311638
356602,0.28859875
356609,0.5589586
356624,0.65549666
356626,0.28949243
356627,0.22212657
356641,0.21574342
356648,0.4882174
356649,0.46170127
356650,0.3026958
356651,0.14713389
444128,0.23841444
356659,0.19556452
356676,0.46213692
356687,0.7295701
356689,0.37835392
356698,0.24367672
356726,0.2377615
356732,0.26777384
356741,0.82616556
356742,0.12887035
356746,0.2824903
356750,0.46894112
356754,0.5445444
356760,0.19647339
356762,0.11364628
356763,0.357625
356777,0.41736984
356784,0.48484388
356795,0.6567444
356801,0.1506128
356802,0.19063061
356808,0.3276585
356813,0.49822894
356816,0.4735014
356818,0.6014943
356825,0.5035312
356828,0.24685962
356836,0.32431614
356854,0.54972327
356857,0.38371724
356865,0.33963412
356873,0.23001409
356879,0.07917397
356880,0.29265505
356885,0.5116085
356889,0.24994873
356903,0.1978637
356905,0.15168746
356913,0.51086974
356916,0.068549946
356939,0.46805876
356944,0.56620395
356952,0.82127345
356958,0.64764774
356963,0.23903418
356967,0.058191594
356970,0.16200048
356977,0.10763455
356980,0.29608354
356981,0.26614258
356983,0.37688485
356998,0.90811896
357005,0.2995064
357022,0.3456382
357032,0.40998933
357033,0.6515209
357035,0.39686632
357047,0.37370804
357054,0.12684809
357057,0.6068446
357069,0.4625521
357096,0.6837814
357102,0.5848247
357118,0.33419347
357124,0.44795302
357137,0.43087345
357138,0.39363986
357149,0.30704904
357151,0.1889318
357157,0.37849948
357158,0.7830726
357162,0.080370486
357163,0.2900346
357171,0.1921051
357175,0.11419544
357192,0.10098612
357200,0.45897323
357204,0.24442704
357206,0.36472443
357215,0.60483825
357221,0.29329258
357228,0.15091415
357247,0.374211
357249,0.2534635
357268,0.30567053
357270,0.28279167
357279,0.52250344
357287,0.15392259
357293,0.19347063
357306,0.32496285
357308,0.70417213
357321,0.46358603
357326,0.709054
357340,0.11336582
357342,0.52593595
357352,0.20526728
357361,0.31156778
357368,0.32884803
357370,0.34955686
357377,0.28301442
357382,0.037866205
357383,0.22774658
357384,0.3778217
357398,0.2442209
357415,0.26663208
357420,0.4765085
357439,0.35212347
357440,0.07272952
357458,0.1701154
357464,0.4526263
357467,0.19349308
357469,0.792318
357472,0.5204826
357489,0.72945434
357504,0.70504147
357522,0.17809698
357527,0.16996422
357547,0.47761258
357550,0.31533697
357558,0.31261593
357559,0.4811159
357562,0.19854759
357572,0.2635216
357583,0.6028534
357585,0.65212095
357598,0.20007496
357607,0.26720777
357613,0.22000517
357627,0.23759848
357630,0.26700404
357631,0.8920611
357680,0.075647116
357694,0.21090856
357698,0.6538427
357699,0.21121821
357707,0.16394916
357732,0.14588976
357748,0.6470361
357755,0.6831461
357767,0.5584533
357786,0.09681959
357791,0.42857456
357799,0.13260323
357824,0.121190295
357830,0.11912147
357832,0.25049478
357840,0.4724413
357863,0.4759261
357865,0.2268119
357868,0.62195635
357869,0.051350065
357878,0.47876444
357886,0.64375335
357891,0.1996491
357897,0.15003529
357915,0.8087922
357927,0.301219
357947,0.29041183
357958,0.2717855
357959,0.23996024
357976,0.3711776
357992,0.78787655
357995,0.13657217
357996,0.28774893
358020,0.64045084
358022,0.7503396
358023,0.24973248
358029,0.18319307
358040,0.5882328
358059,0.15104511
358071,0.2203632
358076,0.2206175
358095,0.31654674
358096,0.2787519
358104,0.37463766
358110,0.34427124
358122,0.51769215
358137,0.23004478
358147,0.49707365
358149,0.35019946
358155,0.5994383
358161,0.61523813
358163,0.39304546
358172,0.39481264
358178,0.45266643
358183,0.56741923
358186,0.084752396
358189,0.30984786
358198,0.3255807
358211,0.37542167
358219,0.28701097
358220,0.4271988
358225,0.7909911
358231,0.1471849
358233,0.24092402
358247,0.66179967
358258,0.5773252
358264,0.3881727
358271,0.79747385
358273,0.31594428
358275,0.26438463
358278,0.40613776
358287,0.58185923
358309,0.3471599
358327,0.23511964
358342,0.24652739
358348,0.43513748
358352,0.12097118
358373,0.5543838
358384,0.14084865
358394,0.2837287
358405,0.75721204
358409,0.10317909
358412,0.73333114
358424,0.3946042
358427,0.08610094
358434,0.60656214
358444,0.7119283
358448,0.13891798
358449,0.43080467
358458,0.07660457
358472,0.5015674
358483,0.40563452
358490,0.24721296
358503,0.14218329
358504,0.22446594
358505,0.3300096
358512,0.8213265
358513,0.33336747
358528,0.3022392
358532,0.27631176
358536,0.41278997
358538,0.1944239
358559,0.4163225
358590,0.7205085
358601,0.6012244
358627,0.22286205
358631,0.532172
358632,0.15966456
358640,0.49286097
358649,0.57267255
358650,0.06625878
358653,0.10328296
358676,0.09734914
358679,0.43108013
358695,0.5837986
358703,0.36902156
358705,0.24992527
358710,0.07535716
358730,0.2370055
358731,0.33902082
358735,0.64655405
358744,0.4307039
358748,0.41625
358750,0.2768357
358752,0.05568683
358764,0.6112923
358777,0.25032985
358786,0.63467366
358789,0.26323822
358805,0.57500815
358809,0.13557631
358810,0.2780991
358824,0.3036216
358829,0.61716425
358838,0.5820574
358840,0.43547156
358841,0.35279197
358854,0.40102756
358873,0.8628888
358879,0.4118981
358884,0.50804764
358885,0.07026797
358886,0.15366437
358892,0.3039246
358895,0.422999
358906,0.08916823
358910,0.24126643
358911,0.12253997
358924,0.73638904
358929,0.31213987
358937,0.57738984
358949,0.72512674
358955,0.31028345
358956,0.60328585
358959,0.21863724
358960,0.28076392
358969,0.2456838
358983,0.14412755
358990,0.5666821
358992,0.06902129
358994,0.24896385
359004,0.25994393
359015,0.2933341
359023,0.49038947
359030,0.1533396
359032,0.19416761
359038,0.51725906
359044,0.4588441
359049,0.3780935
359050,0.3545154
359064,0.26415586
359095,0.40241197
359100,0.6205913
359105,0.08826135
359116,0.66049963
359134,0.43842608
359136,0.59535503
359143,0.29485995
359147,0.2816676
359175,0.3502978
359182,0.22869097
359188,0.1732981
359196,0.18669757
359198,0.43987352
359202,0.2822338
359212,0.4814583
359229,0.51196295
359232,0.60836107
359247,0.3110485
359258,0.56989443
359260,0.7552574
359261,0.64447606
359262,0.87904966
359268,0.24968459
359285,0.16305271
359293,0.3208378
359294,0.12953079
359297,0.22439556
359299,0.24711934
359311,0.07209788
359319,0.26217863
359320,0.16978143
359322,0.6418236
359353,0.2748421
359355,0.4699215
359360,0.62620425
359367,0.3058528
359369,0.14196183
359372,0.077805385
359377,0.2916598
359381,0.12898666
359382,0.4280142
359387,0.60667324
359389,0.119920366
359392,0.5364142
359437,0.71353376
359438,0.17251389
359440,0.24822749
359442,0.35693353
359455,0.3342976
359474,0.6274448
359475,0.48744133
359480,0.8850241
359485,0.37861374
359493,0.09738397
359497,0.14432724
359505,0.21185754
359506,0.18543443
359516,0.24191883
359518,0.13282634
359523,0.30371732
359547,0.77422017
359548,0.30793795
359556,0.37051234
359577,0.36365813
359580,0.84185505
359588,0.31909263
359590,0.20031077
359592,0.33566174
359599,0.3754583
359609,0.51527065
359611,0.20436671
359619,0.21869498
359623,0.6051517
359654,0.387799
359666,0.29403907
359669,0.5117044
359672,0.09108595
359673,0.91908807
359677,0.18617211
359685,0.2888285
359690,0.34917945
359697,0.33721855
359702,0.1450975
359707,0.36559314
359711,0.44561577
359719,0.36238724
359722,0.17928405
359726,0.7108146
359730,0.33552012
359731,0.41708103
359741,0.69785583
359743,0.6921821
359748,0.09942523
359753,0.26896966
359758,0.8458782
359773,0.36352658
359780,0.32357794
359785,0.48796862
359800,0.15957381
359806,0.5643726
359809,0.37478584
359822,0.2733738
359828,0.6791744
359847,0.56845474
359855,0.2850055
359858,0.34826118
359864,0.1707531
359884,0.48328105
359886,0.2233713
359898,0.68074334
359908,0.68290776
359921,0.8018665
359945,0.43065432
359958,0.03773873
359964,0.5485246
359980,0.30055147
359992,0.3095961
359994,0.4709275
360001,0.3179914
360004,0.3591028
360009,0.5554859
360020,0.38577026
360049,0.86393636
360058,0.15604839
360063,0.23928362
360064,0.15301086
360074,0.17987426
360095,0.32776746
360098,0.29521054
360099,0.07139162
360100,0.4794092
360103,0.45557964
360106,0.19286801
360107,0.4890626
360124,0.5295667
360126,0.10635525
360138,0.55411196
360140,0.38885555
360141,0.052710857
360149,0.7435954
360152,0.84433734
360165,0.29755217
360171,0.10474992
360176,0.83245075
360183,0.4117862
360186,0.11804864
360189,0.6505659
360191,0.6243318
360199,0.87006265
360204,0.33325362
360205,0.43675926
360217,0.55749243
360225,0.4616156
360231,0.35959232
360238,0.25512835
360248,0.8422861
360249,0.10692844
360254,0.5336954
360256,0.484018
360257,0.40075392
360258,0.5583546
360277,0.53037983
360279,0.66455495
360280,0.8089672
360283,0.1518492
360290,0.4419757
360312,0.3215927
360316,0.247815
360320,0.2076971
360324,0.579974
360333,0.37955758
360339,0.18955663
360347,0.3069087
360359,0.79786336
360360,0.67548215
360367,0.41267768
360372,0.3609439
360382,0.43338406
360386,0.60063165
360400,0.16486919
360411,0.34053987
360412,0.33100545
360415,0.27410397
360419,0.5729783
360421,0.21362558
360427,0.112056464
360429,0.553577
360438,0.16660231
360439,0.09915022
360445,0.4178078
360454,0.7168746
360458,0.3884399
360467,0.20719075
360469,0.2734579
360471,0.21110015
360472,0.24578089
360475,0.25606576
360478,0.6674788
360479,0.34385258
360480,0.4446545
360484,0.27231252
360496,0.19762671
360504,0.41203982
360517,0.32261744
360518,0.73991793
360526,0.22479491
360530,0.43127033
360535,0.73086464
360538,0.52315617
360539,0.49484813
360545,0.11602797
360569,0.44071022
360579,0.37954453
360580,0.4534772
360611,0.23404889
360612,0.3406531
360626,0.10942516
360628,0.33919042
360631,0.45592046
360633,0.19684947
360640,0.31558123
360643,0.79722583
360645,0.26751184
360663,0.061057977
360666,0.28777522
360678,0.21533966
360683,0.4321674
360707,0.7115546
360715,0.7063192
360723,0.69162184
360727,0.10097875
360733,0.59337276
360746,0.13527359
360759,0.22526297
360767,0.38342685
360769,0.21489164
360770,0.12512858
360779,0.28488195
360791,0.482695
360792,0.081238784
360801,0.71408314
360812,0.43702853
360814,0.043981712
360828,0.25555867
360830,0.78329057
360837,0.34078434
360838,0.60345775
360844,0.5141901
360860,0.10111022
360864,0.47841823
360871,0.27700955
360872,0.6451082
360877,0.5756957
360880,0.2931567
360881,0.214373
360882,0.42425528
360884,0.098978795
360885,0.41044787
360889,0.5090414
360893,0.42826325
360898,0.48557234
360933,0.8057253
360941,0.5644237
360942,0.38064662
360943,0.23678559
360960,0.3429079
360973,0.55393934
360979,0.31352538
360987,0.1353793
360988,0.2939271
360999,0.5394692
361001,0.14886646
361005,0.6750125
361007,0.60775167
361024,0.20317082
361028,0.45338684
361051,0.37829792
361072,0.14743152
361086,0.5563177
361093,0.6422865
361098,0.21720722
361124,0.2684873
361130,0.28888965
361132,0.5822562
361133,0.20205206
361135,0.4999566
361148,0.7732497
361150,0.14698285
361152,0.37383065
361154,0.3583669
361158,0.16509214
361171,0.39182192
361175,0.51498556
361177,0.11192986
361195,0.47362548
361200,0.19644758
361203,0.7262389
361205,0.20343591
361214,0.5371347
361217,0.25682208
361226,0.4104646
361232,0.25120297
361236,0.4375471
361249,0.20051242
361251,0.68213993
361252,0.39297125
361284,0.6093924
361289,0.3659323
361297,0.26841173
361304,0.5885146
361311,0.42201138
361334,0.59155184
361339,0.39419046
361340,0.44049883
361348,0.263106
361352,0.12634258
361354,0.2888804
361355,0.5717493
361370,0.56620246
361390,0.29012433
361392,0.34278005
361397,0.55838484
361402,0.30006945
361405,0.43721533
361406,0.28270113
361426,0.07926539
361431,0.5955566
361440,0.17049502
361451,0.7891184
361469,0.7529585
361473,0.53943175
361497,0.43172035
361511,0.1482219
361515,0.09485745
361525,0.12792839
361540,0.17464389
361557,0.5204886
361560,0.4221227
361565,0.19721948
361569,0.434862
361570,0.22920124
361578,0.1503163
361580,0.57745093
361585,0.2749289
361589,0.17700146
361591,0.09492571
361599,0.31780237
361603,0.30207494
361605,0.35271415
361606,0.7293961
361615,0.4989776
361622,0.26704946
361627,0.12218366
361632,0.41851896
361636,0.22451477
361637,0.38680324
361638,0.4145368
361639,0.13965023
361651,0.3784904
361662,0.8154142
361684,0.21668567
361693,0.3771342
361697,0.6319738
361710,0.19506629
361713,0.66693157
361729,0.48774487
361785,0.13976078
361796,0.33811814
361805,0.5439961
361811,0.408741
361812,0.3894069
361819,0.72322154
361828,0.19127381
361833,0.089968435
361836,0.4590958
361839,0.3174599
361855,0.16132511
361866,0.5009836
361870,0.23932824
361873,0.43348494
361885,0.545668
361896,0.52064234
361913,0.29459447
361919,0.17919028
361932,0.7079434
361933,0.38024697
361935,0.59696513
361939,0.48245117
361946,0.15275308
361947,0.2590311
361949,0.27280146
361951,0.6472362
361962,0.637987
361972,0.32666937
361975,0.3685346
361989,0.15223628
362004,0.4384754
362012,0.11285573
362014,0.2868321
362016,0.13796069
362028,0.38468066
362033,0.21584952
362034,0.66317374
362038,0.09421999
362052,0.41605684
362061,0.32150483
362063,0.56303394
362070,0.50749135
362072,0.14252083
362075,0.30280313
362079,0.37039742
362086,0.17078963
362091,0.40574208
362094,0.49953112
362101,0.12455518
362112,0.28409624
362115,0.8164568
362117,0.3973754
362121,0.84024173
362128,0.5769425
362130,0.35819447
362135,0.64113426
362142,0.30126265
362146,0.4937948
362149,0.25425842
362157,0.3615524
362165,0.13588804
362166,0.30712053
362167,0.21596657
362173,0.30860916
362187,0.43222338
362197,0.47775033
362206,0.31854638
362207,0.23246695
362210,0.114298
362216,0.31127918
362219,0.80685824
362221,0.5084143
362224,0.14358522
362228,0.22791241
362236,0.23176497
362242,0.19465688
362251,0.28324896
362252,0.5755144
362257,0.24510813
362284,0.38321513
362286,0.33830038
362298,0.6027471
362300,0.6033775
362306,0.26533893
362308,0.75155264
362315,0.18133788
362318,0.26535007
362322,0.28036308
362332,0.17991859
362338,0.5273701
362341,0.8100088
362347,0.8019988
362348,0.45882604
362361,0.73372877
362365,0.3801201
362369,0.6784881
362373,0.12571436
362376,0.54940337
362384,0.2313844
362386,0.40306732
362387,0.17643662
362389,0.26167622
362393,0.19889016
362412,0.14843212
362420,0.47172555
362426,0.5980171
362432,0.13906819
362445,0.8869973
362450,0.24667183
362452,0.7083821
362465,0.29725692
362468,0.61146
362474,0.48682693
362484,0.22201009
362487,0.7667165
362512,0.24728239
362530,0.21198754
362531,0.45624143
362552,0.24049263
362555,0.44678026
362556,0.42805022
362563,0.4617762
362572,0.270185
362579,0.3161554
362580,0.7201625
362597,0.367607
362635,0.15697438
362637,0.32760435
362641,0.59684527
362652,0.27512288
362657,0.15183444
362660,0.16668889
362661,0.43905565
362671,0.27672276
362675,0.38697857
362680,0.23527095
362682,0.22996749
362685,0.44497716
362697,0.056491535
362700,0.7179037
362702,0.39719513
362705,0.5654901
362707,0.5562902
362710,0.41247565
362711,0.68087065
362718,0.46981212
362723,0.2109832
362730,0.20918466
362742,0.7046795
362781,0.31949034
362789,0.6910977
362790,0.25918138
362795,0.2507079
362799,0.2970265
362800,0.55599904
362803,0.13058381
362808,0.41676316
362814,0.34030467
362820,0.2235825
362826,0.30992305
362831,0.57429516
362833,0.4903541
362839,0.62093264
362852,0.50502336
362872,0.4424097
362882,0.25703725
362885,0.8167881
362889,0.15142782
362890,0.37323678
362891,0.5893513
362900,0.518112
362907,0.25438887
362908,0.20716952
362953,0.1556285
362967,0.5559611
362982,0.11370585
363015,0.07953023
363027,0.15297118
363035,0.15428409
363039,0.49566144
363045,0.37773353
363048,0.7132174
363057,0.9370306
363059,0.39688686
363063,0.46233836
363080,0.16029
363082,0.5920818
363090,0.5578754
363094,0.39683515
363106,0.1034942
363114,0.8045097
363118,0.7072851
363121,0.4058401
363128,0.36449292
363136,0.22494583
363141,0.09831837
363142,0.20394023
363147,0.14875169
363151,0.33156455
363153,0.32246256
363158,0.024631519
363171,0.1496169
363174,0.35405448
363180,0.191356
363187,0.20860444
363191,0.40417218
363192,0.13733186
363196,0.19842547
363199,0.31544682
363209,0.28413686
363210,0.5658456
363212,0.4644589
363227,0.5049993
444136,0.16432613
363231,0.519429
363232,0.29644963
363243,0.43981227
363253,0.34995562
363285,0.19658883
363299,0.37945798
363310,0.11648735
363311,0.22833009
363316,0.66001016
363322,0.7596497
363329,0.11973318
363331,0.53491414
363334,0.39715773
363339,0.12714171
363340,0.80890614
363341,0.07849156
363343,0.8609536
363347,0.27748394
363350,0.1676119
363377,0.7673849
363379,0.4666846
363382,0.38135934
363386,0.40797812
363387,0.13170892
363388,0.14772968
363391,0.094706945
363394,0.48867792
363397,0.22055256
363405,0.54873914
363422,0.052999347
363427,0.49268392
363455,0.25738963
363467,0.49039277
363493,0.5828222
363508,0.31835848
363514,0.85816205
363525,0.43083513
363530,0.68046635
363531,0.33689767
363538,0.21177632
363539,0.14178337
363542,0.23557436
363543,0.42149925
363551,0.8838932
363568,0.38060415
363576,0.6856569
363580,0.68502086
363582,0.21153235
363598,0.3813519
363601,0.19553763
363611,0.48480174
363612,0.15024859
363618,0.12841535
363623,0.48547164
363624,0.76838917
363642,0.44885913
363645,0.75293916
363651,0.8573351
363657,0.30812636
363663,0.42837304
363667,0.26076993
363687,0.43492395
363704,0.19491826
363705,0.47818968
363717,0.3184894
363725,0.28871265
363728,0.07960378
363733,0.3446511
363744,0.42988327
363745,0.326295
363756,0.5177946
363759,0.43693066
363760,0.32743415
363762,0.035099108
363768,0.31976017
363777,0.38033935
363782,0.20168173
363785,0.08061664
363797,0.39294901
363815,0.15912104
363822,0.19097693
363834,0.37602642
363842,0.51425934
363845,0.82409084
363846,0.39422128
363849,0.30550885
363850,0.35926852
363853,0.14773655
363859,0.3450975
363860,0.27409068
363877,0.1934517
363881,0.33654466
363893,0.18452387
363902,0.6526005
363903,0.47619563
363916,0.4240718
363924,0.41285244
363940,0.49135748
363944,0.35276437
363955,0.60924065
363960,0.10293923
363984,0.16371192
363990,0.29175848
364009,0.5372056
364014,0.4840291
364035,0.089639865
364043,0.24667437
364065,0.10598484
364067,0.19143191
364068,0.40394473
364072,0.5610942
364079,0.52937806
364094,0.63002646
364096,0.3496705
364105,0.66605103
364109,0.22387639
364122,0.7316179
364141,0.27481002
364146,0.7013203
364147,0.20233335
364151,0.52296555
364152,0.03689177
364156,0.3092596
364160,0.46519706
364171,0.0843887
364183,0.07513176
364199,0.2017162
364206,0.36555028
364220,0.5153725
364222,0.15801693
364224,0.6448716
364232,0.40017372
364248,0.19258854
364251,0.29685223
364274,0.34617335
364286,0.36108133
364289,0.068079345
364290,0.18645722
364291,0.3427223
364292,0.15705787
364308,0.29485685
364310,0.62186176
364311,0.4132727
364312,0.7719621
364314,0.5875079
364337,0.28418103
364339,0.46211648
364357,0.9005808
364359,0.45635977
364371,0.4492041
364374,0.5210088
364378,0.46535286
364382,0.57741874
364397,0.2672051
364401,0.37392968
364403,0.14184731
364411,0.64047134
364413,0.37320787
364414,0.17371301
364415,0.38325736
364418,0.21830462
364428,0.2267668
364430,0.097628996
364436,0.662811
364451,0.21549472
364457,0.15539546
364461,0.543519
364471,0.61447024
364472,0.34153527
364481,0.8534272
364482,0.2683458
364484,0.80343217
364492,0.33999297
364494,0.40168616
364507,0.45289984
364508,0.5200342
364537,0.3760688
364538,0.27763402
364539,0.7923784
364547,0.7456042
364561,0.5251323
364586,0.6846167
364603,0.21132793
364622,0.20109947
364660,0.23954491
364662,0.3638643
364669,0.6227008
364698,0.2670444
364699,0.3018364
364700,0.18747132
364702,0.47305283
364710,0.6618873
364714,0.23425244
364731,0.3554007
364738,0.06273701
364739,0.20518427
364743,0.18316673
364762,0.56107384
364767,0.5812994
364775,0.1822134
364781,0.44857994
364783,0.124476194
364796,0.11328212
364810,0.2835315
364815,0.7452584
364823,0.27515894
364826,0.24972029
364837,0.30555266
364839,0.7245086
364844,0.23381604
364851,0.4290612
364853,0.5929568
364854,0.29354382
364858,0.32262403
364872,0.4737347
364875,0.37862706
364877,0.4953967
364878,0.21190917
364884,0.17282198
364907,0.601031
364911,0.47687984
364916,0.585442
364920,0.34880272
364927,0.29465517
364944,0.5098644
364948,0.69653934
364950,0.48570865
364953,0.104848646
364955,0.35549703
364959,0.41634616
364966,0.4817296
364971,0.29027703
364979,0.5484098
364980,0.13227369
364982,0.7143914
364984,0.41667944
364993,0.053073313
365001,0.1713943
365030,0.39503604
365035,0.4296226
365044,0.20460993
365046,0.4062165
365050,0.20016505
365051,0.7057295
365054,0.57576853
365055,0.19817565
365064,0.31736073
365069,0.7113281
365092,0.28687006
365102,0.5825925
365109,0.25667998
365110,0.40775016
365117,0.13836066
365120,0.37903023
365128,0.5607905
365131,0.5358565
365136,0.37939999
365151,0.4657868
365153,0.6862858
365154,0.30269656
365160,0.14265902
365166,0.25659648
365171,0.27366227
365181,0.4133553
365194,0.56520087
365210,0.32164136
365221,0.42435527
365234,0.20088713
365252,0.44906262
365254,0.7744729
365264,0.46400732
365276,0.16443783
365282,0.074038595
365284,0.4092412
365290,0.1179869
365317,0.34552506
365329,0.5371923
365353,0.33871692
365356,0.47793782
365358,0.27457693
365374,0.54109913
365392,0.21161555
365396,0.20933923
365408,0.36454892
365412,0.16425072
365429,0.18904777
365431,0.609084
365435,0.5378917
365439,0.32338694
365473,0.34878457
365476,0.50612724
365486,0.3293602
365497,0.25840726
365518,0.57886255
365519,0.28126916
365520,0.79956716
365523,0.22404632
365531,0.31178313
365532,0.09179977
365534,0.2125249
365544,0.63236535
365552,0.5661457
365564,0.23611908
365569,0.2532333
365570,0.47554073
365575,0.80331516
365576,0.38368914
365585,0.5118757
365595,0.3663445
365612,0.16549212
365613,0.7334232
365624,0.270419
365631,0.36254555
365634,0.47716877
365643,0.2898685
365644,0.30383775
365663,0.4021949
365666,0.31189093
365672,0.3088338
365676,0.6128477
365680,0.1779298
365696,0.45764998
365699,0.70250314
365706,0.34944654
365707,0.32321945
365711,0.22737314
365716,0.21682431
365717,0.20352785
365718,0.12052877
365757,0.34116265
365770,0.60420966
365776,0.36802852
365781,0.6109894
365784,0.13785574
365787,0.21262337
365805,0.60592204
365820,0.13260224
365831,0.44164637
365836,0.6275522
365837,0.6944181
365859,0.92966044
365861,0.22127809
365863,0.49407476
365872,0.3457201
365877,0.2217261
365882,0.5380694
365893,0.62379414
365894,0.6523169
365900,0.3696149
365910,0.30697882
365913,0.2872148
365916,0.4280352
365923,0.6073383
365946,0.77658504
365948,0.57971865
365951,0.30964676
365965,0.30789772
365966,0.4289415
365975,0.33614194
365979,0.86014974
365989,0.4530214
365991,0.7598002
365992,0.32024643
444152,0.48155338
366001,0.65938556
366010,0.6994774
366013,0.66225153
366028,0.18901314
366036,0.1458206
366038,0.16893108
366044,0.22229373
366048,0.65536714
366060,0.12398487
366067,0.5930026
366071,0.5751082
366078,0.34037742
444155,0.36529335
366081,0.10524316
366082,0.22074093
366093,0.58957314
366099,0.21288216
366103,0.22773269
366105,0.30669636
366111,0.33316344
366112,0.300474
366125,0.26587936
366144,0.5301198
366147,0.39162526
366149,0.8055726
366166,0.18253437
366168,0.82429266
366173,0.38019627
366178,0.22210191
366180,0.6500597
366209,0.08709163
366213,0.4358934
366214,0.5842738
366215,0.24810869
366220,0.18443434
366226,0.25031474
366230,0.82746804
366236,0.7841021
366245,0.29331625
366282,0.7505351
366286,0.48590705
366295,0.34066358
366296,0.3044701
366297,0.6970023
366300,0.30174184
366303,0.262992
366307,0.73948413
366314,0.61392516
366320,0.18069963
366321,0.21336658
366327,0.17924796
366330,0.3522525
366332,0.7170638
366334,0.10666746
366341,0.5165643
366363,0.121034324
366367,0.54789335
366369,0.662534
366382,0.24067125
366394,0.4880774
366396,0.17037822
366398,0.3891508
366406,0.3725568
366414,0.19670294
366417,0.31548092
366419,0.5531431
366422,0.2466413
366436,0.13360119
366442,0.7037896
366451,0.7038981
366455,0.5385588
366458,0.28877243
366460,0.34115332
366466,0.40962893
366473,0.56195724
366502,0.30281347
366505,0.8757584
366526,0.59941065
366530,0.51810867
366532,0.046419434
366539,0.090257265
366541,0.65032285
366542,0.25997633
366553,0.09660936
366571,0.19764294
366582,0.10515576
366583,0.53148264
366589,0.7952247
366595,0.43529335
366606,0.22671197
366611,0.34401762
366613,0.75530905
366615,0.42853707
366616,0.65741193
366624,0.5147869
366632,0.12048055
366649,0.11493083
366650,0.6331975
366657,0.33509684
366664,0.38141483
366666,0.27201355
366674,0.37595776
366676,0.20906988
366677,0.25997275
366688,0.3957672
366689,0.63129985
366693,0.3436178
366696,0.37785932
366698,0.44208923
366700,0.15912199
366703,0.7590584
366709,0.29710865
366711,0.2643303
366725,0.4268005
366741,0.22123869
366742,0.06992691
366747,0.22282417
366750,0.16664597
366754,0.46917453
366762,0.2663115
366774,0.34881386
366781,0.086068116
366784,0.25918594
366789,0.14029221
366790,0.4871079
366797,0.16127618
366806,0.2783468
366820,0.099777356
366845,0.68487215
366858,0.4407666
366860,0.27051008
366874,0.23661762
366876,0.6540312
366879,0.19358842
366884,0.3671828
366886,0.22566107
366905,0.70158243
366908,0.5614238
366909,0.7944201
366917,0.2648044
366921,0.5402739
366927,0.15597604
366936,0.3853316
366952,0.3984032
366962,0.744824
366964,0.6850184
366965,0.27923727
366981,0.24831381
366988,0.24210547
366992,0.25679448
366998,0.6260166
366999,0.27500963
367017,0.1407213
367023,0.48341712
367024,0.363793
367025,0.4956126
367037,0.23069581
367040,0.5240629
367043,0.3242278
367052,0.13890354
367056,0.2444763
367064,0.54379845
367075,0.44998717
367089,0.37458742
367098,0.20882145
367119,0.27610716
367124,0.3982198
367134,0.6908884
367136,0.3021806
367138,0.27478117
367153,0.43889183
367158,0.4120708
367169,0.34020054
367179,0.5487039
367180,0.27165517
367212,0.30179325
367216,0.7098664
367217,0.12963219
367220,0.049147442
367224,0.14876184
367241,0.26914343
367245,0.48441014
367256,0.661395
367266,0.20977478
367283,0.15629122
367290,0.4765125
367295,0.36107236
367310,0.2234646
367315,0.56162775
367322,0.6123849
367332,0.14876093
367338,0.6165877
367347,0.6884945
367381,0.5121766
367383,0.4115108
367386,0.44746497
367392,0.13895853
367399,0.70898396
367411,0.2048537
367414,0.11438065
367436,0.15123038
367439,0.40679273
367440,0.59861404
367465,0.73182046
367466,0.79431903
367478,0.61776805
367479,0.44794765
367481,0.23432392
367505,0.3515502
367515,0.44055343
367516,0.42041174
367526,0.5108744
367527,0.50505936
367533,0.6310594
367535,0.72662747
367545,0.5752046
367546,0.2571801
367547,0.27143934
367555,0.5613666
367557,0.41363946
367558,0.54632133
367573,0.35893986
367580,0.808121
367581,0.06712644
367582,0.55896527
367588,0.25721532
367601,0.30876413
367617,0.49456304
367624,0.25580952
367626,0.31841978
367632,0.54698646
367651,0.20030959
367663,0.06516213
367674,0.29364875
367677,0.85666853
367678,0.31572047
367691,0.21828438
367698,0.126787
367710,0.36924887
367712,0.4205625
367727,0.51041114
367739,0.51105213
367740,0.4182866
367746,0.402894
367759,0.20624858
367770,0.76516247
367780,0.21327163
367783,0.5804106
367787,0.35720706
367791,0.5969305
367797,0.34719703
367799,0.3445686
367811,0.068887115
367817,0.20088406
367827,0.48578712
367829,0.6457611
367830,0.68021315
367837,0.7173401
367843,0.122172356
367847,0.2163663
367849,0.49386925
367854,0.2801748
367855,0.21651272
367862,0.17933577
367863,0.4911709
367868,0.23513034
367873,0.7355068
367879,0.3539536
367889,0.6503442
367890,0.82700926
367892,0.054599155
367893,0.15170783
367895,0.4059086
367896,0.3197519
367898,0.15618497
367903,0.38697368
367906,0.4070751
367919,0.1577907
367927,0.13800885
367931,0.36094433
367935,0.30600083
367945,0.24237297
367947,0.7290665
367952,0.42674237
367958,0.38762742
367971,0.15482421
367975,0.8227758
367983,0.7671589
367994,0.30539596
367998,0.41901833
367999,0.12055012
368005,0.3106603
368029,0.51120317
368034,0.19482136
368036,0.5148513
368041,0.068001255
368064,0.09806118
368066,0.1329266
368079,0.5748631
368082,0.09928996
368090,0.5769586
368092,0.10198757
368097,0.18649355
368107,0.7959632
368127,0.61552733
368129,0.6213708
368134,0.6689307
368150,0.47724348
368166,0.4951296
368172,0.20128004
368179,0.073511854
368185,0.40369618
368193,0.35710683
368207,0.6027161
368251,0.33014634
368253,0.370679
368256,0.5398822
368257,0.26015893
368263,0.16032344
368271,0.7564288
368273,0.16832125
368279,0.2551068
368281,0.7713674
368282,0.58633125
368288,0.76927114
368303,0.19245195
368315,0.5422972
368323,0.08546416
368324,0.18775053
368326,0.17993607
368334,0.20863788
368337,0.31767517
368351,0.3547106
368353,0.82593375
368358,0.6402019
368389,0.24078001
368392,0.77227175
368393,0.15085945
368415,0.56167006
368424,0.51451063
368436,0.13523099
368448,0.21498398
368456,0.21635678
368457,0.09806167
368465,0.6210183
368484,0.47485995
368485,0.7678434
368487,0.2591755
368489,0.31444553
368493,0.27918038
368509,0.3500749
368513,0.45021898
368523,0.57196814
368530,0.21382928
368539,0.46479607
368543,0.8454889
368544,0.09172716
368557,0.37541252
368561,0.22573167
368577,0.46106863
368579,0.1360664
368580,0.37869337
368583,0.19253227
368589,0.11183863
368594,0.26278925
368598,0.13145894
368621,0.42215294
368622,0.74718964
368627,0.12919797
368628,0.37024426
368633,0.7019368
368638,0.46002826
368645,0.51555806
368646,0.7691277
368652,0.25711337
368659,0.2700503
368672,0.7970975
368679,0.39907676
368683,0.5930984
368697,0.18508948
368702,0.79300314
368707,0.3761896
368715,0.8132561
368740,0.18956631
368754,0.1815615
368765,0.5342802
368770,0.23571816
368777,0.5394447
368780,0.515896
368782,0.8062453
368784,0.7841637
368790,0.69921136
368792,0.10174788
368793,0.29176265
368811,0.12589228
368816,0.59302247
368819,0.39686316
368843,0.18658589
368853,0.042396378
368857,0.5797419
368858,0.6655072
368887,0.31117094
368898,0.29153842
368909,0.4534723
368919,0.091141805
368930,0.42986944
368944,0.6357239
368949,0.32705718
368953,0.48706967
368956,0.2549023
368959,0.41213316
368968,0.3481564
368971,0.6191954
368974,0.35547125
368975,0.4643192
368983,0.2473629
368991,0.45058566
368994,0.21790896
369001,0.5926895
369004,0.3103095
369016,0.065990016
369030,0.13830887
369047,0.18579185
369055,0.63002914
369067,0.40377337
369068,0.6130246
369096,0.47859085
369103,0.36195815
369105,0.5296292
369107,0.8373839
369109,0.45431793
369130,0.17978314
369133,0.20790786
369144,0.2532575
369150,0.085487194
369152,0.48624617
369156,0.09168466
369180,0.4595354
369183,0.46783087
369184,0.92089474
369186,0.5611308
369187,0.30164108
369200,0.07708248
369201,0.21744345
369220,0.3922885
369223,0.11144725
369233,0.1385751
369240,0.597406
369254,0.18637197
369264,0.5393116
369266,0.44027367
369272,0.44828528
369283,0.21856016
369295,0.2336327
369300,0.06593743
369302,0.09593994
369305,0.350274
369322,0.13143706
369334,0.53104603
369350,0.12977841
369355,0.34115055
369361,0.36537793
369367,0.14411345
369371,0.24823596
369373,0.51659137
369375,0.64687574
369385,0.13480666
369394,0.56117713
369398,0.29128465
369408,0.27619973
369413,0.81354064
369419,0.25987354
369424,0.2967892
369439,0.47661012
369466,0.39225423
369482,0.24571258
369494,0.32216164
369504,0.11227803
369512,0.67292106
369528,0.38622296
369531,0.4309394
369540,0.33029792
369547,0.12870967
369565,0.16568168
369569,0.27344543
369581,0.5887147
369583,0.39550182
369593,0.4866954
369601,0.39259923
369608,0.19222619
369612,0.6613312
369615,0.31948838
369621,0.6515843
369636,0.09357882
369648,0.6005204
369649,0.92773974
369651,0.11757129
369659,0.15998419
369666,0.14739226
369684,0.3160761
369686,0.73714423
369698,0.6554834
369701,0.24221934
369712,0.1161473
369717,0.16609314
369722,0.14748143
369732,0.846038
369740,0.86098963
369751,0.23715015
369755,0.15760806
369757,0.4590319
369761,0.24209312
369767,0.34302092
369782,0.43341604
369788,0.47080556
369790,0.54285014
369791,0.12884669
369792,0.28830606
369803,0.2476825
369812,0.26547056
369813,0.6308188
369827,0.24423188
369835,0.46488896
369838,0.28535897
369839,0.35666606
369843,0.3595832
369846,0.36396623
369860,0.21678257
369870,0.435954
369871,0.93311316
369872,0.3863874
369884,0.6437915
369893,0.56471115
369901,0.30236563
369904,0.37345734
369908,0.81167614
369910,0.10607091
369911,0.54539585
369919,0.3207978
369920,0.37066308
369921,0.095907316
369931,0.75820285
369935,0.26189846
369936,0.43516502
369948,0.4370938
369953,0.32561737
369955,0.4939297
369961,0.1871321
369964,0.25938407
369967,0.41499838
369971,0.6437764
369983,0.27550647
369993,0.44673103
369995,0.6320962
370012,0.35869935
370022,0.13991562
370023,0.3295244
370027,0.36802068
370030,0.41950575
370033,0.62455285
370037,0.55335265
370051,0.13364032
370055,0.5222435
370077,0.25416124
370088,0.09229013
370091,0.15009971
370114,0.13692623
370117,0.7360248
370120,0.7866137
370122,0.40112376
370128,0.6884063
370135,0.3142083
370144,0.16963771
370146,0.4708668
370148,0.24160287
370150,0.19384433
370155,0.2660056
370164,0.18480061
370179,0.35449386
370188,0.6927628
370190,0.07632059
370199,0.20004892
370203,0.5847849
370213,0.35403863
370216,0.23566191
370219,0.054605562
370220,0.7195826
370224,0.19474764
370230,0.13925928
370254,0.5592174
370255,0.1069122
370265,0.7571342
370273,0.14986856
370288,0.4333574
370295,0.7534064
370297,0.35349727
370319,0.5693747
370323,0.08182124
370329,0.21862222
370330,0.15650147
370333,0.62569577
370346,0.59903175
370354,0.608379
370355,0.18427235
370358,0.72031933
370362,0.05039264
370373,0.2951244
370376,0.22075796
370379,0.0768393
370380,0.08032519
370386,0.13689858
370392,0.1055704
370411,0.077912234
370416,0.09547194
370432,0.07584325
370439,0.39267716
370440,0.19418387
370445,0.24701719
370446,0.09064009
370455,0.3266273
370473,0.17319584
370474,0.34619156
370475,0.23657434
370482,0.77423614
370489,0.33143777
370512,0.19367363
370518,0.7066976
370522,0.4834266
370533,0.21882771
370538,0.29458946
370551,0.058399495
370552,0.5962704
370556,0.4064816
370566,0.14768563
370568,0.5108968
370573,0.45843887
370575,0.5363804
370578,0.29616114
370582,0.34325844
370596,0.08046515
370597,0.2594417
370599,0.20733267
370602,0.3909149
370609,0.31165642
370632,0.35867158
370634,0.6776841
370646,0.41455695
370666,0.8197972
370670,0.22477162
370672,0.11634902
370675,0.37364
370676,0.7083255
370682,0.20331278
370685,0.16100796
370697,0.17597507
370699,0.20570529
370701,0.1878295
370711,0.8405374
370719,0.71659493
370728,0.33208704
370731,0.7318725
370735,0.29128647
370749,0.472329
370753,0.3230307
370757,0.31715265
370763,0.6867366
370770,0.56892985
370779,0.38650596
370794,0.2508969
370805,0.13819431
370806,0.37529817
370808,0.36715156
370814,0.29570064
370827,0.6856389
370833,0.43839642
370844,0.55625075
370845,0.32153872
370850,0.79007655
370853,0.272397
370856,0.2277109
370858,0.43128234
370862,0.44509384
370866,0.8005458
370874,0.7688512
370876,0.119280785
370878,0.6545174
370881,0.26743752
370882,0.4139282
370884,0.46058884
370887,0.3348197
370904,0.6533939
370905,0.29657546
370913,0.4736426
370915,0.51992124
370921,0.76034755
370922,0.21985896
370932,0.57059515
370939,0.4770745
370953,0.18907171
370964,0.23501019
370968,0.23663929
370969,0.3879053
370972,0.22048283
370978,0.11373661
371000,0.28518945
371001,0.63963866
371013,0.35018507
371053,0.4134673
371059,0.4571853
371060,0.42970914
371065,0.32810453
371069,0.38009414
371073,0.6072265
371084,0.8578082
371085,0.15700293
371088,0.27756122
371099,0.22220767
371115,0.07648499
371118,0.88430834
371127,0.5862259
371132,0.5360693
371136,0.52258635
371139,0.6198626
371152,0.51960635
371161,0.16899703
371162,0.52885157
371174,0.43669283
371176,0.4608606
371182,0.21523243
371185,0.2757749
371193,0.4150164
371197,0.17313117
371198,0.23408781
371202,0.39443296
371207,0.65157974
371211,0.68939596
371242,0.30670395
371243,0.47177285
371244,0.48205525
371255,0.5889145
371258,0.3207081
371259,0.683238
371265,0.18533413
371274,0.49315476
371275,0.68083405
371288,0.22007494
371291,0.8284332
371295,0.65184444
371314,0.39717856
371322,0.4999336
371323,0.27023497
371328,0.567762
371332,0.4545461
371333,0.6260574
371335,0.14902301
371342,0.3689256
371350,0.4377297
371357,0.65377754
371365,0.15317653
371383,0.83991194
371384,0.6112373
371385,0.5069281
371393,0.785024
371394,0.36378598
371397,0.31188902
371417,0.2386287
371431,0.3103945
371433,0.53890055
371437,0.04544992
371439,0.6899062
371445,0.2338142
371452,0.7004929
371457,0.5621315
371469,0.1894004
371470,0.5144929
371477,0.41640753
371500,0.17875092
371504,0.50197893
371508,0.48101702
371514,0.2958914
371518,0.4799299
371520,0.2995078
371521,0.4975913
371522,0.3569898
371525,0.16779341
371530,0.34411743
371532,0.18105307
371548,0.32415816
371561,0.22705775
371566,0.77878624
371568,0.46053442
371571,0.3783565
371573,0.26677135
371577,0.3590502
371587,0.705183
371592,0.6621287
371593,0.656695
371595,0.45442444
371603,0.14920378
371614,0.16112967
371616,0.16170578
371619,0.47985026
371627,0.8000035
371641,0.38015553
371657,0.30637556
371664,0.33727065
371693,0.39159888
371698,0.30609205
371700,0.39638737
371707,0.30008984
371710,0.26314166
371715,0.47293675
371722,0.15408736
371731,0.21167159
371741,0.40880898
371744,0.6202763
371753,0.4210407
371755,0.113100596
371760,0.44430858
371773,0.36900848
371797,0.09318699
371807,0.62650555
371809,0.102292426
371811,0.2179375
371815,0.49478963
371822,0.5933914
371824,0.69124675
371828,0.28781468
371835,0.11261582
371837,0.21667223
371840,0.67933375
371849,0.20943733
371857,0.06380514
371860,0.73713773
371862,0.09306374
371875,0.26893464
371896,0.6853944
371898,0.5888464
371901,0.650208
371903,0.12618317
371908,0.23133989
371910,0.22306387
371944,0.3349918
371947,0.29656935
371955,0.6910128
371963,0.39369753
371972,0.23303217
371973,0.36050475
371978,0.27141187
371980,0.10858234
371988,0.30496824
372020,0.48395965
372043,0.585467
372060,0.5408769
372070,0.20526662
372082,0.2188484
372085,0.59416384
372090,0.5079334
372091,0.811918
372112,0.31227395
372115,0.32891473
372132,0.35937792
372134,0.8297546
372136,0.15583533
372142,0.25709605
372145,0.60784036
372146,0.50494695
372159,0.19818538
372172,0.17528032
372179,0.61617273
372183,0.13225965
372184,0.1090101
372192,0.10414005
372234,0.27089965
372239,0.65311706
372244,0.17867458
372268,0.26506197
372287,0.38181522
372289,0.5696523
372292,0.14676754
372301,0.41545466
372315,0.2816611
372316,0.7066126
372328,0.6759601
372337,0.072699204
372347,0.83365333
372350,0.68126774
372381,0.18722552
372382,0.5716926
372384,0.4120003
372393,0.47309956
372398,0.6569635
372399,0.49148023
372400,0.31496656
372402,0.32792348
372410,0.41873178
372415,0.4465838
372425,0.1841011
372428,0.3547696
372430,0.32315966
372431,0.1747561
372449,0.33314356
372452,0.22309886
372453,0.12487597
372460,0.5207843
372463,0.84819174
372471,0.7632084
372484,0.42050225
372486,0.40401152
372489,0.46630803
372506,0.66430664
372513,0.11627089
372527,0.86722857
372568,0.7907694
372596,0.30938083
372606,0.10757056
372617,0.20040877
372618,0.275141
372622,0.38961968
372624,0.43970206
372633,0.6179518
372637,0.3241017
372643,0.4299811
372644,0.09651926
372656,0.58117896
372662,0.16112995
372664,0.28230545
372666,0.19008744
372672,0.5140516
372674,0.23480868
372693,0.38733405
372704,0.28645515
372719,0.34687206
372727,0.38109758
372740,0.33024484
372745,0.13069135
372753,0.26150802
372762,0.10881056
372764,0.41046262
372771,0.54698396
372772,0.6505151
372789,0.52111936
372793,0.39025423
372799,0.34398037
372806,0.7487517
372809,0.4408156
372829,0.6636345
372848,0.19788548
372850,0.35995945
372853,0.55523777
372854,0.19336045
372858,0.4079954
372861,0.3254253
372863,0.4320844
372876,0.43379992
372878,0.1410697
372893,0.70735085
372894,0.4685991
372911,0.45266488
372912,0.5531738
372924,0.69830906
372942,0.48414043
372946,0.8702852
372955,0.17627366
372956,0.44767463
372957,0.6243073
372984,0.43648586
372993,0.5895477
372995,0.8086429
372997,0.33427742
373014,0.3427172
373018,0.632985
373022,0.34996775
373023,0.21818374
373029,0.28411013
373063,0.20726393
373071,0.5847375
373075,0.60626006
373088,0.36535883
373089,0.27358
373114,0.32268035
373118,0.66129696
373120,0.74920225
373121,0.12699099
373122,0.32345065
373138,0.77152693
373145,0.27769315
373153,0.32565507
373154,0.5139279
373155,0.25415865
373159,0.5696416
373167,0.20544942
373190,0.29875666
373195,0.54466736
373202,0.2973466
373205,0.34620467
373209,0.33594358
373215,0.5570708
373222,0.7318137
373239,0.21221228
373240,0.5471678
373247,0.547055
373251,0.2841453
373260,0.1665962
373284,0.27061403
373286,0.11954619
373292,0.5417725
373297,0.15696275
373299,0.88374144
373305,0.68896854
373307,0.22514729
373323,0.131753
373327,0.53600657
373328,0.21873687
373363,0.41090578
373390,0.20741251
373396,0.13204603
373407,0.46056178
373413,0.5456353
373437,0.47808236
373445,0.23377635
373448,0.37511203
373458,0.3360748
373464,0.29537335
373472,0.87162226
373474,0.31707633
373475,0.23476543
373480,0.183097
373484,0.65944207
373491,0.5627349
373493,0.645215
373504,0.19922535
373537,0.5377691
373542,0.57865965
373545,0.23759328
373554,0.5344614
373559,0.7157034
373560,0.09577356
373562,0.4790963
373565,0.5128197
373573,0.60903364
373577,0.28187725
373591,0.51335895
373592,0.44144285
373596,0.17940965
373598,0.44562167
373600,0.19194476
373605,0.076327115
373607,0.18960872
373616,0.3138047
373618,0.25683385
373624,0.1684516
373630,0.4042702
373631,0.30213183
373634,0.3480679
373646,0.49587134
373651,0.48772588
373669,0.76589775
373682,0.27342212
373716,0.5456782
373751,0.6268615
373756,0.60923433
373757,0.097271234
373767,0.2910493
373778,0.23231792
373780,0.120768614
373781,0.73198473
373796,0.5725414
373801,0.3654203
373805,0.6248676
373811,0.33633548
373815,0.19670062
373820,0.48255557
373833,0.05738025
373839,0.43406022
373841,0.30289674
373871,0.37485164
373875,0.6665644
373893,0.12730317
373894,0.71548986
373898,0.3588786
373899,0.7337213
373908,0.71657807
373909,0.25910982
373911,0.22538999
373918,0.20082404
373927,0.12031599
373938,0.49166286
373943,0.5998477
373946,0.35198233
373948,0.26432326
373953,0.7115436
373956,0.5453536
373984,0.19725457
373985,0.48798713
373986,0.59327203
374002,0.2759769
374014,0.07027269
374015,0.36786002
374024,0.14252312
374029,0.5756811
374034,0.11196436
374039,0.13826592
374042,0.63042414
374048,0.52600473
374051,0.5964587
374054,0.15756889
374055,0.5302083
374061,0.35521582
374075,0.42649466
374087,0.1921713
374101,0.48767903
374103,0.48159188
374114,0.47043106
374116,0.6099411
374119,0.46887112
374121,0.54168844
374133,0.3775292
374134,0.10662006
374140,0.15024868
374141,0.7872858
374145,0.54347557
374155,0.2050978
374163,0.38100243
374169,0.6643917
374173,0.30837664
374188,0.49748865
374199,0.19349106
374200,0.4268591
374207,0.4804472
374225,0.48549828
374226,0.15928486
374227,0.29442066
374249,0.52936226
374254,0.65563536
374284,0.23710583
374293,0.40125665
374296,0.38256988
374297,0.45254028
374298,0.2098608
374307,0.22201388
374320,0.4603976
374322,0.5058902
374324,0.19593242
374328,0.37881547
374334,0.19978137
374341,0.21962361
374343,0.50502217
374346,0.15423046
374359,0.7129452
374374,0.48536095
374381,0.57594967
374400,0.25668588
374405,0.44492108
374409,0.48419082
374420,0.75572616
374442,0.60909283
374443,0.38513103
374445,0.5140249
374447,0.5498758
374452,0.46024886
374458,0.28582928
374485,0.16921876
374487,0.17821008
374496,0.103447445
374503,0.287081
374518,0.29806
374519,0.07527652
374532,0.23229049
374534,0.22518796
374536,0.1385371
374546,0.06709438
374559,0.14441347
374568,0.56859016
374573,0.43181574
374582,0.029649526
374585,0.14624143
374598,0.114466004
374606,0.5278826
374612,0.15320136
374617,0.11751798
374619,0.10384765
374626,0.3117442
374646,0.40078992
374653,0.3176347
374656,0.3052832
374664,0.296686
374666,0.41659278
374677,0.55475754
374679,0.47969955
374682,0.4534
374700,0.61585915
374703,0.6081683
374705,0.6793896
374720,0.560315
374724,0.48725978
374731,0.20672993
374732,0.31281257
374734,0.34404525
374759,0.25841287
374770,0.40833694
374774,0.2738557
374777,0.5852574
374788,0.22120547
374796,0.8014819
374799,0.29196072
374813,0.6924287
374819,0.08446963
374826,0.7830248
374827,0.36362404
374832,0.3281441
374837,0.14949976
374844,0.78143764
374848,0.72078377
374853,0.56799567
374854,0.1301039
374856,0.13090685
374864,0.6704377
374868,0.1427175
374888,0.23983613
374891,0.4069814
374892,0.3866623
374896,0.29512525
374909,0.5695005
374911,0.17799772
374912,0.35970053
374913,0.5729479
374916,0.25003868
374917,0.25305676
374923,0.6033961
374933,0.6791426
374935,0.48950076
374940,0.25840998
374941,0.2884182
374943,0.17337467
374951,0.6129727
374967,0.77245677
374970,0.64539117
374990,0.6027449
374993,0.56325454
374994,0.45644698
375015,0.044914335
375017,0.7256687
375018,0.4392281
375021,0.5141306
375023,0.14734878
375030,0.72707826
375038,0.14337395
375040,0.37686568
375041,0.6438123
375052,0.0828031
375061,0.5832611
375064,0.24929608
375076,0.23417403
375086,0.87616867
375109,0.54779893
375118,0.51226
375133,0.22876675
375140,0.6128972
375156,0.46101254
375168,0.26460204
375170,0.42627463
375182,0.23342513
375187,0.65606314
375188,0.42640564
375197,0.28959003
375201,0.20188396
375204,0.3949961
375216,0.68847746
375225,0.052191854
375231,0.090841234
375234,0.055329055
375241,0.29708335
375242,0.7139866
375244,0.1261154
375246,0.34972247
375257,0.5078801
375290,0.35190257
375292,0.16852333
375293,0.34923005
375295,0.105577044
375296,0.2257021
375300,0.43832564
375322,0.31109124
375332,0.54270613
375338,0.34299102
375342,0.23668322
375365,0.22289643
375367,0.4284645
375384,0.4781449
375418,0.23390847
375464,0.62771773
375477,0.34003228
375485,0.38369665
375496,0.13649
375534,0.39879405
375544,0.3233997
375556,0.58717126
375588,0.1380109
375589,0.12433846
375594,0.5332795
375629,0.31974557
375649,0.49610284
375654,0.66571283
375696,0.42477357
375758,0.18182491
375795,0.75826216
375843,0.08835061
375844,0.15721828
375853,0.7355296
375878,0.21779212
375879,0.38657066
375883,0.25391826
375887,0.6754675
375929,0.57387954
375934,0.44531882
375936,0.6327381
375937,0.2226034
375948,0.5458792
375951,0.41380775
375953,0.43106934
375964,0.5813688
375969,0.11156521
375970,0.24389765
375973,0.82657534
375976,0.5433335
375997,0.3858652
376000,0.17161873
376011,0.38383332
376019,0.25646934
376035,0.59931767
376036,0.62478006
376041,0.62903255
376042,0.5657483
376045,0.14583433
376047,0.48741943
376060,0.12808219
376061,0.43132702
376067,0.4413658
376068,0.75709075
376070,0.31648996
376074,0.1441415
376075,0.3230374
376076,0.30575454
376078,0.38584852
376080,0.48923674
376081,0.34039125
376082,0.17274259
376083,0.6644283
376084,0.50103617
376086,0.13923311
376087,0.071502745
376088,0.396245
376089,0.43283442
376090,0.47343686
376091,0.605579
376092,0.43776268
376093,0.2719867
376094,0.6995287
376095,0.67990965
376096,0.56521237
376097,0.6100305
376098,0.5913171
376206,0.15594126
376209,0.4898415
376225,0.33258316
376239,0.1998237
376247,0.51011556
376248,0.30538285
376252,0.31659666
376257,0.58385414
376273,0.1488426
376274,0.35566974
376275,0.0480382
376279,0.533589
376283,0.3691746
376284,0.32058913
376288,0.3177297
376289,0.5280008
376292,0.32628262
376298,0.41077822
376301,0.37331355
376311,0.2720398
376312,0.52342904
376313,0.3670931
376316,0.1518737
376317,0.2925053
376319,0.3768007
376320,0.5331165
376321,0.68107665
376322,0.30626366
376325,0.6645101
376326,0.6828571
376328,0.23755778
376329,0.62718874
376330,0.2769738
376332,0.30203432
376334,0.57226896
376335,0.45750326
376336,0.7435258
376337,0.6319526
376338,0.7417799
376339,0.21198685
376340,0.29266837
376341,0.75575686
376343,0.55103064
376344,0.3514398
376345,0.21307091
376346,0.64340097
376347,0.6434151
376348,0.57935023
376349,0.74749213
376350,0.2490879
376351,0.26930767
376352,0.119251765
376353,0.2080962
376354,0.14150578
376355,0.08300518
376356,0.3846544
376357,0.111340605
376360,0.41833627
376445,0.4923605
376447,0.20037182
376449,0.39601058
376470,0.14755253
376483,0.4177444
376484,0.39991936
376486,0.22620896
376487,0.29722187
376488,0.53739053
376491,0.6421046
376492,0.1818392
376494,0.7482
376495,0.7416025
376496,0.34203672
376497,0.74830645
376498,0.13826041
376502,0.15613277
376503,0.6554415
376504,0.4071562
376506,0.18238068
376509,0.5778193
376515,0.37051514
376517,0.18308084
376518,0.7506532
376519,0.8142374
376520,0.4636135
376521,0.50485176
376522,0.2119683
376523,0.34501547
376524,0.40972355
376527,0.5239967
376530,0.48627052
376531,0.29563728
376532,0.62017643
376533,0.60342664
376534,0.5471415
376535,0.484156
376537,0.5893578
376538,0.40779543
376539,0.37376615
376546,0.44726166
376594,0.48380274
376595,0.54272395
376614,0.25586462
376616,0.13814323
376617,0.23472615
376618,0.5797848
376619,0.55480504
376620,0.27617723
376627,0.41968608
376630,0.26660448
376631,0.4410618
376632,0.10021095
376633,0.29353034
376635,0.5556967
376636,0.746716
376637,0.13023198
376639,0.8624398
376640,0.25249517
376642,0.3740223
376643,0.3379506
376644,0.1835353
376645,0.32534158
376646,0.5968594
376648,0.58327645
376650,0.11493056
376651,0.3458518
376652,0.48007512
376732,0.18251178
376733,0.4323582
376734,0.51824874
376756,0.3228436
376804,0.22081932
376856,0.7671304
376869,0.36815715
376893,0.29965124
377045,0.5017005
377088,0.22192235
377137,0.556326
377138,0.16481806
377159,0.29692313
377176,0.2985865
377201,0.40913036
377226,0.60709476
377335,0.12546346
377358,0.76649636
377362,0.31377283
377363,0.08391533
377389,0.7334189
377426,0.7803263
377427,0.38048333
377429,0.14692503
377441,0.318534
377449,0.53199536
377450,0.741477
377458,0.3218657
377472,0.74277043
377541,0.8586736
377567,0.26524052
377573,0.064597815
377605,0.34456974
377611,0.5397168
377622,0.4534484
377631,0.37094033
377657,0.15064298
377681,0.33453384
377711,0.23756284
377717,0.5354352
377720,0.6707034
377721,0.68984395
377723,0.36742026
377727,0.3960518
377729,0.2984392
377733,0.19690877
377735,0.31624562
377736,0.23038115
377737,0.4309133
377738,0.38172325
377750,0.76139176
377751,0.54270333
377753,0.52284104
377754,0.5530675
377755,0.6374276
377756,0.44871432
377757,0.73560905
377758,0.14618553
377759,0.24860342
377760,0.124124885
377761,0.67207074
377762,0.2948095
377763,0.12765346
377764,0.40122458
377765,0.6492226
377766,0.5988115
377767,0.04796101
377768,0.30909583
377771,0.22232422
377772,0.102795675
377773,0.5063698
377774,0.31889182
377775,0.6086808
377776,0.17907256
377778,0.25787497
377779,0.3532337
377780,0.08604854
377781,0.14213556
377782,0.15648758
377783,0.100189485
377784,0.31861475
377785,0.267318
377786,0.43600428
377862,0.58731747
377871,0.32425871
377930,0.1619351
377970,0.24722818
377987,0.19233581
377988,0.3360805
377990,0.35655868
377992,0.6909352
377995,0.43215576
378005,0.075000785
378006,0.12777352
378011,0.3761477
378018,0.10982101
378019,0.18391813
378023,0.3790588
378025,0.15695065
378026,0.40136826
378027,0.12500149
378031,0.48985454
378033,0.25287625
378034,0.31077716
378035,0.11822109
378040,0.5915257
378041,0.42355233
378042,0.27009216
378043,0.75947267
378044,0.3553644
378045,0.45193335
378046,0.29360905
378047,0.17636591
378048,0.3435162
378049,0.245471
378051,0.6381546
378052,0.23385732
378053,0.31449604
378054,0.72009015
378055,0.23674162
378056,0.42770234
378057,0.16399884
378059,0.6826194
378060,0.3672399
378061,0.83879554
378062,0.6527546
378063,0.3845309
378065,0.3803518
378066,0.5919688
378067,0.48529425
378068,0.085008405
378069,0.34531075
378070,0.32236058
378096,0.27521285
378098,0.73283714
378104,0.39272678
378105,0.68673056
378106,0.29718155
378107,0.34965798
378108,0.39849028
378109,0.4173818
378110,0.35566327
378111,0.37316748
378112,0.20580794
378113,0.21637894
378114,0.5562574
378115,0.43775043
378116,0.44212914
378117,0.5767836
378119,0.30406058
378120,0.6979077
378121,0.54173577
378122,0.1399739
378123,0.6017081
378124,0.20765933
378136,0.44244435
378181,0.21155271
378184,0.7236144
378190,0.40096223
378263,0.34161142
378300,0.2382189
378304,0.920686
378305,0.55866045
378311,0.4134261
378313,0.30159596
378314,0.59972006
378317,0.54252225
378320,0.6358708
378322,0.3558368
378325,0.48106328
378327,0.7152256
378328,0.6949988
378329,0.18022919
378330,0.11363521
378331,0.49535048
378334,0.14380771
378335,0.20930542
378336,0.1216173
378339,0.1566909
378340,0.43193528
378341,0.37955824
378342,0.50149995
378343,0.18876494
378344,0.6325169
378345,0.5961426
378346,0.16468681
378347,0.6489914
378348,0.48816216
378349,0.7173136
378350,0.66539234
378351,0.5492582
378352,0.21092184
378353,0.2034357
378354,0.4593563
378355,0.58469987
378356,0.5937328
378427,0.4209318
378434,0.53331596
378564,0.15612504
378671,0.4870272
378689,0.16452889
378710,0.7965243
378755,0.33993042
378887,0.17036627
378907,0.6182427
378924,0.19797768
378944,0.66204584
378945,0.54701954
378991,0.103941076
379009,0.5291984
379025,0.2592211
379046,0.32641563
379047,0.4997343
379048,0.528211
379052,0.47962692
379065,0.26348162
379066,0.56662714
379076,0.33796215
379080,0.5555088
379085,0.7282413
379086,0.46941134
379087,0.7952479
379089,0.089580774
379094,0.32431263
379095,0.5477078
379101,0.16755936
379102,0.37434316
379103,0.42928165
379105,0.60437834
379108,0.37304136
379111,0.4686325
379112,0.5495744
379113,0.8387539
379114,0.42275953
379115,0.30699727
379116,0.3740295
379117,0.47908732
379118,0.30196255
379119,0.91692126
379120,0.6642153
379121,0.12332605
379123,0.43757597
379124,0.15516692
379126,0.4667835
379127,0.14271775
379128,0.24281996
379129,0.4061335
379131,0.7665164
379132,0.67983836
379133,0.6885121
379134,0.69955224
379178,0.10299632
379266,0.020750567
379268,0.5259612
379291,0.12406441
379296,0.16826046
379301,0.3092768
379313,0.1920246
379318,0.72853327
379319,0.67968947
379329,0.4037331
379336,0.5622527
379348,0.51211715
379356,0.2639845
379357,0.6864993
379363,0.82727647
379385,0.7386472
379408,0.2099967
379432,0.36933535
379437,0.46290424
379440,0.2068909
379456,0.278006
379457,0.13797754
379463,0.623096
379464,0.41504812
379467,0.5705597
379469,0.39597094
379470,0.19556056
379472,0.73527414
379473,0.20405523
379474,0.3753999
379475,0.2862589
379476,0.6590977
379481,0.62686396
379482,0.5707561
379483,0.4157885
379484,0.20808329
379485,0.94682616
379486,0.38198334
379487,0.18328136
379488,0.2362071
379490,0.47363156
379491,0.19151092
379492,0.55728304
379494,0.08149174
379495,0.3565841
379496,0.42132238
379497,0.2709428
379500,0.49789137
379501,0.5390878
379502,0.42727908
379503,0.14286688
379504,0.20267625
379505,0.55810237
379506,0.0732608
379507,0.11743536
379508,0.59610575
379509,0.78960866
379510,0.36186412
379512,0.13414873
379513,0.31237403
379514,0.8463485
379515,0.33117327
379516,0.24705808
379517,0.37387016
379518,0.5796035
379520,0.6398147
379627,0.44907954
379673,0.6942359
379674,0.15875566
379720,0.55641854
379726,0.33020332
379730,0.19296758
379746,0.33210078
379775,0.28914613
379776,0.14420047
379778,0.7806232
379841,0.15185538
379921,0.2836258
379951,0.1987079
380002,0.74151975
380003,0.78408444
380005,0.38218236
380006,0.601302
380010,0.13651857
380012,0.4662946
380014,0.76255184
380015,0.7286128
380017,0.32078248
380018,0.5218062
380019,0.11747737
380020,0.124619424
380022,0.19286172
380023,0.6989994
380025,0.37812465
380026,0.57273346
380028,0.3242161
380030,0.37526965
380031,0.3979917
380032,0.16235285
380033,0.15569644
380034,0.5423909
380035,0.087845005
380037,0.15598258
380038,0.70539623
380039,0.7564937
380040,0.8503959
380064,0.34916934
380065,0.4552312
380121,0.19761807
380122,0.5056742
380130,0.41145957
380219,0.12037303
380228,0.4230198
380229,0.2682514
380366,0.073611744
380408,0.2385369
380414,0.31234455
380487,0.37062392
380488,0.2121698
380489,0.3155582
380494,0.21318415
380543,0.26351213
380553,0.304484
380600,0.19165328
380625,0.3953106
380635,0.37113497
380762,0.44122428
380773,0.41022593
380781,0.5412908
380785,0.358193
380787,0.2579603
380788,0.31550035
380789,0.4077002
380797,0.33063582
380800,0.29853126
380802,0.49467805
380805,0.61891407
380806,0.5669441
380807,0.8617462
380811,0.45086923
380812,0.20825624
380815,0.23955381
380816,0.2694679
380817,0.5602394
380819,0.5862514
380823,0.09141396
380824,0.4785433
380825,0.67859674
380826,0.6112746
380827,0.73776656
380828,0.44573268
380830,0.32438275
380831,0.3436995
380832,0.3980884
380833,0.25160563
380834,0.16017379
380836,0.68404436
380837,0.22221549
380838,0.46920058
380839,0.12117916
380840,0.43188483
380841,0.39844146
380879,0.26962668
380901,0.19455144
380928,0.29150838
380956,0.28620887
380979,0.5072286
381037,0.112034924
381047,0.60479915
381074,0.34570476
381104,0.17301548
381121,0.76249605
381130,0.5519439
381133,0.33043745
381139,0.16837436
381141,0.7542179
381142,0.18884517
381145,0.071390934
381152,0.17015597
381153,0.35138404
381154,0.59252673
381156,0.20673098
381160,0.39134264
381164,0.83112097
381168,0.33935755
381171,0.3865964
381173,0.42279363
381174,0.49542177
381176,0.34574756
381178,0.723038
381179,0.33200642
381182,0.5408999
381185,0.13961498
381187,0.28512463
381189,0.34680584
381190,0.32303897
381191,0.5784446
381192,0.74780905
381193,0.36417836
381194,0.17145048
381195,0.39036527
381198,0.23217003
381199,0.2197647
381200,0.5495173
381201,0.6331001
381202,0.15408094
381203,0.59289974
381204,0.81578106
381205,0.25218537
381259,0.1522838
381288,0.3391879
381289,0.41241932
381335,0.41769612
381344,0.3046496
381367,0.29584917
381376,0.11710676
381381,0.60621387
381397,0.096812144
381406,0.38295922
381412,0.3420826
381421,0.78984636
381424,0.2739676
381427,0.45886838
381428,0.6741386
381429,0.15479401
381430,0.2299684
381434,0.75110614
381435,0.19413735
381436,0.47832176
381437,0.1713845
381438,0.7505527
381439,0.33221087
381444,0.17246254
381446,0.09575936
381447,0.72432905
381449,0.8662666
381450,0.1675453
381453,0.6130091
381454,0.2954504
381455,0.6203899
381456,0.61554575
381457,0.18388838
381458,0.23921888
381459,0.46351504
381460,0.3783258
381461,0.45173642
381462,0.6376801
381463,0.47939363
381464,0.7271345
381465,0.13653052
381466,0.58846533
381467,0.58042586
381468,0.579603
381469,0.5729172
381470,0.5156409
381471,0.7743843
381472,0.13493453
381473,0.21783268
381475,0.5058404
381476,0.2184668
381477,0.6179188
381478,0.22608352
381479,0.42692515
381480,0.68867666
381481,0.15043785
381482,0.17783946
381483,0.48649794
381495,0.41032377
381545,0.15281919
381580,0.14284039
381657,0.82362294
381674,0.60384816
381691,0.14381887
381697,0.2890879
381704,0.5171405
381711,0.5769732
381721,0.6241319
381728,0.57309884
381729,0.15134527
381734,0.27414387
381735,0.30335405
381736,0.3057346
381740,0.58715373
381742,0.8020633
381743,0.6496027
381744,0.2741155
381747,0.1884591
381748,0.80029345
381749,0.2883643
381750,0.40809998
381751,0.09657053
381752,0.67340624
381753,0.26040238
381754,0.7590477
381755,0.4746681
381756,0.41715997
381757,0.26983672
381758,0.14407577
381759,0.3771932
381760,0.3226554
381761,0.6493534
381762,0.07154392
381763,0.33253115
381764,0.6842702
381765,0.73441863
381766,0.20119214
381767,0.5038288
381768,0.41501313
381769,0.20353621
381770,0.21508443
381772,0.38891202
381774,0.19643386
381777,0.28610283
381861,0.33055624
381974,0.38254467
381991,0.28104314
382024,0.75779027
382051,0.44407943
382066,0.19498654
382067,0.1986495
382068,0.41580728
382107,0.2718391
382108,0.5592959
382111,0.27719784
382113,0.14363211
382114,0.42147794
382120,0.53436327
382121,0.4854717
382122,0.49049246
382124,0.5122587
382126,0.3161516
382131,0.056129657
382132,0.4522306
382135,0.39675084
382136,0.17043845
382137,0.09291835
382138,0.27616623
382140,0.7473271
382141,0.4994331
382142,0.20392404
382143,0.45788985
382144,0.5664458
382145,0.2081678
382146,0.75850993
382147,0.2931013
382149,0.46881834
382150,0.5675263
382152,0.55537283
382153,0.1405935
382164,0.8421182
382180,0.37287223
382239,0.59540236
382275,0.3817243
382297,0.17691767
382391,0.3747823
382392,0.64107525
382396,0.56887764
382424,0.047546946
382471,0.4174659
382493,0.14164326
382496,0.38355786
382504,0.4441245
382505,0.60852075
382513,0.19166645
382517,0.6209689
382521,0.6187843
382528,0.1031865
382530,0.50889945
382544,0.7859743
382603,0.86846215
382604,0.23673531
382642,0.32794243
382666,0.11337244
382699,0.21321352
382737,0.46522593
382792,0.3489684
382796,0.1512663
382807,0.2691147
382813,0.73309183
382817,0.78175443
382818,0.6545619
382826,0.2166474
382845,0.20450631
382846,0.17281188
382850,0.6646287
382851,0.46961445
382856,0.3794926
382858,0.4487875
382859,0.37346625
382862,0.14754562
382863,0.19094673
382865,0.15543094
382866,0.14671749
382868,0.6291294
382870,0.08140829
382871,0.30991668
382872,0.5626638
382873,0.55952793
382874,0.92399746
382875,0.11770884
382876,0.48463857
382877,0.51459414
382878,0.2920094
382879,0.64761704
382880,0.105187714
382882,0.31598333
382883,0.34715146
382884,0.17182164
382885,0.32863706
382886,0.27628702
382887,0.49787208
382989,0.26577643
383009,0.54216564
383039,0.40701395
383068,0.16300021
383072,0.23180419
383093,0.49840543
383099,0.8562231
383167,0.28026372
383168,0.5842401
383170,0.509385
383171,0.6866372
383174,0.09646834
383175,0.09806648
383176,0.51138234
383178,0.30170557
383181,0.50656456
383182,0.6426376
383184,0.27753788
383186,0.42729163
383187,0.20733458
383189,0.19199415
383190,0.1969419
383191,0.14560561
383192,0.50430757
383194,0.16026588
383195,0.2815709
383196,0.28477153
383197,0.36169928
383198,0.09303809
383199,0.0869777
383200,0.18370526
383201,0.46094033
383202,0.40656924
383203,0.23574938
383204,0.6753225
383205,0.1503988
383206,0.4918824
383207,0.12782899
383208,0.18079196
383279,0.3353295
383335,0.5659784
383384,0.2542836
383394,0.114239044
383400,0.68902296
383401,0.16288614
383409,0.2693418
383410,0.16310705
383412,0.61630076
383414,0.5032336
383419,0.46926093
383422,0.32969853
383425,0.109476455
383426,0.3486152
383427,0.46574274
383428,0.64885014
383429,0.54756725
383430,0.73068357
383431,0.33901125
383433,0.89021367
383434,0.45894697
383435,0.38834876
383436,0.6930151
383437,0.37193584
383438,0.4480228
383439,0.43706092
383440,0.183529
383441,0.17700656
383442,0.4315906
383443,0.09339508
383444,0.18432261
383445,0.18453158
383446,0.49364406
383447,0.21425702
383448,0.33909574
383449,0.14121476
383450,0.43338966
383451,0.121757664
383452,0.1477259
383453,0.38613945
383454,0.2796944
383533,0.23763138
383583,0.41590846
383608,0.39117134
383622,0.6123009
383673,0.602348
383804,0.43503457
383806,0.54981893
383812,0.19309007
383814,0.1929413
383816,0.5513988
383825,0.45127633
383827,0.3655317
383833,0.514282
383841,0.21512538
383842,0.26138398
383849,0.5580919
383859,0.36179835
383883,0.47510952
383891,0.609145
383910,0.3452327
383925,0.09330972
383943,0.59527576
383946,0.73159623
383959,0.1308823
383960,0.61554205
383961,0.13583648
383962,0.2737898
383979,0.35612994
383985,0.20151329
383990,0.22684382
383999,0.32362095
384001,0.6339189
384003,0.246803
384008,0.33355474
384019,0.8423331
384020,0.17281191
384065,0.5487962
384102,0.48605087
384154,0.26624912
384155,0.6725154
384171,0.4713181
384177,0.29496118
384183,0.2590614
384186,0.25551513
384198,0.8052352
384199,0.18985267
384201,0.79086405
384203,0.6155124
384204,0.38156372
384205,0.4291658
384207,0.20297207
384208,0.2471451
384209,0.4344043
384210,0.3224498
384211,0.47669286
384212,0.3358927
384215,0.76057774
384216,0.40563068
384220,0.6636512
384221,0.09394356
384226,0.27518618
384273,0.14442518
384287,0.21687828
384288,0.25823662
384332,0.6393381
384365,0.17569695
384380,0.77005273
384392,0.26268
384412,0.14218932
384424,0.71922106
384428,0.43865407
384429,0.61911845
384430,0.13468195
384434,0.14223975
384480,0.40121284
384502,0.5878714
384503,0.1795645
384504,0.48222858
384505,0.33710974
384508,0.31168893
384519,0.10075705
384520,0.56476885
384524,0.16824228
384528,0.14129794
384532,0.27400726
384539,0.36430898
384542,0.37570882
384543,0.7194033
384544,0.13975093
384546,0.47937056
384547,0.16106167
384548,0.55745584
384549,0.14165577
384552,0.5274375
384554,0.2040019
384556,0.3140789
384557,0.2655465
384558,0.12496991
384559,0.22199692
384560,0.46015468
384561,0.8028261
384562,0.6461404
384563,0.1647314
384564,0.60279256
384565,0.42066285
384656,0.2512041
384657,0.21777411
384672,0.6582868
384679,0.20486277
384680,0.079848416
384689,0.117000364
384692,0.52235425
384695,0.6204321
384710,0.68470633
384712,0.13008693
384715,0.3622915
384735,0.26857495
384749,0.1479134
384751,0.3321187
384753,0.49149358
384757,0.16214672
384759,0.13395135
384761,0.27911812
384762,0.5835677
384765,0.5147345
384775,0.3762773
384782,0.502903
384794,0.17363392
384798,0.23573133
384805,0.29649538
384807,0.46878356
384812,0.16913944
384821,0.36819142
384834,0.207454
384847,0.50896305
384856,0.2915855
384857,0.41099942
384858,0.3114758
384859,0.32013148
384860,0.47408918
384861,0.8929652
384862,0.28603548
384863,0.44168496
384864,0.18939315
384865,0.09557343
384866,0.8613098
384867,0.38067096
384868,0.2869846
384869,0.55661523
384870,0.15839177
384871,0.37630752
384873,0.34171733
384874,0.28947178
384876,0.4279789
384877,0.21201925
384878,0.26138616
384880,0.104454085
384881,0.14181143
384882,0.34172666
384883,0.39845017
384884,0.32849303
384885,0.2866541
384886,0.4784902
384887,0.09481265
384969,0.14064132
385023,0.3639885
385049,0.5651675
385081,0.14929432
385091,0.20159155
385092,0.43558955
385093,0.47207698
385094,0.14722848
385106,0.73244184
385107,0.69038427
385110,0.41796106
385111,0.34086144
385113,0.23548298
385114,0.64601696
385115,0.5095558
385117,0.30940288
385119,0.47580177
385120,0.30894965
385121,0.816032
385122,0.11554707
385123,0.09427374
385125,0.30702156
385126,0.2694332
385127,0.12242428
385128,0.28330284
385129,0.3095248
385130,0.28595462
385131,0.3104458
385132,0.42979482
385133,0.35052353
385134,0.61124116
385135,0.22724056
385136,0.5248223
385137,0.56765336
385138,0.16286865
385139,0.83546937
385140,0.8342535
385141,0.282874
385142,0.26087037
385143,0.09404233
385144,0.23520775
385145,0.5392516
385146,0.23391779
385147,0.5334764
385149,0.349991
385151,0.1881581
385152,0.32923284
385153,0.47453788
385197,0.078360856
385230,0.41617945
385231,0.689159
385252,0.69062
385299,0.32402062
385351,0.15131418
385376,0.61104935
385405,0.18012752
385452,0.4698182
385479,0.2949003
385510,0.41353074
385522,0.63073695
385524,0.190197
385544,0.53987604
385563,0.28939685
385566,0.40789464
385571,0.05854837
385585,0.25426084
385586,0.39973548
385611,0.07852894
385621,0.13578966
385623,0.49060777
385628,0.7771044
385633,0.19122165
385634,0.12774213
385643,0.26900196
385650,0.4591772
385656,0.13765095
385666,0.70806754
385693,0.7300761
385705,0.69078904
385706,0.22226089
385835,0.11084141
385847,0.7251011
385867,0.80007386
385871,0.62913954
385872,0.29368365
385879,0.13900304
385883,0.04564978
385884,0.19898434
385885,0.33844215
385889,0.2794433
385893,0.45975965
385894,0.28304368
385898,0.42180812
385899,0.4405199
385902,0.30818853
385903,0.29712075
385904,0.3518898
385905,0.5474383
385906,0.16110621
385907,0.2904567
385908,0.6658022
385909,0.21767184
385910,0.3188177
385973,0.285973
386003,0.7425801
386013,0.08283879
386023,0.14252193
386065,0.09374219
386072,0.78286546
386077,0.7425373
386135,0.18338837
386141,0.12953734
386178,0.7571363
386198,0.5836804
386200,0.19203164
386203,0.73242915
386223,0.33361888
386225,0.11320627
386245,0.2582396
386250,0.09994643
386253,0.30601785
386254,0.4456403
386255,0.31203437
386262,0.5757865
386263,0.14249228
386264,0.13985357
386267,0.21014524
386268,0.20859405
386276,0.47388983
386279,0.7458956
386281,0.3555516
386282,0.254739
386283,0.33810705
386284,0.20133634
386285,0.27763486
386286,0.31723654
386287,0.25596952
386288,0.53921497
386289,0.79093856
386290,0.3503112
386292,0.48057908
386293,0.38936546
386294,0.29418826
386295,0.90441906
386296,0.5634627
386297,0.5317793
386299,0.2627538
386300,0.31341615
386301,0.17752488
386302,0.27595723
386303,0.6330245
386304,0.7514821
386305,0.33172056
386307,0.3892955
386308,0.41630322
386309,0.56247973
386310,0.46134377
386311,0.26936308
386347,0.5984762
386350,0.42015454
386352,0.12164284
386365,0.3948855
386378,0.53297347
386380,0.5599905
386399,0.50969523
386458,0.14252034
386523,0.19050367
386531,0.742146
386545,0.36609262
386546,0.5071877
386547,0.6056086
386549,0.37252748
386550,0.30117875
386551,0.39110172
386552,0.050374545
386633,0.65544754
386647,0.21259187
386665,0.18187194
386767,0.42265317
386773,0.4584951
386774,0.35661718
386775,0.46713835
386777,0.2077515
386785,0.6384811
386791,0.26636806
386792,0.20394097
386795,0.2567696
386798,0.43252045
386803,0.34838885
386805,0.75661594
386806,0.53576404
386808,0.30741397
386811,0.1469204
386813,0.40595922
386814,0.3386566
386817,0.21143928
386819,0.08552286
386820,0.64676577
386821,0.7232689
386822,0.6586987
386824,0.32186785
386825,0.6423583
386826,0.14775456
386827,0.6775384
386828,0.78375673
386830,0.24647138
386831,0.47619656
386832,0.120099746
386833,0.5512196
386834,0.44757175
386835,0.06706604
386836,0.33636257
386837,0.391765
386838,0.2865794
386839,0.6389071
386840,0.26118007
386841,0.6012483
386843,0.6134563
386844,0.673727
386845,0.31542972
386847,0.2307335
386848,0.2526057
386849,0.19676071
386860,0.38004124
386938,0.06841207
386940,0.33506015
386989,0.39924634
387021,0.4543762
387193,0.6725389
387194,0.555435
387286,0.6609606
387291,0.1582532
387292,0.38928303
387324,0.4862994
387325,0.30338112
387329,0.27188092
387331,0.36424288
387333,0.06724292
387337,0.57425016
387341,0.46098232
387342,0.40825552
387349,0.48296368
387350,0.33188197
387351,0.25711045
387352,0.2974287
387353,0.65191936
387355,0.5522764
387356,0.6533761
387357,0.37090498
387358,0.22371024
387360,0.34382847
387361,0.2732356
387362,0.17544146
387363,0.28305018
387364,0.2928926
387365,0.49906108
387366,0.34317032
387367,0.17375295
387368,0.16870327
387369,0.2728117
387370,0.13529749
387371,0.53413445
387372,0.59983563
387377,0.50922096
387378,0.47637394
387424,0.224272
387440,0.27846947
387447,0.47053176
387489,0.20361221
387501,0.6402125
387526,0.7825901
387542,0.10646591
387543,0.61190134
387544,0.4607791
387565,0.4404183
387572,0.45118955
387577,0.3760667
387578,0.38074493
387583,0.06703064
387584,0.11447976
387588,0.45588854
387595,0.62830895
387596,0.61470443
387597,0.4136055
387598,0.15185852
387662,0.6986472
387687,0.45243996
387688,0.33181253
387689,0.17669225
387718,0.65804976
387730,0.22436585
387753,0.14627163
387807,0.6840419
387843,0.35244688
387848,0.31458363
387882,0.508541
387884,0.15076968
387892,0.05636899
387896,0.42335686
387916,0.59481907
387920,0.26159927
387927,0.65994704
387928,0.24039209
387929,0.34726423
387932,0.32207105
387934,0.4051574
387937,0.18683696
387942,0.39563298
387947,0.53463465
387948,0.14543465
387952,0.8151055
387953,0.25894767
387954,0.30136853
387955,0.7054934
387956,0.4661868
387957,0.6134534
387958,0.50344104
387960,0.09573649
387961,0.4215824
387962,0.275411
387963,0.7343868
387964,0.6793082
387965,0.30325976
387966,0.31210962
387967,0.2921421
387968,0.1774818
387969,0.112494394
387970,0.51537687
387971,0.5682641
387972,0.15076646
387973,0.21769865
388053,0.7630961
388056,0.38697818
388057,0.6427693
388078,0.42974928
388079,0.12937161
388127,0.19312337
388155,0.33742425
388159,0.17276603
388169,0.19188915
388170,0.45775187
388173,0.2680952
388174,0.12539594
388176,0.30759344
388179,0.53495127
388182,0.46992397
388183,0.4072793
388187,0.5479884
388189,0.246642
388191,0.09919411
388193,0.3630997
388194,0.25194353
388195,0.42389113
388196,0.27086747
388198,0.20512937
388199,0.6203848
388201,0.59343094
388202,0.5601384
388203,0.5472893
388204,0.37521777
388206,0.42101556
388208,0.2716778
388209,0.27348927
388210,0.39202145
388211,0.079985015
388212,0.3764551
388213,0.4943099
388214,0.15946135
388215,0.46673813
388216,0.42086408
388217,0.2760675
388218,0.403999
388219,0.14141831
388220,0.71686625
388221,0.41445854
388222,0.5917476
388223,0.1778481
388237,0.76906157
388238,0.1380945
388242,0.34683388
388243,0.54060996
388248,0.42085043
388249,0.5878973
388251,0.53914094
388253,0.595962
388255,0.39716297
388256,0.42178473
388258,0.465208
388259,0.46769643
388260,0.46568957
388262,0.86943835
388263,0.6145359
388264,0.419537
388265,0.75904
388266,0.2754949
388267,0.67783064
388269,0.88274294
388270,0.24541366
388271,0.14980285
388272,0.45278546
388273,0.31853214
388274,0.7361719
388275,0.69306177
388276,0.18246302
388397,0.6213861
388428,0.5826135
388429,0.25222448
388448,0.24891521
388449,0.06751096
388460,0.5796191
388463,0.7522433
388465,0.70536053
388505,0.6927518
388508,0.5747654
388511,0.12934254
388525,0.4364385
388554,0.5368954
388561,0.7657874
388566,0.43427396
388572,0.0809655
388574,0.39379695
388585,0.18978508
388589,0.11863454
388590,0.48537675
388594,0.31755978
388596,0.46729726
388616,0.62485576
388621,0.30212888
388622,0.60993767
388627,0.1169997
388633,0.33705953
388639,0.34312776
388647,0.3450257
388655,0.5864471
388665,0.4825403
388667,0.26526162
388668,0.15187012
388669,0.61853456
388679,0.54999036
388683,0.280093
388687,0.20637469
388688,0.3343399
388700,0.6153238
388703,0.84010094
388704,0.5850721
388705,0.61798775
388707,0.107536055
388712,0.25987846
388729,0.19385903
388733,0.18877752
388748,0.3176222
388754,0.26127157
388763,0.6061637
388777,0.30245268
388790,0.36679965
388800,0.7723581
388801,0.18218836
388812,0.59106654
388816,0.7155663
388835,0.46925956
388837,0.32340214
388842,0.09594644
388847,0.3283445
388848,0.33536252
388849,0.6853046
388850,0.5736423
388859,0.7931856
388864,0.21452467
388865,0.83408237
388870,0.36765108
388872,0.386299
388873,0.35770032
388879,0.26786965
388890,0.6119501
388898,0.28843743
388899,0.36182427
388900,0.23619784
388913,0.8853385
388919,0.29093483
388921,0.51804245
388929,0.087657325
388945,0.43991947
388962,0.68083733
388963,0.2698573
388985,0.3662998
388986,0.3896999
388992,0.74771
388993,0.318725
389002,0.299393
389006,0.17234202
389009,0.41163144
389018,0.660478
389048,0.6652891
389051,0.37369645
389068,0.38235745
389069,0.67330927
389070,0.050768245
389080,0.32320595
389085,0.041526955
389090,0.3683388
389094,0.51406056
389097,0.656192
389098,0.42140096
389101,0.41868475
389104,0.37566096
389131,0.88765764
389133,0.62245536
389134,0.1099476
389143,0.3138155
389176,0.6960115
389181,0.16307351
389192,0.29504707
389202,0.4423131
389222,0.32218772
389225,0.59783673
389227,0.52659833
389239,0.1934086
389245,0.51962805
389248,0.17029004
389258,0.33551565
389266,0.5644746
389268,0.4441992
389277,0.5367571
389280,0.6094668
389300,0.12538105
389319,0.6287194
389330,0.28964195
389338,0.2470626
389356,0.36139995
389363,0.5474478
389371,0.15159911
389377,0.7527426
389398,0.18591449
389409,0.2978391
389415,0.066017136
389418,0.43420348
389420,0.5012736
389426,0.6015221
389433,0.2810059
389434,0.23626879
389440,0.5872773
389441,0.19659239
389443,0.8038335
389448,0.6813266
389464,0.30053374
389466,0.22744356
389471,0.66962314
389473,0.33730218
389480,0.2505004
389481,0.11550993
389483,0.57514244
389486,0.17207098
389490,0.47823462
389500,0.110023804
389507,0.82395536
389509,0.13694388
389515,0.73646206
389517,0.17519964
389523,0.18892492
389527,0.1073311
389529,0.80052924
389532,0.2838298
389539,0.28164053
389550,0.16389002
389551,0.26069295
389552,0.44464272
389554,0.71763355
389563,0.70454913
389566,0.5653413
389572,0.18554896
389573,0.11651308
389585,0.49866107
389587,0.2164396
389589,0.16030696
389592,0.19819048
389601,0.73418057
389603,0.1914264
389604,0.43096337
389617,0.42234075
389618,0.6154568
389619,0.26911047
389622,0.2783357
389623,0.3551519
389627,0.4129472
389644,0.75609875
389667,0.117887385
389678,0.77897644
389694,0.17889766
389700,0.3430346
389707,0.07296538
389714,0.13002102
389717,0.23183335
389732,0.20982137
389737,0.5087422
389741,0.42127305
389755,0.4617566
389756,0.5193817
389763,0.40696293
389772,0.7091653
389777,0.22304434
389778,0.4282377
389796,0.29834762
389798,0.11287619
389805,0.35764202
389807,0.26458472
389815,0.28147772
389818,0.34846178
389823,0.23945849
389824,0.2882869
389831,0.111354254
389856,0.5919102
389860,0.123222396
389862,0.32776162
389872,0.56832016
389875,0.14900587
389878,0.57812274
389879,0.5355997
389881,0.17556567
389895,0.32458708
389897,0.1712712
389898,0.28579554
389924,0.5372231
389929,0.13291278
389934,0.58985966
389947,0.32903638
389962,0.4382403
389981,0.05559048
390003,0.25576168
390006,0.26929504
390011,0.1480229
390041,0.1847403
390044,0.5409104
390045,0.41382906
390047,0.4120145
390048,0.7977365
390052,0.50280124
390056,0.120610334
390061,0.21766067
390065,0.26437357
390070,0.57619596
390073,0.44691285
390076,0.2104958
390087,0.463014
390092,0.44438192
390095,0.2164512
390099,0.6452517
390107,0.6537087
390116,0.17682298
390130,0.1523211
390133,0.7986202
390144,0.24123968
390155,0.43689793
390159,0.36041397
390181,0.33638233
390183,0.18687955
390214,0.32054937
390222,0.5862521
390230,0.37758732
390235,0.41132554
390237,0.13575704
390242,0.90773386
390256,0.30822453
390259,0.7786736
390261,0.33330607
390268,0.43518355
390271,0.3053798
390274,0.41650566
390276,0.25785807
390279,0.42401364
390283,0.7110244
390285,0.15650736
390299,0.42540044
390316,0.19983706
390321,0.31415728
390330,0.36565307
390343,0.45309237
390346,0.75554585
390357,0.4326217
390359,0.6591644
390361,0.6167483
390365,0.23706396
390366,0.42445406
390372,0.45376882
390376,0.50350684
390378,0.801195
390388,0.34790725
390391,0.23807374
390400,0.58466375
390407,0.67083895
390411,0.40663412
390419,0.32412603
390423,0.17852232
390437,0.269702
390445,0.13663545
390449,0.18629263
390455,0.4879761
390465,0.4978469
390491,0.20833854
390492,0.65855813
390494,0.4813983
390495,0.46176076
390497,0.13848607
390504,0.509673
390508,0.4356829
390510,0.5236138
390512,0.32901523
390524,0.3110434
390531,0.35139158
390558,0.34515986
390561,0.38715434
390564,0.08804977
390569,0.41313532
390574,0.32661942
390575,0.44562465
390587,0.7042099
390620,0.6155422
390621,0.52729326
390633,0.5760865
390634,0.5156419
390638,0.6070644
390639,0.4462296
390642,0.14560825
390647,0.78070027
390648,0.438234
390663,0.31855646
390686,0.2846776
390688,0.54548395
390690,0.35366297
390691,0.35706678
390696,0.8018563
390703,0.40724483
390711,0.5747163
390722,0.18365261
390736,0.6906872
390747,0.8380635
390752,0.43915358
390760,0.43179566
390774,0.35507318
390777,0.21801911
390781,0.3754141
390793,0.46190223
390838,0.5095201
390847,0.6725895
390851,0.36731437
390854,0.20150802
390858,0.3404479
390864,0.23805504
390871,0.40053535
390905,0.35611072
390908,0.32444194
390910,0.045328338
390917,0.17440696
390919,0.111790545
390920,0.39545992
390922,0.15587161
390928,0.3195836
390929,0.20630926
390953,0.52940345
390955,0.10781968
390959,0.20879573
390962,0.21118037
390971,0.6950428
390972,0.52567655
390990,0.12691274
390994,0.5065129
390997,0.7511588
391015,0.32517853
391034,0.1327511
391038,0.4317566
391043,0.34826863
391048,0.26190376
391049,0.46817812
391056,0.39606038
391060,0.33436096
391072,0.29065153
391073,0.5290333
391077,0.19538027
391086,0.20630445
391092,0.53408104
391096,0.20417619
391118,0.20628339
391123,0.6297252
391136,0.47557464
391137,0.12688418
391145,0.26920068
391162,0.14226289
391164,0.6623966
391168,0.7188096
391172,0.21995313
391184,0.49382573
391188,0.32144895
391198,0.32807386
391207,0.14983292
391208,0.150772
391209,0.6739052
391230,0.44344133
391232,0.45021057
391236,0.22797851
391237,0.7166759
391245,0.2770294
391269,0.2644114
391274,0.2323513
391275,0.6711788
391276,0.49033418
391279,0.58550566
391285,0.39906165
391306,0.23841481
391310,0.30778852
391321,0.040665198
391327,0.3833468
391341,0.73797613
391350,0.2188086
391353,0.10633855
391354,0.21139468
391357,0.31570888
391367,0.862063
391371,0.47477105
391384,0.4008646
391387,0.19840686
391388,0.5921717
391392,0.17677495
391408,0.06687663
391433,0.108441606
391439,0.3525247
391443,0.5050058
391445,0.13746394
391449,0.47414654
391450,0.33427024
391461,0.5848282
391469,0.12678641
391486,0.10992327
391487,0.535475
391500,0.3469767
391501,0.24562185
391505,0.035878874
391516,0.5261085
391517,0.30096856
391522,0.3263519
391539,0.69746786
391543,0.6904379
391546,0.47658885
391552,0.72780484
391555,0.34978378
391564,0.27119243
391565,0.51233405
391570,0.13439521
391586,0.5699171
391587,0.4468371
391588,0.30507165
391590,0.3487378
391613,0.77890396
391614,0.44290528
391617,0.031938713
391623,0.5143354
391635,0.35682198
391653,0.32306978
391661,0.48646295
391670,0.27984098
391682,0.16337477
391713,0.1425571
391717,0.33653304
391726,0.8347675
391738,0.51803863
391740,0.29367456
391741,0.12020518
391742,0.41620514
391756,0.28114167
391765,0.7980851
391766,0.28361586
391768,0.3161215
391771,0.17641936
391784,0.45061445
391786,0.76284635
391791,0.33476025
391798,0.14972188
391820,0.75008285
391831,0.20321134
391842,0.24740313
391843,0.13024198
391853,0.22926128
391858,0.67503643
391866,0.86427355
391867,0.11590188
391870,0.45944846
391879,0.4655539
391903,0.44117588
391915,0.39744687
391920,0.12938431
391929,0.46786267
391935,0.27480224
391944,0.207902
391945,0.6450122
391947,0.4724123
391957,0.3023943
391960,0.41541314
391966,0.5316858
391977,0.26075876
391983,0.23838978
391990,0.4972538
391999,0.116825454
392010,0.21295393
392011,0.14126164
392012,0.21923232
392013,0.0677146
392015,0.1730569
392027,0.53820986
392029,0.56046647
392031,0.48392877
392035,0.17961253
392042,0.0991084
392049,0.15313113
392050,0.50377387
392062,0.32153344
392068,0.46536323
392071,0.15111
392079,0.25089952
392087,0.30198255
392106,0.61247474
392111,0.22066645
392123,0.6017475
392127,0.8283144
392132,0.6117941
392149,0.7110956
392151,0.27705014
392175,0.79880536
392186,0.6142946
392190,0.70205486
392196,0.65549445
392202,0.28924122
392212,0.5484945
392221,0.37503088
392224,0.7036211
392230,0.36706737
392232,0.49081984
392234,0.73297
392239,0.48746002
392240,0.62720466
392241,0.057608772
392243,0.8398208
392250,0.3114942
392253,0.2581812
392258,0.42134964
392260,0.32332635
392270,0.75777763
392280,0.2733028
392283,0.1347679
392293,0.176001
392311,0.4555888
392316,0.24798442
392317,0.6254626
392319,0.5064418
392328,0.12431442
392363,0.4682566
392369,0.11450234
392371,0.41859704
392372,0.5048976
392386,0.46427265
392389,0.7907965
392390,0.6215209
392391,0.5967874
392398,0.25549334
392399,0.26338392
392404,0.47698623
392405,0.1295223
392408,0.7135894
392422,0.33256367
392423,0.3764467
392424,0.53679156
392429,0.2527559
392430,0.5480542
392431,0.34471104
392437,0.21434355
392450,0.39414304
392458,0.26536983
392460,0.31457886
392469,0.6025934
392474,0.3084373
392491,0.76878786
392495,0.057737518
392513,0.80278975
392526,0.4826146
392527,0.54096866
392534,0.44242066
392540,0.73773324
392554,0.7454756
392571,0.39329475
392578,0.5181064
392583,0.3154015
392588,0.5077623
392594,0.40162268
392604,0.28211594
392610,0.8264416
392613,0.12224574
392619,0.51960564
392622,0.7672385
392624,0.2204851
392629,0.79509026
392634,0.38919082
392639,0.07901575
392649,0.45810175
392671,0.49916723
392680,0.8207656
392682,0.0830234
392684,0.38799283
392685,0.67363936
392686,0.7198426
392699,0.26127532
392704,0.16610816
392709,0.35761645
392714,0.774045
392717,0.17740956
392727,0.33078748
392730,0.39744654
392741,0.32450593
392754,0.12983999
392762,0.43489617
392774,0.23684552
392775,0.42373693
392793,0.32441574
392800,0.46477485
392809,0.4665336
392812,0.41742525
392814,0.49467048
392820,0.45663333
392825,0.15145054
392847,0.47937104
392849,0.71484727
392861,0.5755545
392868,0.5975834
392880,0.6085487
392882,0.5527394
392888,0.48761848
392905,0.21098739
392909,0.72720623
392915,0.42556527
392925,0.40554506
392931,0.20685743
392933,0.33127218
392935,0.4299745
392939,0.5104714
392951,0.29722142
392960,0.060507566
392962,0.27202004
392964,0.2821535
392970,0.2288217
392980,0.34400123
392981,0.3819616
392985,0.25799975
392990,0.32869458
392992,0.78595656
392998,0.46349946
392999,0.40854266
393007,0.15989427
393009,0.24169318
393012,0.53387696
393014,0.2695329
393015,0.5743549
393035,0.5489406
393055,0.1712959
393056,0.66132236
393075,0.40842408
393078,0.13307196
393094,0.25398266
393111,0.28850344
393115,0.5151534
393117,0.6421286
393118,0.3416088
393128,0.636156
393129,0.18124181
393136,0.21780011
393138,0.31605595
393139,0.61016953
393156,0.31671616
393159,0.78100735
393168,0.247254
393172,0.2996619
393177,0.19761814
393189,0.06473666
393194,0.58876234
393201,0.25701803
393202,0.43195465
393209,0.12955266
393216,0.7552138
393218,0.47364917
393224,0.31794313
393227,0.4621913
393232,0.49717057
393256,0.3552456
393257,0.33485287
393258,0.8065888
393267,0.3574542
393269,0.24300195
393275,0.61261916
393278,0.3413691
393279,0.7078694
393312,0.61400604
393318,0.35050082
393343,0.43351132
393351,0.55689883
393356,0.17277718
393361,0.63290906
393370,0.6590524
393381,0.26533258
393395,0.5841748
393405,0.2483579
393416,0.34092373
393419,0.17900729
393430,0.48617402
393443,0.5398901
393454,0.848679
393478,0.09210094
393489,0.13632698
393499,0.42903855
393503,0.2640335
393505,0.4558495
393507,0.25860274
393526,0.49050105
393537,0.3227461
393543,0.2444048
393555,0.37729025
393562,0.47791287
393573,0.6534204
393587,0.7111838
393591,0.26379558
393606,0.20291872
393621,0.4836052
393624,0.28833032
393625,0.6200409
393628,0.6165321
393633,0.21544673
393641,0.47489047
393642,0.35396284
393650,0.24483842
393658,0.5926271
393669,0.26767743
393671,0.48430207
393672,0.22600253
393680,0.20507509
393683,0.78797746
393684,0.30871907
393691,0.21186514
393696,0.31110492
393699,0.23414902
393708,0.39605165
393709,0.75908655
393711,0.40838036
393720,0.6413049
393738,0.11242562
393740,0.37341172
393762,0.0762233
393774,0.14145811
393776,0.13689995
393778,0.4958652
393793,0.29356968
393804,0.5611891
393818,0.74765545
393821,0.08415107
393822,0.13189025
393833,0.7168059
393839,0.4525005
393840,0.44739115
393843,0.17514215
393852,0.17138648
393855,0.120906316
393860,0.6261202
393864,0.5461062
393877,0.57768834
393882,0.57027715
393884,0.47848928
393886,0.39603713
393892,0.3050345
393894,0.1576333
393902,0.3583017
393909,0.575696
393910,0.09396292
393911,0.30223453
393934,0.26343128
393936,0.7306567
393939,0.46323475
393940,0.18893464
393943,0.26576838
393946,0.6330106
393950,0.18191728
393953,0.33451384
393959,0.8121047
393974,0.75884587
393980,0.6643282
393983,0.21745454
393985,0.39237815
393992,0.16647127
393995,0.48904943
394008,0.594486
394010,0.34709826
394022,0.28436822
394062,0.22091402
394063,0.36643976
394066,0.3008268
394069,0.555046
394071,0.395477
394082,0.29266644
394087,0.4673313
394095,0.19290328
394097,0.67801946
394106,0.336621
394113,0.921943
394115,0.5483387
394125,0.20827349
394131,0.3011586
394132,0.40359426
394141,0.5468198
394145,0.72841734
394153,0.8155494
394159,0.16208749
394180,0.15434863
394186,0.47294435
394200,0.5551062
394203,0.12571052
394210,0.43840748
394214,0.76060355
394218,0.5830551
394231,0.41899097
394240,0.6777014
394248,0.52286285
394249,0.061346345
394254,0.5777938
394264,0.36501214
394267,0.5583788
394269,0.69829595
394275,0.48391214
394289,0.12224024
394295,0.2671082
394305,0.63398796
394308,0.34510374
394317,0.054230724
394323,0.67670393
394332,0.0990793
394336,0.49607334
394345,0.85655326
394346,0.34018674
394347,0.29361027
394351,0.52880126
394355,0.6561906
394360,0.20707594
394372,0.27862647
394373,0.6390564
394374,0.19821328
394382,0.65287715
394385,0.5242988
394409,0.71686953
394415,0.20564294
394433,0.46254322
394445,0.16244397
394448,0.42617387
394467,0.3378851
394471,0.23580377
394473,0.41336223
394474,0.33291826
394476,0.398211
394492,0.199482
394502,0.4327086
394506,0.51744425
394510,0.26690844
394515,0.18346833
394535,0.59417653
394537,0.81626654
394539,0.47969276
394541,0.38297686
394564,0.4558362
394567,0.36790532
394568,0.2493469
394571,0.7103663
394576,0.21190897
394579,0.79653984
394585,0.2696876
394588,0.06567225
394606,0.14676286
394623,0.24012817
394632,0.75042987
394635,0.5542309
394642,0.1844784
394653,0.3067993
394689,0.17721869
394695,0.34549233
394699,0.32878128
394706,0.6967973
394712,0.7515687
394721,0.87008625
394722,0.50293773
394739,0.16281033
394742,0.66027665
394761,0.4671389
394775,0.3347332
394777,0.60515505
394783,0.6644062
394800,0.39630634
394803,0.11710371
394804,0.86398035
394815,0.12014309
394835,0.4952758
394843,0.8146252
394845,0.6289652
394847,0.17280294
394848,0.4032044
394850,0.22536218
394857,0.37848163
394873,0.61425215
394892,0.5184313
394898,0.20300893
394904,0.4157309
394918,0.8237079
394920,0.55946803
394926,0.082358666
394927,0.5006216
394940,0.19145028
394942,0.15853277
394943,0.50788575
394959,0.5298137
394977,0.6455383
394991,0.4513436
395014,0.74069685
395027,0.08135861
395042,0.73631704
395062,0.5270867
395063,0.77469385
395064,0.3000152
395076,0.38539538
395085,0.499325
395095,0.3574704
395100,0.4574852
395105,0.5366476
395108,0.18988127
395110,0.491505
395114,0.7308809
395123,0.67739564
395131,0.32140264
395144,0.2842272
395152,0.65491366
395159,0.542282
395166,0.41664985
395197,0.20765314
395210,0.28729174
395212,0.19276404
395216,0.50511634
395218,0.41855684
395224,0.1017979
395225,0.6166724
395233,0.52536887
395237,0.18465497
395246,0.56914103
395248,0.69065636
395262,0.46876758
395271,0.115610525
395275,0.28810117
395286,0.3266886
395316,0.5671052
395318,0.8462184
395328,0.5028947
395334,0.32088265
395337,0.60105675
395338,0.35466096
395346,0.46291992
395365,0.32082453
395373,0.56815493
395383,0.8014696
395387,0.27082822
395391,0.11677705
395401,0.532243
395432,0.049224984
395443,0.1795684
395447,0.22769465
395448,0.5246322
395450,0.16680577
395456,0.24934725
395459,0.7321196
395462,0.40412617
395488,0.76330304
395492,0.27248025
395495,0.42318115
395504,0.631501
395507,0.25548032
395508,0.75100803
395509,0.34294245
395513,0.5231819
395515,0.34213683
395517,0.73367465
395520,0.64701885
395524,0.18647395
395525,0.25872543
395533,0.12510584
395538,0.30823296
395545,0.22635965
395553,0.21866699
395576,0.5970172
395585,0.2934368
395590,0.42723575
395593,0.24383044
395595,0.34810027
395603,0.39389712
395604,0.45176256
395611,0.72313267
395612,0.35258383
395617,0.21525571
395624,0.08871974
395653,0.6326298
395665,0.22817357
395668,0.4949437
395672,0.6603567
395677,0.5041196
395692,0.11273142
395693,0.57470423
395694,0.34848523
395696,0.52485377
395699,0.23158866
395703,0.24853854
395712,0.5948319
395731,0.2419061
395732,0.17264074
395735,0.15844685
395736,0.32301936
395744,0.7616774
395763,0.21952175
395771,0.1354549
395774,0.20146315
395784,0.29546013
395790,0.45335722
395792,0.7845013
395796,0.26738504
395808,0.58928776
395810,0.3793179
395814,0.6453741
395831,0.47195455
395836,0.23332109
395837,0.13918594
395852,0.47353637
395854,0.12098656
395856,0.55870634
395857,0.28158936
395860,0.16526641
395862,0.08079223
395875,0.17326559
395880,0.20169137
395893,0.49767968
395900,0.14517492
395908,0.31208804
395921,0.8146628
395922,0.13404849
395926,0.43585074
395933,0.08833358
395936,0.18231346
395940,0.332462
395951,0.53892624
395964,0.039817795
395969,0.18028641
395971,0.27381697
395973,0.31653002
395975,0.6027315
395984,0.7298825
395993,0.26617423
396012,0.6401174
396033,0.70112544
396035,0.30120274
396036,0.5933015
396041,0.21976022
396048,0.50406677
396049,0.419802
396057,0.34225532
396060,0.2548362
396063,0.12978688
396078,0.5307275
396085,0.66719806
396087,0.25137302
396094,0.2991249
396104,0.3469041
396110,0.42176953
396123,0.7420439
396139,0.2370195
396160,0.26821804
396165,0.49743065
396169,0.49116218
396182,0.22046155
396200,0.9015638
396201,0.107889354
396202,0.22878587
396216,0.43439114
396227,0.3013861
396236,0.12204994
396240,0.67324734
396249,0.114516184
396252,0.2912847
396253,0.6862704
396276,0.19596113
396297,0.29701087
396301,0.14059886
396310,0.19326872
396327,0.35876477
396330,0.36908135
396331,0.26552808
396334,0.18970013
396337,0.2730295
396343,0.41711268
396346,0.25810292
396350,0.7960841
396368,0.35163313
396375,0.82510024
396378,0.4523336
396380,0.6028757
396393,0.26819482
396397,0.3594368
396403,0.35279688
396404,0.71811175
396408,0.34342584
396414,0.4238761
396418,0.8421378
396420,0.22467569
396426,0.43650213
396428,0.30505762
396434,0.72316396
396435,0.16382508
396437,0.11835497
396442,0.22751749
396444,0.22033684
396449,0.11743822
396453,0.5660233
396464,0.2966693
396474,0.35053033
396483,0.27366346
396496,0.45234254
396501,0.378758
396505,0.1735383
396506,0.075759955
396512,0.1459356
396513,0.6901079
396518,0.3311275
396530,0.57306427
396542,0.49966556
396549,0.09130257
396553,0.17894438
396555,0.758085
396557,0.26132748
396562,0.7181775
396566,0.21789342
396588,0.5844121
396589,0.40906966
396590,0.575419
396597,0.10382516
396602,0.13817157
396609,0.8284806
396614,0.7989222
396617,0.47368163
396620,0.65088636
396625,0.8764185
396638,0.39900878
396640,0.58038807
396646,0.31234226
396648,0.3429854
396653,0.36385193
396663,0.34309864
396668,0.2906633
396670,0.57343185
396678,0.18189229
396681,0.3631405
396698,0.14151695
396699,0.6908843
396710,0.4569511
396713,0.56665087
396729,0.29189253
396732,0.45889792
396735,0.71336925
396752,0.61187536
396754,0.26634347
396761,0.08628445
396769,0.5637782
396777,0.19157013
396789,0.681436
396790,0.19951631
396792,0.4296005
396824,0.39909673
396829,0.17322113
396830,0.27007368
396844,0.5638352
396849,0.28880388
396855,0.83742857
396864,0.5609713
396865,0.5626986
396866,0.47725043
396883,0.31429443
396889,0.5914371
396893,0.16747224
396900,0.479691
396904,0.52284914
396912,0.25045103
396916,0.104905136
396922,0.05840686
396926,0.14433666
396928,0.40618542
396931,0.45707276
396944,0.19456995
396949,0.27770874
396952,0.79846454
396979,0.7561442
396984,0.14445624
396986,0.25914323
396992,0.12050786
396995,0.9057098
397014,0.6138314
397025,0.15488759
397046,0.695746
397047,0.2684164
397051,0.27166176
397052,0.51814175
397058,0.34995225
397071,0.27693382
397081,0.2565313
397084,0.15914541
397086,0.65528387
397088,0.43947485
397090,0.66731465
397093,0.49350652
397106,0.20295297
397109,0.88340247
397110,0.3119026
397118,0.218554
397119,0.46421513
397120,0.082004115
397127,0.35847333
397128,0.26350206
397129,0.41798392
397132,0.33342755
397138,0.17620002
397139,0.5293259
397146,0.65289605
397148,0.78524727
397149,0.53597826
397166,0.19466978
397167,0.5841939
397168,0.3564451
397171,0.11220323
397178,0.47422534
397185,0.16426001
397191,0.3766783
397195,0.39065066
397197,0.65822935
397198,0.37238014
397211,0.3945627
397213,0.24880016
397216,0.14857599
397219,0.5282553
397226,0.327336
397241,0.16701382
397249,0.6150041
397261,0.21864827
397265,0.19541089
397281,0.10600752
397304,0.28782183
397306,0.37708667
397325,0.5409673
397327,0.34104037
397345,0.80677325
397360,0.20030871
397378,0.34145248
397383,0.47706592
397384,0.3439773
397399,0.31645408
397415,0.104791686
397433,0.040437084
397444,0.7643688
397452,0.8304791
397458,0.3004455
397460,0.13122565
397462,0.2854144
397464,0.42225587
397466,0.8568758
397472,0.15031348
397474,0.24506855
397476,0.4954364
397482,0.7234536
397492,0.60047036
397494,0.12219317
397501,0.70970416
397507,0.6114087
397512,0.49399942
397513,0.39361298
397517,0.11488917
397533,0.38103822
397549,0.77041465
397560,0.31135643
397562,0.1433692
397570,0.43427333
397575,0.13764343
397584,0.34632677
397585,0.07550252
397593,0.18238382
397609,0.5780433
397615,0.13838284
397630,0.6252955
397631,0.29053593
397633,0.5476076
397641,0.12535891
397664,0.19631858
397668,0.17398542
397674,0.40372378
397679,0.4449999
397681,0.5900245
397694,0.35280356
397695,0.5391904
397707,0.7354267
397713,0.13358124
397714,0.509763
397715,0.29141954
397724,0.27764425
397726,0.81920195
397729,0.31770033
397739,0.21898289
397741,0.18557867
397759,0.31296015
397761,0.230566
397767,0.6496092
397776,0.63052154
397782,0.7495745
397785,0.27984384
397789,0.13573132
397793,0.4596782
397794,0.62603164
397804,0.35751882
397815,0.239169
397816,0.37159756
397825,0.52093744
397857,0.5282886
397861,0.27675316
397890,0.4888436
397891,0.89223224
397900,0.46335158
397903,0.4071369
397911,0.38891357
397925,0.5398382
397928,0.45297897
397954,0.22450751
397955,0.13248882
397962,0.43297315
397971,0.27141032
397975,0.28230357
397984,0.66814286
397989,0.070769094
397993,0.42848146
398004,0.27429396
398032,0.7824254
398038,0.43133014
398043,0.22251256
398046,0.20939778
398051,0.79373294
398061,0.1523617
398082,0.4124856
398086,0.2947156
398087,0.5500392
398088,0.40519607
398093,0.128726
398103,0.20038132
398106,0.5832062
398109,0.35542715
398110,0.15965071
398113,0.45902306
398116,0.49987087
398132,0.28505912
398135,0.38771135
398138,0.19918881
398159,0.52933455
398163,0.8374529
398165,0.52246976
398166,0.2815674
398173,0.31067076
398179,0.34465313
398181,0.42919165
398189,0.030202636
398196,0.28539032
398206,0.52009994
398208,0.4556714
398220,0.33229476
398231,0.27436286
398234,0.76203847
398239,0.26369599
398254,0.07220525
398260,0.31712797
398261,0.19600146
398269,0.52431405
398274,0.2512287
398279,0.118248925
398280,0.46092787
398292,0.731516
398293,0.32181972
398295,0.26823345
398329,0.28207546
398337,0.50440365
398344,0.24946222
398347,0.22446112
398348,0.9434852
398352,0.05253792
398355,0.5709532
398360,0.7553288
398363,0.3709442
398368,0.2652259
398373,0.64477235
398377,0.34314373
398384,0.30552086
398389,0.41277975
398394,0.61783683
398397,0.2815434
398400,0.24454552
398409,0.17141594
398429,0.14722325
398432,0.35633138
398444,0.6396641
398446,0.8411701
398456,0.13033652
398461,0.21386929
398473,0.16760506
398480,0.2577637
398481,0.560671
398485,0.58280563
398488,0.8183345
398500,0.3359721
398520,0.4204757
398524,0.6243063
398534,0.3694115
398554,0.113714755
398572,0.38635865
398580,0.44602993
398586,0.29734322
398592,0.7116273
398606,0.33617535
398619,0.4179137
398621,0.43534306
398625,0.5121421
398645,0.52414
398652,0.7726543
398656,0.17287149
398661,0.67495817
398667,0.19250318
398669,0.51317316
398676,0.3756242
398690,0.22135127
398699,0.559774
398715,0.42452633
398718,0.10326368
398721,0.19029596
398729,0.22203374
398737,0.3317082
398738,0.086271346
398752,0.3848058
398757,0.5964709
398759,0.2218792
398764,0.5575365
398771,0.4264414
398773,0.15716408
398775,0.34325236
398779,0.71328074
398791,0.4613118
398807,0.7088951
398811,0.4767256
398814,0.6817706
398817,0.1971713
398829,0.31982455
398830,0.11547695
398838,0.07986313
398839,0.77164716
398841,0.6610698
398850,0.13820182
398852,0.2073691
398858,0.5048542
398859,0.69249165
398862,0.63821614
398870,0.56162906
398875,0.37318784
398902,0.14719671
398910,0.029393092
398919,0.5220442
398929,0.44795462
398935,0.8048214
398940,0.1892789
398953,0.4714214
398956,0.53422207
398963,0.089169286
398966,0.4038893
398967,0.47444892
398968,0.56450564
398974,0.26170582
398976,0.33814746
398982,0.3840742
398993,0.3297649
399011,0.46990103
399016,0.55266243
399017,0.45733276
399020,0.47538885
399047,0.47733647
399053,0.8687076
399056,0.14408575
399061,0.3074666
399066,0.73948795
399074,0.36984238
399086,0.5768195
399088,0.7265005
399091,0.610409
399092,0.49826476
399093,0.26820883
399100,0.09732415
399124,0.31668982
399131,0.4641628
399142,0.25668508
399149,0.22983515
399158,0.7399635
399160,0.09739966
399167,0.19012941
399169,0.56004554
399171,0.07535663
399174,0.48043382
399178,0.6424905
399179,0.8096412
399184,0.33675373
399185,0.10072976
399186,0.31932712
399191,0.40363795
399192,0.22322567
399195,0.7623229
399212,0.60461545
399221,0.5126515
399223,0.73478585
399230,0.6933202
399246,0.4151463
399260,0.31911018
399261,0.58642447
399266,0.09669582
399289,0.2692089
399293,0.37403584
399299,0.37148297
399306,0.15675783
399321,0.23629615
399328,0.30982357
399344,0.12918878
399352,0.34287217
399358,0.39694345
399374,0.5646085
399382,0.80382466
399385,0.5276313
399388,0.2651048
399399,0.16056944
399410,0.14636686
399417,0.038122013
399423,0.21282545
399427,0.125649
399429,0.494621
399435,0.26977375
399439,0.27724838
399451,0.45036474
399454,0.20471501
399458,0.6183306
399468,0.14250281
399477,0.47133493
399483,0.63467544
399493,0.17000659
399494,0.4026253
399499,0.5246754
399503,0.515471
399510,0.2729286
399511,0.2997857
399525,0.31765223
399528,0.48480427
399533,0.42304277
399538,0.5366753
399551,0.5181029
399568,0.70571256
399571,0.24262542
399585,0.14150965
399589,0.4982422
399595,0.2651599
399598,0.13577113
399605,0.5622014
399616,0.33819425
399617,0.19336909
399622,0.20310566
399627,0.7397919
399635,0.5928584
399639,0.8780531
399641,0.42800286
399643,0.3707443
399659,0.11286822
399667,0.35045
399683,0.3764668
399702,0.3980699
399706,0.6321225
399720,0.22376889
399727,0.44157133
399730,0.7716169
399734,0.28233448
399751,0.35304573
399754,0.6274076
399759,0.49034503
399768,0.37130043
399770,0.7347032
399781,0.57575005
399786,0.6112348
399799,0.3020697
399811,0.09004097
399813,0.28414595
399820,0.45382747
399832,0.13151547
399851,0.6676477
399853,0.18201697
399855,0.34638476
399860,0.42758992
399876,0.7446899
399877,0.4441551
399881,0.14328611
399882,0.29058623
399903,0.36725733
399906,0.36707687
399912,0.7390091
399915,0.476245
399921,0.2124955
399935,0.42056176
399936,0.66737187
399938,0.29906237
399939,0.17795655
399940,0.13250472
399949,0.652399
399953,0.04453847
399959,0.57917506
399968,0.21564095
399969,0.17445633
399972,0.45764434
399974,0.12722462
399976,0.28991276
399979,0.36942425
399988,0.43632835
399994,0.797543
399996,0.680933
399997,0.5301779
400000,0.29584214
400004,0.2648445
400011,0.5036718
400014,0.8625643
400015,0.2301611
400017,0.2081504
400046,0.33058158
400063,0.60787874
400065,0.3515924
400069,0.28368786
400075,0.17062196
400088,0.16929598
400091,0.19759135
400105,0.19729955
400108,0.7761636
400113,0.4062074
400119,0.3278807
400123,0.37291706
400127,0.24998534
400136,0.2424692
400137,0.58054954
400138,0.49636117
400158,0.61618465
400172,0.39327788
400174,0.15135531
400224,0.49025849
400229,0.50292474
400236,0.7832043
400240,0.09286174
400249,0.14044778
400258,0.61554474
400268,0.5737787
400272,0.1482118
400284,0.3999
400292,0.18059482
400295,0.42406562
400308,0.46225178
400314,0.33805835
400315,0.10033844
400331,0.855309
400332,0.34632003
400339,0.16598919
400342,0.44184726
400361,0.32847536
400363,0.32649088
400365,0.26245385
400374,0.47107217
400379,0.35103995
400382,0.10980595
400416,0.38862422
400422,0.3166438
400436,0.16854723
400460,0.5594236
400462,0.5918166
400468,0.5603155
400482,0.32219955
400489,0.499108
400490,0.6899176
400501,0.17466524
400519,0.28834313
400525,0.7718201
400526,0.048788115
400529,0.5965939
400540,0.23020466
400543,0.31460604
400545,0.35883105
400556,0.46422628
400572,0.4501051
400584,0.2035803
400589,0.35204983
400593,0.71398413
400597,0.4509406
400616,0.40549156
400642,0.5808731
400643,0.3841742
400649,0.12323105
400672,0.5153903
400685,0.25023797
400693,0.37810946
400695,0.4654544
400701,0.30901933
400720,0.23060827
400741,0.4255013
400745,0.5643601
400750,0.13777232
400779,0.6394272
400784,0.29239056
400792,0.5405112
400800,0.20859401
400811,0.47351447
400813,0.81278706
400820,0.105555706
400833,0.16159803
400834,0.49302337
400841,0.17046286
400855,0.83567387
400856,0.55954576
400860,0.16023074
400866,0.39654762
400869,0.377858
400870,0.5847486
400880,0.25752854
400882,0.2492187
400915,0.514875
400921,0.51875025
400923,0.6028504
400925,0.23218474
400936,0.40832368
400943,0.79635173
400962,0.19890313
400963,0.42859182
400967,0.22137254
400970,0.49783704
400975,0.1550025
400981,0.6893259
400983,0.7971359
400987,0.21752901
400988,0.18156758
400994,0.58151174
400998,0.6264779
401002,0.28023288
401003,0.6297009
401005,0.1620026
401007,0.2681266
401022,0.50250554
401029,0.74898124
401035,0.27416164
401036,0.6761548
401040,0.16991383
401045,0.38102332
401053,0.28925315
401065,0.3086268
401067,0.47828346
401069,0.31708094
401073,0.43017295
401074,0.63371783
401078,0.54122746
401082,0.6977689
401086,0.53463715
401092,0.31228957
401097,0.21754596
401098,0.24677393
401099,0.58565325
401100,0.4185547
401107,0.4521364
401119,0.6015249
401120,0.24041885
401137,0.71889204
401142,0.7786749
401162,0.24550626
401163,0.65809965
401172,0.2565591
401179,0.5231544
401182,0.40320337
401184,0.29590207
401190,0.12766764
401207,0.22591308
401210,0.10656234
401220,0.24120522
401225,0.18757103
401230,0.49465728
401240,0.1160596
401246,0.470074
401256,0.6918854
401273,0.22749548
401274,0.33803722
401287,0.43794596
401292,0.45858502
401305,0.49872747
401310,0.10941099
401311,0.34356004
401321,0.22961612
401332,0.38454303
401338,0.22532184
401345,0.25006393
401368,0.52982646
401375,0.8279733
401378,0.39368996
401379,0.09818881
401395,0.27866775
401403,0.3593696
401406,0.12909657
401415,0.44993654
401424,0.3673474
401425,0.14539216
401428,0.5985774
401430,0.3788464
401436,0.23600322
401440,0.41650826
401443,0.31562874
401447,0.13548748
401448,0.13706893
401450,0.044212084
401459,0.085279614
401462,0.2294391
401470,0.69197804
401479,0.41711584
401481,0.08096895
401486,0.35544673
401496,0.13211985
401497,0.5124613
401502,0.26173735
401508,0.40913326
401513,0.46135187
401517,0.848533
401519,0.62177527
401533,0.7183525
401536,0.6497457
401547,0.24727318
401581,0.3691751
401582,0.2874611
401586,0.46697947
401593,0.8261317
401603,0.47606906
401621,0.36676836
401625,0.47625917
401635,0.81152177
401646,0.2803664
401649,0.2673692
401660,0.5271627
401668,0.545732
401686,0.15575677
401706,0.62200296
401712,0.29806992
401721,0.26166484
401725,0.40987754
401730,0.8815939
401741,0.044114817
401743,0.15415245
401748,0.5140601
401751,0.14621808
401770,0.32042053
401791,0.14968742
401792,0.28217584
401808,0.6455152
401816,0.11021138
401820,0.7067799
401821,0.22323865
401828,0.2631989
401830,0.69537395
401832,0.25534776
401839,0.38877574
401852,0.032670148
401868,0.1598512
401876,0.32429054
401879,0.6197604
401882,0.09713618
401894,0.3816498
401899,0.594946
401901,0.6697389
401913,0.32249275
401919,0.27968216
401920,0.28620538
401923,0.08205913
401924,0.7547676
401932,0.61602604
401942,0.8150045
401949,0.39561388
401950,0.54529387
401951,0.17903079
401952,0.37739053
401971,0.8068937
401972,0.26991573
401973,0.23961312
401974,0.36680275
401983,0.4650388
401984,0.17672819
401988,0.13200213
401989,0.47101322
401990,0.20779003
402024,0.632259
402029,0.5195827
402030,0.76213026
402041,0.5322417
402042,0.54117066
402043,0.3824528
402052,0.57947546
402053,0.17274901
402054,0.31060567
402057,0.20974784
402067,0.1827365
402068,0.09365375
402069,0.60256505
402070,0.35023963
402071,0.20601152
402073,0.14762418
402074,0.30822778
402075,0.3825277
402076,0.29163432
402077,0.1780469
402078,0.8812473
402079,0.76069015
402080,0.2252826
402081,0.07014964
402082,0.33859858
402089,0.5797954
402090,0.348164
402091,0.6177113
402092,0.34826392
402094,0.32020575
402095,0.13577798
402096,0.34418654
402109,0.53839666
402151,0.45804483
402152,0.25481376
402153,0.29478684
402155,0.44514245
402201,0.06089277
402210,0.58273965
402212,0.3346565
402218,0.19677517
402227,0.539794
402234,0.58871174
402236,0.18847197
402242,0.3227097
402243,0.1407841
402244,0.82818466
402245,0.0997632
402250,0.41915426
402251,0.41989723
402254,0.77222234
402255,0.52869976
402256,0.39321762
402257,0.66299933
402258,0.6477793
402259,0.15244246
402260,0.18681785
402261,0.7507583
402262,0.19655867
402263,0.3663846
402264,0.11731773
402265,0.2563314
402266,0.62618256
402267,0.37687188
402268,0.16041923
402270,0.2013607
402271,0.11805316
402272,0.3203835
402273,0.16109957
402274,0.23097655
402275,0.39707214
402276,0.2905669
402277,0.2455532
402278,0.19728807
402279,0.39125612
402280,0.1008996
402362,0.6006995
402363,0.1824003
402364,0.31640837
402370,0.054049514
402376,0.10252025
402381,0.5289745
402384,0.27583018
402389,0.37678522
402414,0.23301135
402416,0.14142777
402417,0.18330343
402420,0.43283343
402426,0.06425765
402436,0.8100936
402444,0.20645384
402447,0.31152135
402449,0.25703666
402454,0.7282173
402458,0.6469764
402460,0.29629382
402466,0.34887028
402475,0.4905153
402498,0.6356459
402502,0.41494074
402505,0.41258252
402509,0.489926
402513,0.5920061
402517,0.21983172
402519,0.27018785
402522,0.44171393
402523,0.18129729
402525,0.5208532
402528,0.5124527
402534,0.45897946
402536,0.37019426
402542,0.28448316
402548,0.75998557
402552,0.3929376
402559,0.5798133
402563,0.19692606
402568,0.26606932
402573,0.72015154
402574,0.27566326
402575,0.4414964
402577,0.39445353
402602,0.111167416
402603,0.460791
402604,0.34906468
402614,0.66837245
402615,0.18751706
402616,0.13008222
402617,0.7249918
402618,0.6083847
402619,0.10723421
402639,0.23782185
402640,0.37062082
402641,0.87065583
402642,0.11600927
402643,0.1463212
402644,0.42043203
402645,0.36288664
402649,0.33702335
402650,0.74942446
402653,0.40641037
402654,0.14173377
402655,0.66990745
402656,0.59503424
402657,0.36796525
402658,0.120102525
402659,0.24393895
402662,0.20254894
402696,0.08450221
402705,0.13636394
402707,0.57167214
402708,0.627901
402709,0.23776123
402729,0.41170484
402730,0.29269028
402732,0.47617018
402739,0.20809968
402740,0.49380004
402741,0.33168322
402744,0.8747446
402745,0.56942207
402746,0.11841075
402772,0.46783817
402773,0.34293038
402774,0.26423502
402780,0.37035358
402781,0.29382694
402782,0.6849809
402790,0.17705464
402803,0.7137897
402808,0.5808778
402809,0.15709834
402810,0.580638
402811,0.45249543
402815,0.2291059
402820,0.41415134
402821,0.42450243
402822,0.28310987
402824,0.38220248
402825,0.30389288
402870,0.2791949
402875,0.111500904
402924,0.7259693
402925,0.30043635
402926,0.14908582
402927,0.2897893
402928,0.47248092
402929,0.47184375
402930,0.4108359
402931,0.075172506
402932,0.34896633
402933,0.6024951
402940,0.28868973
402953,0.27569488
402954,0.359834
402955,0.14285167
402956,0.32430708
402957,0.33566928
402970,0.14579047
402973,0.36746588
402974,0.47749564
402975,0.40056878
402976,0.3756579
402977,0.13046913
402978,0.3518993
402979,0.5739155
402980,0.7270349
402981,0.65814465
402982,0.3285494
402993,0.72961915
402994,0.4449129
403099,0.2513044
403137,0.1725763
403138,0.5161364
403165,0.2030051
403192,0.7957914
403214,0.25441468
403223,0.18899515
403238,0.27728596
403244,0.34568733
403246,0.23719342
403252,0.48868993
403254,0.5591381
403255,0.12453018
403259,0.39301753
403262,0.29920396
403277,0.3096259
403280,0.54679275
403281,0.5632717
403287,0.20042723
403315,0.57957256
403318,0.63749546
403319,0.14955235
403327,0.2437907
403331,0.22959551
403342,0.6813797
403349,0.38107678
403353,0.306916
403364,0.32970694
403369,0.27299935
403373,0.6423273
403376,0.21119471
403378,0.2214496
403384,0.43571544
403385,0.09385424
403386,0.3241283
403388,0.43556097
403396,0.3165857
403398,0.50347275
403404,0.5249145
403410,0.27034146
403414,0.42890626
403417,0.5722397
403422,0.3777095
403424,0.38604417
403438,0.27507135
403451,0.20603363
403452,0.4884009
403453,0.46051887
403454,0.40970454
403455,0.41901532
403464,0.45162752
403465,0.35782704
403466,0.12238055
403500,0.51580536
403501,0.53999114
403524,0.7678447
403525,0.71921015
403526,0.14473578
403527,0.098362535
403542,0.5999159
403543,0.28044975
403549,0.19194913
403550,0.14269394
403551,0.56611
403552,0.64751285
403553,0.24000636
403554,0.51487345
403558,0.12435828
403559,0.24191715
403560,0.8606685
403561,0.7990719
403562,0.65053684
403564,0.41999623
403565,0.36814836
403566,0.19382657
403600,0.54169667
403602,0.3974176
403603,0.32984036
403662,0.2506278
403685,0.33217674
403686,0.017865524
403687,0.16666369
403688,0.50170285
403689,0.8390493
403690,0.9091581
403691,0.40753123
403692,0.28281972
403696,0.2829099
403697,0.549495
403698,0.17884862
403699,0.64383453
403701,0.69281715
403702,0.4991288
403703,0.59027016
403704,0.5399005
403705,0.2916519
403712,0.3095865
403713,0.2814298
403714,0.704741
403715,0.37123644
403718,0.37161285
403722,0.71899724
403723,0.2814771
403724,0.48723364
403725,0.17260323
403726,0.120306745
403764,0.35411048
403765,0.27547434
403766,0.4811774
403770,0.7845572
403771,0.25947994
403772,0.6380127
403795,0.7376729
403799,0.29386178
403800,0.17210759
403801,0.12195989
403802,0.76377714
403803,0.76148885
403811,0.30745235
403814,0.24643694
403815,0.0887899
403816,0.24288295
403817,0.19922803
403818,0.130741
403820,0.33100057
403821,0.4944075
403822,0.699703
403823,0.2001652
403824,0.6144932
403825,0.085255675
403826,0.12012394
403828,0.30339772
403834,0.30969834
403836,0.62193525
403837,0.33222058
403838,0.46048808
403839,0.41128477
403873,0.2774284
403876,0.46839395
403902,0.27944472
403918,0.20311113
403922,0.37235302
403928,0.52641404
403929,0.5495092
403931,0.19008537
403932,0.27818835
403933,0.24380924
403935,0.42604923
403936,0.786587
403937,0.42804986
403938,0.25759226
403943,0.35737967
403944,0.39061314
403945,0.3720338
403946,0.5157822
403948,0.5400634
403951,0.47306687
403955,0.49667135
403956,0.4847492
403957,0.40222275
403958,0.3465892
403960,0.71742713
403961,0.2536331
403962,0.7632713
403963,0.14833792
403964,0.54412144
403965,0.30406043
403966,0.63613546
403967,0.36308536
403968,0.7415122
403969,0.44032997
403970,0.37203282
403971,0.42622632
403972,0.7867529
403973,0.7028743
403974,0.82522124
403975,0.14617172
403976,0.16077241
403977,0.45551878
403978,0.48625547
403979,0.08425008
403980,0.65209466
403981,0.16090515
403982,0.076435685
404062,0.37915465
404067,0.06985964
404070,0.29485467
404079,0.24483456
404084,0.2956566
404108,0.4918972
404112,0.4350675
404118,0.62641495
404121,0.16368513
404122,0.4217618
404126,0.38586503
404140,0.19817486
404152,0.78336775
404156,0.8801804
404158,0.4504003
404160,0.42323777
404172,0.12869917
404174,0.19079198
404180,0.2988222
404186,0.20401445
404190,0.48114318
404192,0.2145113
404206,0.19056043
404207,0.81533015
404213,0.6237897
404216,0.6192976
404220,0.4289856
404227,0.31215712
404235,0.19523546
404247,0.7197634
404259,0.11079695
404266,0.52669024
404267,0.5482106
404274,0.87162954
404276,0.3038294
404277,0.09933596
404278,0.2389532
404279,0.22140954
404280,0.37195694
404287,0.41172138
404288,0.6922615
404289,0.054197066
404290,0.76434135
404291,0.056607462
404293,0.43228632
404302,0.40150452
404303,0.26805452
404304,0.49327952
404307,0.3131483
404308,0.32188293
404309,0.5802754
404310,0.5651248
404311,0.74160075
404312,0.5916569
404323,0.20402062
404324,0.25934583
404325,0.28085306
404326,0.2205824
404327,0.67382133
404328,0.18779819
404329,0.14646731
404330,0.36587226
404331,0.15024093
404335,0.43252984
404336,0.6650521
404337,0.7729494
404364,0.8319077
404379,0.5289819
404380,0.9240694
404381,0.8189153
404382,0.47284544
404385,0.19427013
404390,0.16468433
404391,0.3111785
404392,0.67487574
404393,0.21977219
404396,0.54531133
404400,0.18306379
404401,0.17728187
404402,0.31072313
404403,0.78971934
404404,0.36385143
404405,0.58277744
404406,0.046212066
404437,0.5460652
404439,0.5673306
404461,0.6660469
404462,0.62628436
404464,0.13735497
404468,0.46137503
404469,0.4267535
404470,0.5262944
404471,0.20842505
404472,0.53212863
404473,0.19939765
404474,0.30665216
404475,0.4816277
404477,0.3233253
404478,0.24127042
404554,0.3389076
404555,0.15216899
404556,0.22709002
404557,0.23164406
404569,0.48605606
404571,0.22250989
404585,0.48104545
404586,0.17243974
404592,0.6639888
404595,0.12046514
404596,0.5959598
404597,0.45161512
404603,0.7229378
404606,0.32140276
404607,0.6521157
404608,0.23662099
404609,0.37121883
404620,0.49679464
404689,0.40588543
404708,0.23019794
404734,0.505005
404771,0.11391637
404806,0.14577167
404818,0.20322938
404850,0.060928438
404870,0.6319476
404923,0.14661513
404934,0.6690341
404938,0.17624001
404954,0.17959556
404957,0.36475176
404963,0.5180843
404964,0.1324754
404969,0.5297853
404970,0.29018253
404979,0.16735487
404997,0.0911579
404998,0.25730854
405009,0.4804609
405016,0.33245394
405018,0.107161395
405035,0.6401439
405036,0.23690802
405038,0.6805859
405047,0.23496415
405055,0.21618207
405060,0.5277864
405066,0.25425312
405081,0.30561998
405084,0.80500096
405089,0.6784765
405098,0.2799832
405100,0.4262919
405114,0.11979022
405118,0.21293163
405119,0.71699005
405120,0.334583
405121,0.48393267
405124,0.28018537
405125,0.3906518
405132,0.27155384
405179,0.23396125
405193,0.27498853
405194,0.46320167
405195,0.29554453
405206,0.24174961
405207,0.18839389
405211,0.0929792
405215,0.044140317
405217,0.6675001
405219,0.5948329
405220,0.62273717
405231,0.31508023
405232,0.5344073
405291,0.21600452
405316,0.39059392
405317,0.3149401
405318,0.30024475
405319,0.22146325
405320,0.30341014
405325,0.06909251
405326,0.07134227
405333,0.2619332
405334,0.616698
405349,0.83717483
405351,0.33395958
405353,0.27788684
405354,0.9058153
405361,0.52066076
405362,0.11935498
405363,0.7088506
405364,0.763417
405365,0.50291216
405366,0.4669948
405372,0.78104997
405397,0.179418
405402,0.5024455
405409,0.51050276
405410,0.8602105
405411,0.34729594
405412,0.12994163
405435,0.11062513
405436,0.28075078
405438,0.13698396
405442,0.25436798
405443,0.7410966
405444,0.36295602
405445,0.3067399
405446,0.28215253
405468,0.1430224
405489,0.7134906
405490,0.6414331
405498,0.27088338
405509,0.36187637
405510,0.10650055
405511,0.501305
405512,0.050371673
405517,0.25562978
405518,0.52374315
405523,0.22812791
405544,0.110882685
405546,0.48540786
405552,0.6400458
405583,0.13647619
405592,0.36594576
405599,0.28348336
405602,0.28054786
405607,0.03456792
405613,0.4331457
405620,0.8450851
405624,0.53953624
405625,0.17709708
405626,0.1797477
405632,0.38807276
405633,0.28003338
405637,0.69570494
405640,0.54023445
405642,0.45248264
405646,0.110617004
405647,0.1756611
405650,0.83657247
405653,0.5590565
405654,0.28001064
405660,0.294751
405666,0.36515918
405667,0.45422977
405668,0.13945216
405669,0.40318942
405671,0.39088562
405672,0.112617366
405673,0.2714567
405674,0.57473177
405675,0.30897436
405676,0.2378596
405677,0.26456928
405679,0.18010847
405680,0.48998433
405682,0.51867044
405683,0.24348043
405684,0.5177737
405685,0.7617476
405687,0.13704573
405689,0.09110342
405690,0.24850355
405691,0.8383535
405692,0.3748712
405693,0.49140853
405695,0.38827932
405696,0.28890613
405697,0.18279973
405698,0.47969067
405699,0.1795889
405700,0.7851125
405701,0.70950305
405702,0.685392
405761,0.51424515
405765,0.36252618
405769,0.32171175
405784,0.58856386
405811,0.052582216
405814,0.32530743
405816,0.63746226
450685,0.3081654
405818,0.34114265
405821,0.17542948
405822,0.06268076
405838,0.28254125
405841,0.20446642
405846,0.32947418
405855,0.37949163
405857,0.27498373
405858,0.6123689
405860,0.49628395
405861,0.6202885
405871,0.15310004
450687,0.662264
405879,0.16873804
405880,0.17174487
405886,0.30849662
405901,0.24394165
405904,0.3717788
405905,0.20027477
405906,0.28379008
405927,0.26437262
405930,0.49271396
405944,0.36241898
405946,0.16764756
405954,0.734189
405963,0.23825459
405964,0.060069222
405965,0.16736545
405966,0.6829949
405970,0.104620956
405971,0.35477543
405992,0.46816707
405996,0.16112466
405999,0.13300207
406002,0.59268606
406003,0.23069085
406004,0.18846133
406005,0.377803
406006,0.40889645
406007,0.6622408
406008,0.6990333
406028,0.15643808
406029,0.29091078
406043,0.32309934
406044,0.27119154
406045,0.60519063
406046,0.5068627
406048,0.13673313
406050,0.38895693
406051,0.36160922
406052,0.75683224
406053,0.541971
406077,0.2898139
406082,0.5316161
406083,0.81940067
406084,0.31918082
406098,0.21636626
406099,0.45536917
406100,0.6063042
406113,0.4288886
406114,0.28607422
406115,0.696824
406116,0.2832843
406117,0.08819946
406127,0.24557951
406128,0.3554856
406129,0.63256276
406132,0.21025792
406133,0.18692951
406134,0.24658526
406135,0.8177776
406136,0.30735135
406137,0.6319751
406138,0.58231443
406139,0.47521567
406142,0.47236803
406143,0.69050515
406175,0.45883244
406176,0.5854514
406177,0.27279955
406194,0.2792287
406195,0.27972344
406208,0.25718677
406210,0.3761667
406216,0.58277166
406217,0.65759903
406227,0.17541902
406228,0.2192702
406253,0.39748728
406254,0.0657188
406260,0.4177966
406267,0.5589288
406269,0.123049654
406276,0.6493535
406277,0.3771133
406279,0.1808878
406288,0.23090407
406297,0.54482937
406308,0.67744666
406310,0.6363932
406320,0.2523034
406336,0.12857702
406352,0.13079995
406365,0.30611053
406369,0.53400457
406371,0.5251535
406401,0.585214
406408,0.37673667
406409,0.08899936
406475,0.83625597
406492,0.3755952
406510,0.5707711
406519,0.42968774
406565,0.75036466
406584,0.52997214
406596,0.22754124
406598,0.12511162
406605,0.46235904
406609,0.2847281
406610,0.35076964
406611,0.17355569
406654,0.31553417
406670,0.45932278
406675,0.4653356
406681,0.47795102
406682,0.09887462
406695,0.1915381
406697,0.2934957
406712,0.5403854
406719,0.31430465
406725,0.57412183
406734,0.23472863
406743,0.56972826
406778,0.38990203
406784,0.66464096
406786,0.47520384
406791,0.4548384
406792,0.24475913
406803,0.51491785
406812,0.26662436
406813,0.29720336
406814,0.28737983
406841,0.22614731
406842,0.39309117
406843,0.13254102
406848,0.52198607
406861,0.24038017
406862,0.7458032
406863,0.094287
406864,0.18183373
406865,0.5519682
406871,0.52054125
406872,0.6125739
406873,0.6634869
406893,0.38394323
406919,0.451889
406920,0.4021514
406921,0.68641585
406923,0.46671486
406924,0.4766565
406925,0.06303341
406926,0.5601017
406927,0.64490074
406936,0.09213408
406937,0.80619407
406938,0.14879395
406939,0.2620483
406940,0.4028509
406941,0.2105795
406952,0.2635095
406953,0.4989839
406954,0.48857066
406962,0.3152436
406963,0.825908
450689,0.51583594
406964,0.46080896
406965,0.5271721
406966,0.51595324
406967,0.18924491
406968,0.57077545
406969,0.56354994
406970,0.21435176
406971,0.6820376
406972,0.6024743
406973,0.20675491
406974,0.5171968
406975,0.35482824
406976,0.10790962
406977,0.21015981
406985,0.17776775
406987,0.20436317
407025,0.5386647
407031,0.2804702
407033,0.7479468
407039,0.45513314
407041,0.3374277
407044,0.4833738
407046,0.24674612
407053,0.12643094
407061,0.11412178
407069,0.3154754
407070,0.47574893
407072,0.28041148
407073,0.32968926
407081,0.44905838
407082,0.24476787
407088,0.2412781
407091,0.5057354
407097,0.13612603
407104,0.74073136
407105,0.84167874
407106,0.13141485
407121,0.22052895
407128,0.124979675
407137,0.23809227
407144,0.6534894
407145,0.7181705
407154,0.47226202
407162,0.16831408
407164,0.64975977
407168,0.80395764
407203,0.514829
407210,0.7537985
407215,0.3974363
407218,0.3081099
407228,0.1752244
407262,0.4588461
407274,0.8013298
407280,0.70266014
407288,0.28871843
407298,0.16325068
407299,0.5785924
407302,0.43206483
407303,0.5974517
407305,0.7112072
407306,0.81257087
407307,0.21517572
407313,0.13288486
407314,0.15523706
407315,0.23816258
407316,0.3030198
407322,0.6960963
407323,0.39751628
407324,0.29019883
407325,0.37157574
407329,0.70035577
407330,0.45693767
407332,0.6086906
407333,0.61908346
407334,0.26229328
407335,0.69716173
407336,0.33006567
407337,0.731177
407338,0.26677018
407339,0.1974837
407340,0.2076576
407341,0.5257495
407342,0.19204384
407343,0.30968258
407344,0.44349188
407345,0.2675395
407346,0.5417559
407353,0.5262412
407364,0.34627578
407365,0.36337337
407366,0.14316481
407370,0.2871317
407373,0.64785314
407376,0.35880026
407386,0.10390882
407388,0.178522
407391,0.11662868
407393,0.12106705
407427,0.32381257
407452,0.472289
407454,0.4192482
407457,0.26302698
407462,0.12748416
407463,0.3353893
407468,0.6915497
407469,0.5094021
407478,0.267616
407482,0.35831192
407487,0.32346958
407489,0.60564095
407498,0.89386994
407516,0.6542115
407519,0.32546034
407528,0.703533
407532,0.7485132
407534,0.775212
407543,0.2553069
407546,0.7750026
407550,0.118841276
407555,0.17654985
407558,0.29532963
407587,0.209196
407588,0.16850233
407594,0.79620826
407596,0.38468835
407598,0.21650386
407602,0.438197
407605,0.5460743
407613,0.54585487
407619,0.5969874
407625,0.3020564
407627,0.19405541
407629,0.5907278
407631,0.31982106
407633,0.28847
407636,0.6542988
407645,0.9209254
407648,0.4788402
407669,0.10829046
407674,0.10865979
407675,0.40683568
407676,0.44228232
407677,0.59746003
407678,0.79007167
407679,0.47889224
407680,0.50292486
407681,0.25894362
407682,0.30698013
407684,0.5148875
407692,0.44166702
407693,0.75691706
407694,0.46272135
407695,0.22630152
407696,0.36010754
407697,0.47030804
407698,0.48723623
407699,0.22349767
407702,0.22649288
407703,0.40079036
407725,0.5725031
407726,0.62242794
407729,0.60545754
407731,0.086136065
407745,0.5806387
407749,0.34116983
407750,0.22057804
407751,0.59226054
407752,0.87387615
407753,0.7979539
407754,0.41198018
407755,0.6235558
407756,0.2836577
407765,0.21080498
407766,0.3023884
407767,0.50636846
407768,0.24724726
407773,0.3292067
407774,0.4296476
407778,0.42483822
407779,0.4333059
407780,0.84913266
407781,0.4477058
407782,0.21540473
407783,0.38025334
407784,0.41398814
407825,0.41452807
407826,0.11948707
407828,0.38068318
407829,0.14899887
407830,0.76378953
407831,0.14622697
407832,0.13583249
407838,0.10371841
407839,0.38327077
407840,0.073155865
407841,0.56944
407842,0.2519391
407855,0.45724934
407857,0.46518672
407881,0.47758746
407882,0.5722387
407885,0.14532383
407915,0.26001233
407916,0.2018009
407918,0.5093277
407919,0.7107187
407920,0.14081092
407921,0.3516273
407922,0.24471772
407927,0.3080518
407934,0.37269703
407941,0.5132412
407942,0.34997505
407943,0.27220863
407944,0.21560448
407946,0.4695934
407947,0.18370625
407952,0.13707718
407955,0.38213837
407978,0.5456709
407986,0.25642198
408003,0.54260015
408006,0.32458007
408008,0.15180476
408015,0.41265464
408016,0.41175666
408028,0.50551766
408035,0.24732803
408042,0.25720462
408044,0.67727035
408052,0.046172462
408053,0.4106332
408056,0.29074782
408068,0.37967786
408071,0.28465876
408074,0.28776044
408085,0.6038483
408089,0.24676563
408091,0.36751437
408098,0.18257664
408106,0.30541936
408108,0.81763566
408116,0.8017649
408126,0.34644264
408130,0.6627455
408135,0.1765023
408148,0.30600354
408168,0.51766807
408170,0.46862853
408172,0.56011957
408176,0.3657423
408181,0.32556653
408191,0.086539716
408194,0.36475775
408213,0.44317842
408248,0.21390755
408249,0.088915884
408250,0.31150573
408256,0.67652345
408261,0.3842481
408262,0.4880439
408268,0.56696755
408269,0.25385067
408273,0.24816746
408280,0.48631167
408286,0.33584204
408347,0.41531718
408349,0.06679596
408350,0.21742767
408351,0.31507373
408352,0.19036362
408355,0.3047258
408356,0.26580483
408357,0.3867225
408384,0.42972723
408385,0.23831679
408386,0.6633337
408387,0.12436174
408388,0.1511251
408389,0.32406327
408390,0.44269902
408391,0.4844168
408392,0.55783606
408393,0.2957939
408398,0.2882002
408399,0.23720673
408400,0.1423797
408405,0.24381831
408406,0.17484204
408437,0.2759447
408459,0.085793614
408460,0.5217886
408463,0.5259898
408467,0.18842973
408468,0.5751199
408471,0.26128617
408477,0.624527
408478,0.2477506
408479,0.18504265
408481,0.18848479
408482,0.15011823
408483,0.21803863
408484,0.3256686
408485,0.39950645
408486,0.24280427
408489,0.5187659
408490,0.28886646
408504,0.0954801
408506,0.45189103
408508,0.4169285
408514,0.08554428
408515,0.35153288
408516,0.46625468
408517,0.53199756
408518,0.5636822
408523,0.41878614
408524,0.19577426
408525,0.1098937
408526,0.5896797
408531,0.2975031
408579,0.13272174
408580,0.35397092
408581,0.25731796
408599,0.63514334
408615,0.5940401
408616,0.21015552
408617,0.6081029
408619,0.112183236
408622,0.44484234
408624,0.34476596
408625,0.23413815
408626,0.22082785
408627,0.36530417
408651,0.19166432
408658,0.26386306
408659,0.78659976
408660,0.3546823
408661,0.10313701
408662,0.54707855
408688,0.2023116
408689,0.69383216
408690,0.24790783
408695,0.31655133
408696,0.5296947
408701,0.5029703
408702,0.31963518
408705,0.2562108
408728,0.5797514
408742,0.25376707
408759,0.42170233
408766,0.5968802
408768,0.63656294
408774,0.32464924
408775,0.6183422
408780,0.21928214
408790,0.46591213
408791,0.13060743
408792,0.2907673
408794,0.30395332
408797,0.5727593
408808,0.38604727
408830,0.3410295
408857,0.12830217
408863,0.5512299
408874,0.7334466
408880,0.34296554
408885,0.39806822
408890,0.29573697
408898,0.3798369
408902,0.3222947
408903,0.14936367
408905,0.25521326
408908,0.11701854
408911,0.113705195
408921,0.65749264
408932,0.24030714
408933,0.5111268
408935,0.8180422
408960,0.42355725
408968,0.1741579
408985,0.23639727
408986,0.3674167
408990,0.47996333
408993,0.43416798
409001,0.5316956
409003,0.1570428
409008,0.42345914
409010,0.39932343
409015,0.106266804
409017,0.57303464
409028,0.08639979
409034,0.15220645
409035,0.14349782
409041,0.34685484
409054,0.28870907
409057,0.18087737
409064,0.45296356
409065,0.86250985
409066,0.20560224
409068,0.4562328
409076,0.22554503
409080,0.2470786
409083,0.5567613
409084,0.45063025
409085,0.43709752
409088,0.105574146
409105,0.59207755
409121,0.09237859
409123,0.84450096
409133,0.42866468
409153,0.43209726
409156,0.19878046
409157,0.77983725
409158,0.12548707
409163,0.35956532
409167,0.58957744
409168,0.61291194
409169,0.15161702
409172,0.7680265
409173,0.10488826
409174,0.10782667
409175,0.2946948
409192,0.7978306
409193,0.5938085
409197,0.37854192
409204,0.17024644
409206,0.21735325
409208,0.49269828
409209,0.4041706
409212,0.6662066
409213,0.24785571
409214,0.67945313
409217,0.37528643
409218,0.5353216
409220,0.2151355
409221,0.4133981
409227,0.18648158
409228,0.21335113
409229,0.6074311
409230,0.62995905
409259,0.3216083
409261,0.32228187
409269,0.5544467
409277,0.06846757
409278,0.10804994
409285,0.55357736
409286,0.38446146
409287,0.65149003
409293,0.27033162
409297,0.117352866
409298,0.2922489
409299,0.23652841
409340,0.37752968
409377,0.490562
409383,0.14678912
409384,0.21388964
409409,0.22947437
409412,0.121407196
409413,0.44183177
409414,0.45894974
409415,0.27355906
409423,0.4562929
409428,0.3191785
409429,0.07710862
409430,0.61008334
409431,0.2080573
409432,0.7189022
409433,0.26379287
409434,0.6756524
409442,0.7624747
409443,0.7807411
409446,0.17741306
409463,0.3916395
409482,0.20873484
409507,0.5038252
409508,0.5196686
409509,0.15089239
409514,0.35707173
409535,0.3642873
409536,0.39766535
409537,0.21782324
409538,0.15040787
409541,0.5359078
409542,0.20318905
409543,0.28606573
409545,0.41444212
409550,0.09432479
409551,0.21106762
409552,0.5506963
409553,0.7504681
409558,0.55754435
409563,0.1988079
409574,0.19612637
409607,0.3792249
409608,0.7600991
409628,0.07770501
409632,0.60002434
409633,0.7253744
409636,0.36682308
409676,0.30304688
409691,0.44222417
409694,0.6354792
409707,0.34533295
409723,0.18059006
409741,0.1703796
409743,0.44923055
409747,0.36455628
409773,0.28447533
409777,0.57296896
409778,0.48628235
409804,0.64037496
409805,0.11864089
409812,0.22491594
409817,0.19126083
409836,0.32213318
409846,0.6448885
409850,0.7729187
409852,0.19418047
409861,0.8640919
409864,0.6389614
409871,0.39854565
409891,0.2234829
409896,0.18833418
409917,0.58498037
409918,0.2127536
409923,0.429305
409941,0.09461964
409949,0.56187475
409953,0.16215776
409958,0.15077136
409972,0.44369778
409979,0.55225253
409983,0.49279362
409984,0.5104189
409985,0.1083256
409986,0.4605533
409994,0.54469854
409999,0.20393404
410019,0.55582726
410024,0.21530932
410025,0.30324477
410039,0.35056067
410044,0.59285116
410045,0.3378436
410046,0.40267935
410047,0.13016431
410048,0.39958185
410065,0.33172065
410066,0.5273063
410073,0.124224484
410087,0.16830726
410089,0.63949835
410092,0.31109086
410093,0.72061616
410094,0.19151846
410095,0.24344869
410096,0.36215508
410101,0.6072294
410102,0.577955
410103,0.19659662
410107,0.22755778
410110,0.3560959
410111,0.3419471
410112,0.69864
410142,0.08584268
410143,0.24595763
410161,0.60543525
410162,0.3167671
410165,0.1852873
410166,0.6840233
410167,0.66343915
410184,0.65376616
410185,0.26681888
410186,0.12201762
410187,0.43694007
410223,0.26220188
410256,0.7574778
410257,0.6710095
410258,0.18549903
410259,0.08673233
410269,0.65374553
410270,0.25841346
410273,0.42642844
410274,0.23842405
410275,0.11668695
410276,0.7687655
410277,0.4984854
410295,0.16310067
410296,0.20026353
410297,0.51850027
410298,0.36123702
410300,0.3181809
410301,0.20346177
410302,0.56675804
410303,0.3297424
410304,0.17179933
410305,0.16045322
410306,0.59362376
410307,0.3744306
410308,0.50537956
410309,0.55623794
410316,0.13682629
410317,0.44207326
410358,0.5839202
410359,0.10700431
410360,0.25095224
410368,0.6992499
410369,0.59547436
410370,0.22590159
410372,0.24803872
410373,0.17583658
410378,0.6674565
410379,0.26496848
410380,0.7867581
410387,0.71495163
410388,0.8336923
410389,0.19916822
410390,0.28666314
410405,0.14038748
410411,0.078286335
410416,0.27398017
410418,0.5636729
410424,0.74167854
410429,0.37307793
410438,0.3065957
410442,0.29168782
410448,0.1619256
410456,0.50523716
410464,0.35848275
410467,0.52013165
410473,0.45282772
410476,0.16018952
410479,0.44686705
410499,0.58010584
410526,0.4784783
410528,0.4328294
410546,0.60882646
410564,0.24836543
410567,0.38109753
410571,0.52743506
410572,0.7749756
410573,0.29953882
410577,0.35941523
410581,0.23550752
410587,0.4958512
410588,0.21544571
410595,0.27495745
410602,0.07035905
410606,0.2716867
410616,0.22457026
410624,0.62700707
410626,0.5144675
410637,0.25816447
410660,0.29831275
410661,0.20557748
410663,0.26975098
410664,0.6019527
410669,0.41504824
410675,0.18880424
410679,0.7275026
410684,0.12828092
410689,0.22508253
410693,0.054768592
410697,0.24936208
410698,0.24159405
410699,0.083355874
410706,0.32517016
410710,0.33864653
410712,0.14527735
410716,0.3461685
410725,0.48677018
410735,0.4678781
410742,0.32964906
410745,0.19999066
410746,0.08485293
410751,0.2744873
410753,0.15667602
410759,0.46171632
410761,0.77608854
410770,0.15922019
410778,0.6370708
410784,0.29925382
410786,0.22625506
410789,0.16008171
410800,0.47082585
410811,0.16202715
410813,0.23867872
410821,0.721823
410822,0.13829634
410879,0.3442666
410880,0.2573007
410900,0.31645033
410901,0.70552516
410908,0.2944655
410909,0.06839251
410910,0.27826503
410911,0.7692
410912,0.36763382
410913,0.40294704
410914,0.727585
410915,0.19526735
410916,0.1033669
410917,0.33767503
410918,0.25101277
410919,0.18656711
410922,0.5594898
410923,0.2583272
410940,0.17739956
410955,0.5233823
410956,0.8490609
410959,0.64290744
410960,0.5674744
410961,0.7306157
410962,0.3268857
410963,0.5944386
410964,0.2892473
410968,0.33752483
410970,0.13668296
410971,0.5056394
410972,0.46617416
410975,0.39977327
410994,0.46457934
410999,0.6144792
411011,0.6740681
411012,0.41308016
411014,0.49464044
411021,0.14219259
411022,0.7344111
411023,0.55384994
411024,0.5369875
411025,0.24031039
411026,0.77449006
411027,0.5745571
411028,0.08282305
411030,0.5890401
411031,0.4556131
411032,0.3346645
411073,0.3769922
411074,0.22457106
411076,0.40788615
411080,0.25773868
411081,0.26991668
411082,0.1394465
411093,0.4089791
411094,0.33343628
411095,0.4420711
411099,0.120767675
411102,0.3998778
411103,0.7558866
411112,0.14502569
411114,0.5025167
411115,0.33767313
411116,0.5171654
411168,0.4091763
411169,0.8104102
411170,0.60404325
411189,0.21089938
411190,0.2243098
411195,0.36982673
411196,0.6724057
411197,0.36905342
411205,0.07253085
411206,0.5212991
411215,0.47329423
411216,0.21662636
411217,0.3116364
411218,0.33869
411222,0.09261552
411238,0.15275893
411239,0.18421832
411240,0.39839378
411248,0.13066623
411274,0.3753101
411275,0.48963392
411293,0.18360324
411299,0.39504224
411300,0.055839326
411301,0.3973039
411302,0.49126747
411305,0.7631596
411309,0.39722008
411334,0.3278304
411343,0.32927814
411349,0.1346846
411360,0.3837639
411363,0.17926794
411364,0.120505065
411384,0.48121935
411402,0.55285877
411424,0.33846578
411425,0.63877153
411430,0.5904127
411432,0.5226356
411434,0.67656326
411447,0.31525436
411450,0.06750632
411452,0.4104197
411463,0.3759364
411467,0.40280902
411474,0.08561955
411478,0.18272753
411480,0.46453947
411481,0.6531302
411502,0.40615922
411509,0.36545658
411511,0.80695206
411515,0.41525492
411516,0.48269662
411532,0.17427401
411565,0.15037613
411570,0.28580025
411600,0.3516881
411608,0.2934243
411613,0.124403074
411614,0.17373355
411620,0.37552342
411634,0.072508566
411639,0.21229695
411645,0.63069755
411648,0.11304266
411660,0.25208265
411668,0.14250483
411672,0.6536017
411673,0.06992463
411674,0.6069358
411675,0.11229867
411676,0.13536085
411677,0.6035257
411715,0.2819015
411718,0.26577675
411719,0.50726146
411720,0.5525707
411730,0.24847284
411731,0.319436
411740,0.46887216
411746,0.30526444
411748,0.12629877
411749,0.17019932
411752,0.23522772
411753,0.17048699
411754,0.18607603
411755,0.12910086
411767,0.12405076
411768,0.5879093
411819,0.57834303
411826,0.5800707
411827,0.33991367
411841,0.1437068
411842,0.89630556
411843,0.57344484
411844,0.39207092
411845,0.40948108
411846,0.5578917
411850,0.52317166
411852,0.6514938
411853,0.46286032
411854,0.27115002
411855,0.23488782
411856,0.5706188
411860,0.32964814
411883,0.21662341
411938,0.23730709
411939,0.4112925
411940,0.3816953
411957,0.7338307
411958,0.4700851
411959,0.41011474
411963,0.20962109
411969,0.20218082
411970,0.22436109
411971,0.161476
411972,0.43984327
411973,0.24156179
411974,0.23797059
411975,0.121976405
411977,0.40476698
411978,0.81674975
411979,0.674654
412004,0.25482652
412008,0.13549115
412009,0.33360004
412010,0.22236633
412030,0.4320951
412031,0.34744594
412032,0.17953978
412036,0.18156825
412038,0.21460818
412047,0.18327884
412049,0.8328114
412082,0.18520495
412092,0.6067873
412098,0.5209463
412101,0.6433119
412108,0.8501502
412111,0.5657384
412119,0.4629286
412128,0.18885763
412139,0.4717496
412152,0.5724801
412154,0.10638639
412178,0.6489976
412180,0.4515758
412193,0.2716771
412199,0.44038436
412204,0.3922549
412206,0.27118552
412207,0.32342178
412211,0.5577594
412220,0.07802083
412221,0.2717161
412229,0.59668976
412234,0.20445868
412235,0.158492
412236,0.62401223
412251,0.54511833
412262,0.5662442
412270,0.70417154
412280,0.28701535
412289,0.5925429
412305,0.20186497
412310,0.3387998
412345,0.29946932
412348,0.4986951
412361,0.38804305
412367,0.6673861
412368,0.13957377
412370,0.6883254
412372,0.6160914
412377,0.62278306
412380,0.23255096
412382,0.09777453
412391,0.16243927
412393,0.2267333
412411,0.6442372
412412,0.33226877
412415,0.63526034
412416,0.77019924
412422,0.6866459
412428,0.53999877
412430,0.19750835
412436,0.5073866
412447,0.28039464
412451,0.10419839
412456,0.14563148
412470,0.660785
412472,0.15757304
412478,0.075872585
412487,0.49378237
412490,0.7434208
412494,0.67577416
412516,0.29173815
412519,0.4393041
412525,0.6847728
412527,0.67114925
412528,0.40168208
412551,0.74915344
412552,0.2657113
412557,0.25402737
412558,0.24660656
412559,0.51058596
412561,0.11233784
412563,0.10279323
412564,0.14479037
412565,0.58740133
412593,0.43854278
412598,0.8592767
412602,0.41899192
412610,0.41113833
412611,0.5748188
412612,0.16435295
412613,0.4489632
412621,0.34561884
412622,0.09208745
412623,0.5475971
412624,0.7632729
412637,0.38104957
412638,0.61324745
412639,0.6860776
412640,0.029780671
412641,0.29156634
412642,0.2073189
412643,0.5162887
412644,0.3631627
412651,0.3817081
412667,0.23981534
412669,0.69269276
412686,0.66527116
412712,0.036355417
412713,0.5960309
412714,0.27854323
412715,0.08133135
412720,0.47813722
412728,0.2919042
412738,0.30590492
412739,0.2854975
412740,0.5289965
412741,0.42590043
412753,0.14514004
412754,0.3984531
412762,0.20335801
412764,0.42091352
412765,0.4842343
412775,0.36343566
412776,0.36051136
412777,0.20839605
412778,0.7937026
412800,0.04503155
412801,0.259666
412802,0.57788914
412829,0.42966485
412854,0.5337553
412855,0.3042358
412861,0.29561558
412862,0.3691122
412863,0.24595027
412883,0.37351295
412884,0.21423413
412886,0.79535925
412898,0.5304272
412899,0.13596556
412900,0.22086105
412922,0.668423
412941,0.48375344
412959,0.34364247
412967,0.44906896
412980,0.50607604
412997,0.16009365
413016,0.2819071
413017,0.6614456
413027,0.23275858
413034,0.7069182
413038,0.635885
413054,0.44430965
413059,0.28719482
413065,0.3562923
413073,0.42621455
413075,0.74248475
413081,0.4708825
413089,0.69026935
413091,0.6458371
413094,0.36380076
413104,0.36897653
413107,0.708905
413110,0.49540594
413113,0.78544277
413117,0.5051015
413124,0.122082755
413126,0.46155435
413137,0.22078282
413145,0.38415846
413146,0.13430907
413147,0.43441153
413150,0.17794108
413159,0.7316563
413160,0.43665403
413172,0.61834127
413179,0.31194946
413181,0.17405504
413185,0.59013766
413188,0.67927456
413197,0.15673618
413208,0.67392945
413215,0.4308406
413216,0.40129122
413219,0.15168753
413232,0.23340632
413237,0.51082194
413243,0.8191001
413249,0.3357159
413262,0.39214697
413263,0.49047962
413271,0.55484176
413274,0.43526685
413280,0.34059483
413296,0.5730699
413299,0.735112
413303,0.22441271
413320,0.43855807
413324,0.27588594
413325,0.6071105
413335,0.26893994
413341,0.5600862
413342,0.3302495
413351,0.5325365
413352,0.18819551
413359,0.23481683
413373,0.5604751
413374,0.5908892
413375,0.1833573
413376,0.4022949
413377,0.57347685
413383,0.31387925
413384,0.5722893
413392,0.40081725
413393,0.7300001
413395,0.5467642
413424,0.5200632
413425,0.23517382
413457,0.15477718
413458,0.48172086
413459,0.7149251
413460,0.12804376
413465,0.24234882
413466,0.56249964
413467,0.25231993
413468,0.28110227
413475,0.53227997
413476,0.49555218
413477,0.827617
413478,0.16051804
413479,0.08592968
413489,0.68594325
413491,0.30230874
413492,0.63738143
413493,0.58270174
413494,0.5363681
413495,0.68012464
413498,0.32369453
413499,0.39231655
413545,0.51526767
413549,0.21323495
413550,0.4931087
413551,0.3841
413552,0.71139914
413553,0.5624145
413554,0.163815
413558,0.445161
413559,0.7632855
413562,0.4003932
413563,0.47304434
413564,0.10728932
413592,0.23712109
450690,0.4152338
413593,0.09504251
413594,0.3049835
413595,0.10347241
413596,0.6891234
413597,0.39735216
413604,0.11608435
413605,0.60313165
413606,0.13761806
413607,0.21046373
413616,0.7736044
413617,0.4308835
413618,0.46559033
413625,0.4462332
413626,0.7163191
413627,0.58703005
413628,0.36396775
413629,0.2315188
413630,0.45974398
413631,0.10378031
413632,0.4878223
413633,0.64299804
413634,0.55978817
413635,0.6546199
413636,0.5031532
413644,0.1997613
413645,0.104917005
413646,0.18805692
413683,0.1794469
413685,0.27678746
413686,0.7060499
413690,0.18237558
413691,0.08284122
413692,0.26961577
413693,0.5799359
413694,0.7156038
413695,0.09332721
413696,0.4597226
413702,0.3717879
413707,0.27851352
413708,0.7333428
413709,0.4628083
413730,0.24037229
413731,0.5986548
450693,0.07316052
413732,0.1815217
413733,0.13362443
413734,0.5492357
413736,0.33934236
413748,0.2155052
413749,0.6558509
413751,0.64276755
413752,0.8398413
413754,0.3004642
413755,0.7264144
413756,0.5760358
413757,0.41721603
413758,0.45340872
413759,0.58910507
413760,0.33970186
413764,0.10764071
413765,0.3127751
413766,0.48057127
413767,0.6676316
413768,0.5376294
413769,0.43771023
413770,0.20504002
413776,0.19020657
413777,0.17622305
413778,0.40810838
413797,0.36628208
413824,0.330556
413828,0.6334212
413831,0.48431885
413834,0.20808667
413841,0.18668722
413848,0.30043465
413850,0.42466173
413851,0.76681554
413857,0.054245498
413860,0.09407557
413867,0.3885113
413868,0.47229517
413871,0.48224404
413878,0.2255202
413882,0.19636856
413885,0.123212025
413886,0.5930852
413892,0.47107935
413896,0.8493891
413897,0.4469603
413917,0.6348469
413921,0.2223046
413934,0.7803522
413941,0.13521113
413953,0.047918517
413958,0.7216527
413967,0.56449753
413971,0.2566765
413975,0.3005896
413978,0.29847908
413983,0.6065781
413984,0.09326819
413989,0.32393005
413992,0.13948484
414001,0.58230585
414002,0.18491185
414003,0.42954016
414007,0.68776625
414008,0.4673638
414016,0.7690995
414022,0.15482143
414026,0.6263398
414041,0.41774678
414042,0.82054925
414045,0.47995636
414047,0.6489478
414050,0.8583155
414061,0.1762664
414068,0.47514752
414076,0.4999932
414093,0.24304752
414102,0.22383732
414109,0.3990249
414117,0.30362073
414144,0.25871575
414149,0.09492694
414160,0.22207877
414166,0.8974795
414171,0.59560406
414172,0.35531643
414183,0.36172405
414186,0.16889246
414192,0.19057222
414194,0.645934
414203,0.871374
414206,0.10806757
414207,0.19010994
414229,0.29728743
414231,0.5979574
414248,0.14961061
414251,0.40094498
414252,0.25122944
414253,0.8211514
414254,0.6781506
414255,0.7228415
414262,0.28899485
414265,0.7610803
414266,0.43002033
414267,0.3490536
414269,0.26383284
414270,0.23257215
414271,0.34638283
414272,0.31263047
414273,0.30231282
414275,0.122959934
414323,0.8966918
414324,0.25745586
414328,0.2712492
414329,0.4254184
414333,0.3658738
414341,0.17842801
414357,0.44499594
414358,0.13372846
414359,0.2669501
414362,0.60927844
414363,0.29882777
414368,0.1464236
414372,0.38603875
414375,0.17856807
414376,0.12744193
414382,0.44271117
414383,0.66753256
414480,0.30221483
414481,0.57698154
414484,0.7677536
414485,0.22647972
414486,0.31677392
414487,0.34064022
414488,0.57328427
414489,0.40763825
414492,0.084615126
414493,0.57396305
414497,0.27781627
414501,0.35266107
414543,0.68815
414544,0.33392838
414559,0.27298298
414560,0.4477664
414561,0.06996461
414573,0.5831135
414574,0.2897652
414575,0.6692016
414577,0.156912
414584,0.81678337
414585,0.19673075
414586,0.5426452
414590,0.09013056
414591,0.40645215
414593,0.785645
414597,0.2578299
414598,0.8162911
414621,0.60035396
414635,0.4349415
414639,0.2553177
414640,0.22585094
414648,0.31667793
414656,0.16522247
414659,0.4145245
414660,0.22578678
414663,0.38426873
414683,0.28332806
414691,0.5220505
414700,0.6186768
414705,0.11141921
414708,0.32389235
414711,0.22746246
414712,0.30383506
414716,0.39024544
414720,0.17822649
414733,0.030365232
414740,0.34762186
414748,0.37655142
414767,0.7951903
414771,0.49445143
414779,0.48123327
414785,0.5735343
414787,0.35774615
414793,0.2828544
414816,0.4439818
414830,0.7357425
414831,0.77700216
414859,0.32979906
414864,0.284377
414867,0.30750066
414871,0.14606003
414879,0.29823443
414892,0.5847134
414895,0.302101
414911,0.6912581
414915,0.3653382
414922,0.402642
414939,0.17176029
414945,0.24006614
414960,0.26348644
414969,0.16526534
414973,0.18609755
414979,0.31229025
414985,0.36258918
414992,0.08981269
414996,0.27176327
415000,0.12705164
415001,0.4625646
415005,0.18680035
415024,0.35195002
415038,0.33641595
415041,0.63642335
415049,0.47776285
415055,0.4822652
415061,0.2422788
415064,0.4974431
415069,0.36160502
415070,0.35783914
415071,0.06595298
415072,0.41732115
415074,0.20637201
415078,0.7017448
415079,0.31042206
415080,0.6507449
415081,0.7287083
415082,0.72322863
415085,0.33448365
415086,0.25238916
415089,0.46268559
415090,0.38360858
415091,0.34803995
415092,0.52391714
415095,0.25619948
415100,0.65847564
415101,0.07542158
415102,0.6519138
415103,0.28376198
415104,0.33806393
415106,0.22616051
415107,0.34885126
415108,0.75575143
415109,0.8158538
415110,0.45691568
415111,0.11144112
415113,0.29667726
415114,0.23030654
415115,0.55009997
415116,0.30613786
415117,0.1615905
415118,0.46053222
415119,0.88869107
415120,0.16927756
415121,0.49173865
415122,0.6948925
415123,0.2493626
415124,0.8515787
415126,0.5989787
415152,0.076123275
415205,0.47838232
415209,0.30942696
415326,0.46319813
415409,0.4343848
415414,0.16477421
415430,0.51491886
415466,0.58062565
415467,0.6651294
415473,0.39683342
415474,0.093098566
415479,0.16216844
415480,0.29311842
415486,0.14187004
415488,0.4772691
415489,0.37622118
415490,0.29237404
415493,0.26858833
415494,0.36456716
415497,0.23288283
415498,0.41354883
415499,0.2332493
415505,0.18760048
415506,0.4479917
415509,0.26435837
415511,0.3734452
415514,0.35881582
415517,0.2954118
415519,0.60992265
415521,0.75542355
415522,0.03223989
415523,0.4013022
415525,0.38865614
415527,0.4248301
415529,0.37453544
415531,0.33088303
415533,0.3396113
415534,0.16848345
415536,0.15757395
415537,0.601409
415539,0.25948796
415540,0.31368485
415541,0.78463244
415542,0.33419237
415543,0.38315767
415544,0.2833446
415545,0.6184345
415546,0.6972009
415547,0.20872056
415548,0.17151152
415549,0.4005809
415550,0.4092096
415652,0.18411727
415654,0.12581547
415686,0.5551118
415687,0.50221854
415695,0.38260326
415698,0.48455766
415701,0.6284987
415705,0.6216504
415707,0.16974856
415709,0.28203708
415712,0.1873034
415718,0.30468008
415724,0.23149432
415729,0.40248483
415730,0.76671803
415731,0.4068101
415733,0.24202187
415736,0.2460018
415737,0.04729647
415738,0.7113466
415741,0.15125231
415742,0.6756773
415743,0.5293133
415744,0.4287758
415745,0.12412027
415746,0.16653082
415747,0.60283947
415749,0.3022694
415750,0.2748318
415751,0.7864513
415752,0.21422493
415753,0.6416527
415754,0.2761141
415755,0.40163738
415756,0.73180825
415757,0.59117067
415850,0.66838664
415874,0.23086238
415930,0.45785236
415962,0.74045026
415994,0.7071105
415995,0.45539337
416088,0.6010672
416129,0.75171393
416228,0.23299317
416229,0.31901124
416239,0.6757663
416243,0.58816814
416245,0.5311356
416253,0.5071169
416263,0.4256628
416264,0.5259065
416265,0.30789244
416269,0.8581094
416272,0.20196241
416273,0.30320397
416274,0.5718418
416275,0.26024732
416276,0.37398624
416277,0.49116012
416278,0.4614281
416280,0.29584977
416283,0.2545549
416287,0.46937257
416288,0.32029372
416291,0.37130386
416292,0.25048193
416294,0.5827434
416295,0.78729385
416296,0.31628585
416300,0.3453535
416301,0.30210516
416302,0.53683084
416303,0.49363452
416305,0.41034135
416306,0.50803035
416307,0.58175427
416309,0.20068817
416310,0.8841554
416311,0.33152938
416312,0.26664576
416313,0.7801848
416314,0.15557966
416315,0.5134838
416316,0.48418435
416426,0.16287339
416435,0.20036176
416444,0.27118522
416477,0.68021846
416484,0.35633495
416488,0.42861047
416502,0.42970666
416542,0.5468275
416582,0.20957583
416647,0.24734113
416658,0.24708648
416659,0.1156863
416675,0.15434763
416676,0.7606695
416696,0.89635986
416721,0.1778818
416729,0.13596632
416743,0.3909298
416744,0.3581245
416761,0.37261528
416793,0.7536016
416826,0.104672894
416848,0.4913018
416850,0.2676212
416860,0.70406526
416861,0.6576406
416862,0.3308321
416865,0.47312108
416870,0.5230656
416871,0.6809379
416872,0.22084467
416874,0.6777182
416877,0.32577282
416879,0.22690114
416881,0.19608329
416882,0.38588715
416883,0.18848379
416884,0.31051478
416885,0.30579275
416886,0.4919117
416887,0.334605
416888,0.30501956
416890,0.35414115
416893,0.5344501
416894,0.27834353
416895,0.46634996
416896,0.29653373
416897,0.24192321
416899,0.59085006
416900,0.15675521
416901,0.20417638
416902,0.056184337
416903,0.15554163
417043,0.21250385
417159,0.2215251
417182,0.43935704
417183,0.26303056
417187,0.28192663
417209,0.31426063
417226,0.7305504
417228,0.8435352
417232,0.064876676
417234,0.33755022
417241,0.3957343
417245,0.35412
417246,0.55684364
417247,0.5509909
417250,0.54966503
417251,0.36888194
417253,0.046951603
417254,0.3417385
417255,0.51862574
417256,0.45096144
417257,0.3817067
417258,0.5298486
417259,0.11297986
417260,0.7993442
417261,0.23277898
417263,0.539601
417264,0.22352211
417265,0.42299473
417266,0.42334786
417267,0.31932783
417268,0.36963868
417338,0.21265978
417342,0.58187145
417349,0.24654217
417382,0.5690486
417388,0.45848066
417389,0.53101987
417393,0.39163116
417395,0.46043283
417397,0.16981503
417398,0.06726168
417401,0.3631249
417403,0.56388897
417406,0.43458435
417407,0.7402175
417408,0.7802456
417409,0.18869077
417411,0.20834409
417412,0.3534039
417414,0.45175457
417416,0.50926733
417417,0.26843354
417420,0.5111525
417421,0.56246984
417422,0.77418596
417423,0.24327543
417426,0.14444378
417427,0.41862312
417428,0.49782705
417429,0.24352448
417430,0.5099563
417431,0.15814883
417432,0.12523262
417433,0.32280278
417435,0.4768667
417436,0.20245731
417438,0.30478033
417439,0.3075689
417440,0.4173219
417441,0.4231632
417442,0.6706943
417443,0.6872006
417444,0.60923356
417445,0.68077934
417446,0.34300056
417447,0.73326045
417448,0.5739885
417449,0.35949197
417450,0.40695092
417451,0.61760247
417452,0.33093086
417453,0.55280346
417454,0.5140665
417455,0.716675
417456,0.12814653
417457,0.22989124
417513,0.06401855
417544,0.88412946
417555,0.5441452
417567,0.35411066
417612,0.38255435
417625,0.29600805
417626,0.12612939
417627,0.65241027
417648,0.35368702
417735,0.45136988
417736,0.74311984
417749,0.48572698
417778,0.13737856
417863,0.22544077
417893,0.16561443
417895,0.22374973
417903,0.23492518
417910,0.19524564
417915,0.6505276
417925,0.20215634
417927,0.20407297
417940,0.7906293
417949,0.21784197
417950,0.22983675
417952,0.3243402
417956,0.3530077
417969,0.3730771
417970,0.070947185
417974,0.5375152
417975,0.14027348
417976,0.15229549
417980,0.20174657
417982,0.5200659
417983,0.15958604
417987,0.30472305
417988,0.43534523
417989,0.20590414
417990,0.892671
417993,0.5681327
417994,0.3166765
417995,0.07140899
417996,0.47576335
417997,0.1897207
417998,0.67802566
417999,0.41458535
418000,0.5725385
418001,0.69989485
418002,0.33784708
418003,0.607132
418004,0.4810812
418005,0.48646352
418006,0.23105055
418009,0.6244044
418011,0.6783273
450699,0.13971251
418012,0.33080134
418013,0.32235348
418014,0.8398059
418015,0.554899
418029,0.46937606
418030,0.42758897
418132,0.26216254
418217,0.40797266
418222,0.13135108
418237,0.37397033
418272,0.59058434
418343,0.7040445
418344,0.5031595
418345,0.72833496
418386,0.32058394
418387,0.35241833
418402,0.11277547
418436,0.16581722
418456,0.66732806
418458,0.4735643
418460,0.45940104
418487,0.35830855
418514,0.27738973
418519,0.09920264
418532,0.15392543
418539,0.295522
418549,0.3155578
418555,0.31746206
418556,0.7648929
418558,0.5438608
418559,0.24976297
418562,0.15603088
418568,0.7987907
418576,0.31566197
418578,0.68829775
418580,0.37289667
418581,0.65790856
418582,0.0829449
418584,0.29234934
418585,0.27116945
418587,0.40417132
418591,0.22047271
418592,0.26194376
418593,0.23642962
418595,0.12612177
418596,0.5836522
418597,0.2142098
418598,0.36104453
418599,0.21484493
418600,0.30563128
418601,0.523537
418602,0.7471216
418603,0.7858949
418604,0.24170801
418606,0.62448514
418607,0.1001987
418608,0.5307955
418609,0.3674293
418610,0.39626268
418611,0.52235717
418612,0.39650136
418613,0.34859198
418614,0.4938904
418615,0.20609066
418616,0.3154105
418618,0.7171641
418651,0.2576938
418652,0.29802382
418653,0.48003864
418658,0.5887992
418692,0.66012484
418749,0.70467865
418820,0.49241486
418843,0.45460773
418863,0.35640612
418915,0.1535539
418938,0.48820764
418957,0.29827875
419024,0.5511457
419061,0.27341956
419063,0.23871061
419076,0.45323688
419093,0.16464072
419131,0.5889591
419132,0.0681448
419138,0.30427533
419139,0.4487864
419141,0.31001166
419142,0.25159082
419143,0.16640837
419145,0.2503847
419149,0.13077122
419151,0.1737935
419152,0.12516212
419153,0.4287512
419154,0.4595736
419155,0.5138859
419156,0.3553813
419157,0.15860684
419158,0.8481624
419159,0.747687
419162,0.15006326
419163,0.34763223
419165,0.7533784
419168,0.7091328
419169,0.17313384
419170,0.55205184
419171,0.73743844
419172,0.6061986
419173,0.18845354
419174,0.24173743
419175,0.14315388
419176,0.68083274
419177,0.5888186
419178,0.59309244
419270,0.726553
419305,0.6700605
419330,0.3206248
419485,0.30147448
419491,0.47451654
419499,0.4379864
419513,0.4084875
419514,0.36262432
419535,0.283429
419538,0.2764784
419582,0.8019121
419601,0.11721232
419611,0.3765165
419644,0.82974374
419648,0.3637013
419649,0.36246935
419656,0.39507714
419671,0.12441774
419677,0.48862883
419685,0.6559396
419688,0.61181736
419689,0.46712863
419690,0.14794292
419691,0.3093939
419698,0.7058645
419699,0.08664984
419701,0.73003423
419703,0.79843247
419704,0.33741173
419705,0.77662444
419746,0.7952691
419750,0.0535871
419767,0.24940668
419775,0.55576754
419783,0.5983627
419787,0.65398103
419788,0.45125788
419790,0.29939887
419791,0.22043853
419792,0.315564
419794,0.5154126
419795,0.73921084
419797,0.4156241
419798,0.3066276
419799,0.37688762
419804,0.73041123
419805,0.5430371
419806,0.28298452
419808,0.20903529
419810,0.48004764
419811,0.31148684
419812,0.81886595
419815,0.7157101
419816,0.24535096
419817,0.28192297
419818,0.59742254
419820,0.29235718
419821,0.4393353
419824,0.5625964
419825,0.49542913
419826,0.41922465
419827,0.054406516
419828,0.14814441
419829,0.29557768
419830,0.844698
419831,0.48997864
419832,0.46198454
419833,0.51866025
419834,0.28484175
419835,0.23025683
419836,0.43964282
419837,0.5772237
419838,0.24918756
419839,0.46124324
419840,0.359142
419841,0.55748606
419842,0.79434437
419843,0.60603493
419913,0.7439874
419916,0.48731557
419955,0.116183855
419956,0.34674606
419992,0.089575544
420150,0.43063968
420160,0.553737
420190,0.21868314
420195,0.18751866
420204,0.53756356
420207,0.47576714
420210,0.3181404
420214,0.42444327
420218,0.14338617
420219,0.29099718
420220,0.43141332
420242,0.16247594
420249,0.11498061
420254,0.15999034
420255,0.12095145
420258,0.6331984
420260,0.041929442
420263,0.72510046
420265,0.16111104
420271,0.3889469
420273,0.20055246
420274,0.41824993
420275,0.22691834
420277,0.16303176
420278,0.40841448
420279,0.3314515
420280,0.37973908
420281,0.26326203
420283,0.751095
420284,0.28116181
420285,0.17319559
420286,0.42726442
420287,0.54249734
420288,0.060645025
420290,0.20602132
420291,0.3712248
420293,0.34964374
420294,0.18371119
420295,0.45993635
420296,0.21547197
420297,0.6924068
420298,0.20480436
420299,0.58199006
420300,0.2961036
420344,0.16935183
420345,0.7849895
420347,0.15114099
420348,0.60207653
420349,0.5294605
420350,0.19790609
420351,0.18976177
420352,0.206748
420353,0.26165158
420354,0.7033936
420355,0.35642704
420356,0.5642455
420357,0.14116414
420358,0.54430866
420359,0.32657847
420360,0.18909106
420361,0.08302573
420362,0.22098425
420363,0.64222
420364,0.7267029
420365,0.3083253
420366,0.55498755
420383,0.17678803
420436,0.7476251
420446,0.26468688
420554,0.47209385
420565,0.59592664
420569,0.3653102
420573,0.22531769
420574,0.5506486
420587,0.5068994
420589,0.6180431
420593,0.33126843
420594,0.3180261
420595,0.41301963
420598,0.1696375
420601,0.41020578
420602,0.6420676
420603,0.20164822
420607,0.20462838
420611,0.118411995
420613,0.44981214
420614,0.47021413
420615,0.530986
420616,0.2738385
420617,0.5701256
420618,0.18475953
420619,0.3135793
420620,0.22115976
420621,0.5713999
420622,0.41643652
420623,0.6538861
420624,0.17621641
420625,0.28601253
420626,0.6136009
420627,0.68212926
420628,0.31832448
420629,0.17981902
420631,0.20973982
420633,0.2918589
420634,0.13508251
420635,0.34268716
420636,0.22102533
420637,0.46227497
420662,0.2359172
420727,0.28697848
420728,0.55660254
420733,0.82623196
420787,0.28532308
420789,0.20972817
420792,0.50369155
420797,0.55986077
420814,0.2588992
420833,0.8532404
420839,0.29759613
420841,0.44009164
420843,0.3330888
420844,0.53596944
420847,0.76977056
420849,0.28663653
420851,0.47105977
420853,0.38492864
420854,0.52012515
420855,0.33024544
420856,0.2826496
420857,0.50140953
420858,0.08024093
420859,0.16477537
420860,0.88495696
420861,0.83570576
420862,0.4226768
420863,0.47527412
420864,0.5021693
420866,0.79553926
420867,0.30319867
420868,0.23753843
420869,0.54351234
420870,0.13355643
420871,0.46243736
420872,0.55312324
420873,0.1261386
420874,0.6142944
420875,0.5737576
420876,0.3025737
420878,0.26531747
420879,0.275453
420880,0.20407157
420881,0.36580372
420882,0.20086478
420883,0.72487754
420884,0.67344725
420885,0.15753028
420886,0.39230078
420887,0.5102733
420888,0.37800193
450706,0.76276666
420905,0.28298765
421015,0.1964852
421200,0.8302826
421269,0.32928336
421272,0.26005566
421290,0.8201295
421323,0.84821576
421342,0.1563441
421349,0.6215213
421355,0.27161816
421356,0.21734379
421363,0.46815515
421365,0.7626433
421381,0.45054126
421383,0.24853632
421386,0.81393576
421394,0.061148673
421395,0.61891955
421399,0.44189385
421431,0.8124018
421467,0.6105396
421554,0.5269787
421557,0.37181997
421558,0.4861491
421562,0.20415303
421614,0.8283093
450708,0.6872041
421690,0.07365849
421758,0.8610327
421776,0.6293588
421827,0.5523099
421828,0.49203232
421829,0.24952336
421848,0.18605104
421862,0.2300051
421863,0.1443745
421868,0.11200365
421884,0.28213245
421921,0.6300562
421924,0.58679026
421958,0.66844875
421961,0.20068033
421964,0.1384031
421968,0.31520814
421974,0.58670205
421975,0.07410333
421977,0.5541488
421978,0.8880765
421979,0.19742143
421980,0.27574992
421982,0.42870843
421985,0.44754806
421986,0.5275743
421987,0.2162572
421988,0.28337204
421989,0.5184939
421990,0.48185933
421991,0.08270387
421993,0.22937724
421994,0.2920311
421996,0.8664319
421997,0.102439076
421998,0.53646034
421999,0.56100106
422000,0.6404696
422001,0.18935919
422002,0.64475125
422004,0.65014726
422005,0.7672357
422007,0.5594639
422008,0.37749827
422010,0.23212495
422011,0.16089487
422012,0.32288966
422014,0.52414656
422015,0.766996
422016,0.28075582
422017,0.20393491
422018,0.093701564
422019,0.63937205
422039,0.113267384
422041,0.19612867
422042,0.26371518
422043,0.34202838
422044,0.23945203
422045,0.28398606
422047,0.5977524
422048,0.3046724
422049,0.25737014
422050,0.44517648
422051,0.53374374
422053,0.4969074
422054,0.3061319
422055,0.26206365
422056,0.22902039
422057,0.5562284
422058,0.58470327
422059,0.29405388
422060,0.1807142
422063,0.53833723
450710,0.44080412
422064,0.19082236
422065,0.4439787
422066,0.45640346
422067,0.17521036
422068,0.2209768
422069,0.21384953
422070,0.35936722
422071,0.22758164
422072,0.26919186
422074,0.35459206
422152,0.041569375
422210,0.30014223
450716,0.6854413
422227,0.75076926
422308,0.4226763
422339,0.3445866
422368,0.38328585
422391,0.22820453
422407,0.14628226
422485,0.09961962
422491,0.46138528
422506,0.6495969
422508,0.62803817
422512,0.355874
422513,0.22225972
422514,0.28008872
422518,0.26936737
422519,0.20029157
422523,0.12184107
422524,0.49104914
422525,0.4344958
422526,0.24293861
422527,0.46293753
422531,0.8158345
422533,0.09044128
422534,0.37362596
422536,0.29922038
422537,0.36130628
422538,0.65009886
422540,0.6008247
422541,0.88387644
422543,0.49846554
422544,0.6136364
422545,0.33973718
422546,0.40152934
422547,0.67651534
422548,0.56741375
422549,0.5941016
422550,0.34068093
422551,0.5148869
422552,0.26530653
422553,0.30107254
422554,0.6100223
422555,0.6802557
422556,0.14003225
422639,0.07633056
422667,0.5451955
422734,0.34621054
422748,0.5758763
422749,0.4626262
422796,0.23895925
422810,0.14101693
422839,0.21624698
422850,0.7228383
422891,0.42878902
422940,0.7193203
422962,0.12656681
422964,0.32993206
423009,0.46184352
423022,0.115888774
423041,0.5531175
423046,0.50196624
423052,0.37479183
423055,0.17552292
423061,0.7787288
423075,0.15698837
423076,0.29831928
423077,0.5874269
423081,0.8322858
423083,0.61053586
423087,0.43408772
423089,0.18269734
423091,0.1818709
423098,0.56550545
423105,0.27438608
423106,0.41125613
423107,0.44964796
423114,0.6916094
423116,0.30500725
423120,0.42174476
423121,0.5835259
423125,0.17365864
423132,0.21024843
423133,0.25153667
423134,0.796656
423135,0.4110975
423137,0.34967425
423138,0.10700444
423139,0.3272299
423140,0.3222083
423141,0.6570769
423143,0.39077064
423144,0.27786988
423145,0.048957713
423146,0.43042067
423147,0.48135096
423148,0.26577535
423149,0.10720952
423150,0.4141616
423151,0.2377254
423152,0.15680592
423153,0.7212639
423154,0.13633884
423155,0.2706738
423156,0.25865725
423157,0.25357985
423158,0.44012904
423159,0.5830166
423228,0.46921536
423237,0.7659863
423386,0.62399316
423416,0.73211414
423417,0.675618
423489,0.61513406
423503,0.69104594
423522,0.44284868
423571,0.39095023
423574,0.16006882
423580,0.18575159
423621,0.82340986
423622,0.73170036
423624,0.25841486
423629,0.15353444
423631,0.51249367
423648,0.10763707
423651,0.31325334
423652,0.21996029
423658,0.7009175
423663,0.22189344
423664,0.14510696
423665,0.44447893
423668,0.4108754
423670,0.18475623
423671,0.4755175
423672,0.24299969
423679,0.20069076
423681,0.44292805
423687,0.44760624
423688,0.40437612
423690,0.23194012
423691,0.35151377
423693,0.24217968
423696,0.46273485
423698,0.41484135
423699,0.571922
423700,0.282115
423701,0.39773434
423702,0.57491785
423703,0.35379183
423704,0.28366265
423706,0.33632848
423707,0.22733591
423708,0.063078016
423709,0.61440486
423710,0.65044606
423711,0.26608646
423712,0.5775604
423713,0.38532788
423714,0.92033523
423715,0.24170734
423717,0.60473037
423718,0.30188644
423719,0.66500086
423720,0.15090892
423721,0.26007327
423722,0.1947205
423723,0.5309333
423724,0.3189222
423726,0.03849001
423730,0.21288212
423734,0.17141676
423735,0.32494432
423736,0.34190223
423737,0.09343427
423738,0.4106428
423739,0.398671
423740,0.25401866
423741,0.27278852
423742,0.4491783
423743,0.46747902
423746,0.2076314
423747,0.19601145
423748,0.5106214
423749,0.15581228
423750,0.69244117
423751,0.3181606
423752,0.33848414
423753,0.6062647
423754,0.29440546
423755,0.23366469
423756,0.5990967
423800,0.3289057
423894,0.16404809
423938,0.6792798
423939,0.42942247
423940,0.4511346
423947,0.23274732
423957,0.6466738
423959,0.42428198
423966,0.7683885
423968,0.32109737
423972,0.20263775
423978,0.58168834
423979,0.167825
423982,0.56381977
423983,0.643886
423986,0.32524785
423990,0.20895423
423993,0.08299092
423994,0.20950925
423996,0.13374178
423998,0.33777928
423999,0.5773636
424000,0.2039242
424001,0.353191
424002,0.12503353
424003,0.7538615
424004,0.5212047
424005,0.39237347
424006,0.3120386
424007,0.35987106
424008,0.47586727
424009,0.48092735
424010,0.5233282
424011,0.5142002
424012,0.050559036
424013,0.48486397
424014,0.51773703
424015,0.30837038
424016,0.38814563
424161,0.6379448
424189,0.5870161
424192,0.26894864
424198,0.27880123
424202,0.14296651
424203,0.117982864
424207,0.6179499
424208,0.3328882
424211,0.1757837
424214,0.5010952
424215,0.22156492
424216,0.33711642
424220,0.47815555
424222,0.48624536
424223,0.21277465
424232,0.35353208
424234,0.20942527
424235,0.07738267
424236,0.25925174
424241,0.3476011
424244,0.3422528
424245,0.5483556
424246,0.28748167
424248,0.6795929
424249,0.3099543
424251,0.46344343
424252,0.21608858
424253,0.27513906
424254,0.41763273
424255,0.2770163
424256,0.6361925
424257,0.29983845
424258,0.51652825
424259,0.38642484
424260,0.27358994
424261,0.3654528
424262,0.19016035
424264,0.3065001
424265,0.6763649
424266,0.7600617
424267,0.19371127
424268,0.09389405
424270,0.59993804
424271,0.5733047
424272,0.11371574
424273,0.34328634
424274,0.4553886
424275,0.37507325
424320,0.47317505
424354,0.45076922
424359,0.16259252
424360,0.5031549
424361,0.540781
424362,0.4385114
424363,0.19094373
424364,0.4038861
424365,0.14506009
424491,0.5285952
424576,0.49128863
424755,0.29331657
424758,0.66860443
424765,0.1761381
424770,0.373743
424773,0.74369794
424780,0.3118878
424784,0.115526594
424791,0.26884338
424797,0.6630823
424800,0.22028491
424807,0.077212624
424809,0.4115356
424812,0.56495345
424813,0.7083361
424816,0.22650585
424817,0.09849121
424820,0.2869345
424822,0.38403076
424823,0.48527545
424825,0.36796364
424826,0.47905526
424827,0.18146537
424828,0.39141348
424830,0.42604917
424831,0.16861421
424832,0.77998805
424833,0.20018227
424834,0.69293195
424835,0.66287404
424836,0.38808817
424837,0.797916
424838,0.46302494
424839,0.23393624
424840,0.4575426
424841,0.84559774
424843,0.06657953
424845,0.7876198
424846,0.2921739
424847,0.26419452
424848,0.4269934
424849,0.7821409
424850,0.70105636
424851,0.24938568
424852,0.18884812
424853,0.30983818
450722,0.33500034
424854,0.45014727
424856,0.15347797
424857,0.5261478
424947,0.70364124
425037,0.6970265
425039,0.5738924
425096,0.33028084
425107,0.099550776
425156,0.37586474
425191,0.28067362
425192,0.5064255
425230,0.12952454
425231,0.33575162
425237,0.12749249
425281,0.41090888
425301,0.20775479
425306,0.70651406
425312,0.31200108
425313,0.13661343
425317,0.2685512
425326,0.22400142
425330,0.22164413
425336,0.6511431
425338,0.5427737
425343,0.5184076
425345,0.20507814
425360,0.5574073
425364,0.5596693
425368,0.47248936
425369,0.07516969
425371,0.5869747
425372,0.08336118
425373,0.63989615
425374,0.41945776
425376,0.81324273
425379,0.15951738
425380,0.14171363
425381,0.19773911
425382,0.47542635
425383,0.18051484
425384,0.1962981
425385,0.1090845
425388,0.60948056
425389,0.28732723
425390,0.08221454
425391,0.72780883
425392,0.32376423
425394,0.5113225
425395,0.42135057
425396,0.1993436
425397,0.1330166
450752,0.6109033
425398,0.39383572
425399,0.34958273
425400,0.2696928
425403,0.42105162
425404,0.48641038
425405,0.2838575
425406,0.6576312
425407,0.4310824
425408,0.2000679
425409,0.28475216
425411,0.19940338
425412,0.47013512
425413,0.8026249
425414,0.39267737
450759,0.40865657
425415,0.62542653
425416,0.56782955
425418,0.3032511
425419,0.14608292
425423,0.41371864
425424,0.35304192
425425,0.797035
425426,0.17672905
425429,0.38011593
425430,0.19777128
425431,0.5167256
425432,0.09249793
425433,0.5758091
425434,0.25860974
425435,0.5927926
425437,0.30256662
425438,0.023529043
425439,0.28987795
425440,0.36695766
425441,0.2484898
425442,0.86540174
425444,0.5840454
425446,0.2567046
425447,0.5133603
425448,0.6755619
425449,0.55681336
425450,0.2369967
425451,0.30889106
425453,0.55159914
425454,0.8611023
425455,0.38144362
425456,0.5748424
425457,0.523285
425458,0.5169386
425459,0.6848789
425460,0.04014552
425461,0.33333683
425462,0.17439225
425511,0.29205075
425601,0.19859885
425810,0.2662813
425824,0.3834215
425830,0.7715946
425835,0.5216639
425838,0.40394765
425865,0.16753583
425877,0.5163991
425904,0.49687904
425905,0.12738487
425906,0.25123256
425909,0.63840324
425911,0.8202752
425913,0.5055548
425923,0.28418657
425932,0.4132033
425938,0.052565232
425939,0.59435445
425943,0.49315298
425944,0.079815224
425945,0.2548482
425946,0.2679145
425948,0.41904187
425950,0.38321385
425952,0.5953654
425954,0.7234165
425955,0.10597681
425957,0.6790997
425958,0.11862441
425959,0.45346004
425960,0.6435974
425961,0.6156127
425962,0.08425033
425964,0.47825086
425965,0.27657884
425966,0.4596295
425967,0.31278935
425968,0.5079776
425969,0.30483595
425970,0.4554516
425971,0.51820594
425972,0.06416241
425976,0.4650223
426050,0.18231253
426051,0.6925162
426052,0.20498529
426053,0.28099585
426124,0.23591661
426132,0.4511284
426154,0.23916759
426192,0.29794544
426235,0.31322148
426297,0.47282448
426387,0.31043622
426396,0.2325882
426436,0.35778347
426437,0.260875
426460,0.3281211
426466,0.5028997
426469,0.30330437
426510,0.5754289
426617,0.64021754
426630,0.23774916
426631,0.15424585
426650,0.36518526
426688,0.25877932
426691,0.18642922
426855,0.4885831
426873,0.81699604
426890,0.3823696
426891,0.31127217
426895,0.12726976
426928,0.7732867
426929,0.24992031
426955,0.5721093
426957,0.19597425
427007,0.5635744
427009,0.13660377
427021,0.61351854
427023,0.113656044
427032,0.35940453
427036,0.17447653
427040,0.3060908
427041,0.41460374
427042,0.106670424
427044,0.1384107
427048,0.5886543
427050,0.48933762
427054,0.15545617
427057,0.42007235
427058,0.18596967
427059,0.29116857
427060,0.6375487
427062,0.39762005
427063,0.5686034
427064,0.2855634
427065,0.2567867
427067,0.5183744
427069,0.23086998
427070,0.14126143
427071,0.5639825
427072,0.24306487
427073,0.3455009
427074,0.17645134
427075,0.2244595
427076,0.19955158
427077,0.5909954
427078,0.529613
427079,0.23364337
427080,0.25265825
427081,0.44684497
427082,0.40812084
427088,0.40364656
427109,0.1692409
427110,0.7686412
427111,0.3689666
427114,0.47362766
427115,0.6612552
427120,0.17870912
427121,0.16424437
427122,0.66973245
427125,0.3921984
427126,0.26345527
427127,0.1924737
427128,0.14979517
427129,0.18924792
427130,0.80827844
427131,0.19040921
427132,0.15197447
427133,0.17019024
427134,0.21270381
427135,0.13636725
427137,0.5349939
427138,0.3018935
427139,0.18812054
427140,0.63696533
427142,0.26604268
427143,0.31591782
427144,0.74677944
427145,0.16336975
427146,0.62741315
427147,0.50802267
427148,0.19030382
427149,0.5641304
427150,0.55866814
427151,0.24130708
427152,0.15003188
427153,0.15849635
427154,0.72007686
427155,0.29678515
427156,0.20884162
427157,0.4728968
427158,0.65220237
427159,0.5306483
427160,0.07385553
427161,0.43496364
427162,0.86148435
427163,0.71247655
427164,0.40951002
427165,0.06294428
427254,0.31036386
427263,0.3598706
427324,0.49736547
427330,0.7430194
427379,0.3608802
427465,0.325763
427485,0.6642447
427489,0.10202196
427505,0.468014
427567,0.64481336
427575,0.721628
427578,0.624986
427589,0.8092879
427612,0.6903135
427615,0.33193588
427618,0.31430802
427620,0.71170086
427622,0.05963857
427627,0.29232222
427628,0.33560514
427632,0.2664812
427634,0.080980755
427635,0.5662218
427637,0.6085281
427639,0.7161789
427640,0.48723784
427641,0.12788227
427642,0.5825103
427643,0.5591049
427645,0.43838456
427646,0.26758012
427647,0.2032321
427649,0.05421263
427650,0.3762292
427652,0.632951
427653,0.56492525
427654,0.088603035
427655,0.7995585
427656,0.411586
427657,0.48597056
427658,0.66050667
427659,0.2769693
427660,0.3088859
427661,0.5176262
427662,0.18389988
427663,0.5000524
427664,0.6480549
427665,0.1604514
427666,0.18052146
427667,0.35540456
427668,0.74833786
427669,0.63016474
427671,0.7320372
427672,0.6728177
427673,0.20990604
427676,0.30888638
427677,0.09231927
427703,0.4313199
427738,0.3380748
427809,0.45096037
427881,0.35961044
427949,0.29635254
427985,0.69934565
428047,0.64993817
428054,0.9316226
428080,0.6987378
428143,0.76609457
428162,0.65233064
428166,0.18818116
428187,0.25688753
428188,0.34418333
428189,0.14538398
428195,0.2500547
428196,0.56325316
428198,0.55118704
428200,0.14355882
428201,0.31283015
428204,0.8464742
428206,0.2660325
428207,0.662315
428208,0.6180191
428210,0.20828457
428211,0.3024355
428212,0.75742745
428213,0.48303178
428215,0.22029643
428217,0.3454677
428218,0.23890804
428219,0.4861388
428220,0.28924426
428222,0.80303216
428223,0.3723009
428224,0.30153733
450763,0.39280108
428225,0.24658759
428227,0.26009938
428228,0.6284019
428229,0.6435046
428230,0.78489035
428231,0.2077459
428232,0.34073323
428233,0.21167976
428234,0.4014067
428235,0.7341671
428236,0.47709474
428237,0.49095508
428238,0.18844238
450767,0.3658055
428240,0.08105874
428241,0.3332807
428242,0.30278417
428243,0.74422866
428244,0.8093693
428311,0.38779128
428312,0.3598936
428313,0.48824376
428314,0.4845926
428409,0.24118763
428416,0.30902654
428423,0.33261243
428424,0.4339312
428463,0.43606198
428485,0.73323154
428517,0.14304896
428518,0.7159961
428561,0.22154032
428565,0.29633844
428590,0.24366125
428597,0.20381564
428614,0.33756503
428616,0.5509861
428621,0.0641322
428626,0.5398577
428629,0.16522087
428636,0.6748873
428647,0.35798982
428654,0.26044387
428659,0.343269
428686,0.29395217
428690,0.1989908
428701,0.50973284
428708,0.54189724
428714,0.44588482
428722,0.319404
428729,0.40052807
428745,0.26989836
428751,0.3442445
428757,0.21493502
428764,0.4026492
428774,0.37336215
428778,0.109847225
428783,0.3701224
428789,0.10909547
428797,0.29792753
428799,0.30690578
428801,0.865128
428804,0.28492573
428806,0.22368261
428813,0.33816
428816,0.22789389
428821,0.600871
428832,0.45567238
428839,0.33136988
428842,0.4557113
428850,0.5328241
428859,0.5342431
428871,0.3795064
428907,0.71884155
428913,0.32440835
428920,0.7106382
428924,0.4636939
428928,0.47799507
428930,0.24433936
428933,0.54590476
428938,0.33026683
428944,0.52085906
428948,0.43400228
428963,0.21005425
428975,0.42877996
428979,0.12376885
428982,0.8437808
428984,0.2135294
428987,0.28599688
429015,0.21181032
429018,0.25937673
429028,0.07419178
429035,0.78404814
429037,0.1903665
429042,0.105793074
429055,0.31637475
429066,0.46121976
429067,0.65208006
429069,0.19292949
429077,0.34083202
429078,0.74472547
429083,0.21707042
429091,0.33664966
429093,0.13283116
429094,0.2041091
429103,0.3412492
429109,0.5652859
429121,0.7585081
429129,0.16133004
429134,0.2016509
429138,0.3852539
429164,0.23826532
429173,0.5627126
429182,0.22759764
429190,0.17414014
429199,0.097983085
429219,0.6104121
429224,0.16319712
429226,0.7155924
429230,0.16384836
429239,0.14139464
429243,0.3130175
429256,0.17620674
429266,0.5330618
429269,0.4907104
429294,0.20323722
429295,0.36505896
429297,0.65085375
429299,0.25695896
429302,0.23878005
429305,0.57174146
429308,0.13821729
429314,0.573083
429318,0.26181555
429348,0.2677777
429356,0.8939498
429359,0.6037011
429372,0.50348425
429373,0.3782176
429384,0.596771
429385,0.43442002
429398,0.18349113
429405,0.48408353
429407,0.23862348
429408,0.28671983
429412,0.385332
429414,0.5042544
429415,0.48778328
429421,0.2781246
429422,0.117188506
429430,0.472659
429432,0.32100865
429440,0.75569546
429442,0.85317254
429451,0.8926559
429459,0.4368635
429469,0.32785404
429471,0.067764364
429482,0.08278561
429483,0.4473819
429491,0.64749086
429493,0.32160115
429496,0.5984156
429498,0.16241422
429501,0.16196048
429502,0.4092692
429508,0.3717147
429509,0.20443113
429511,0.7474653
429528,0.16942172
429531,0.7215989
429539,0.7279078
429549,0.83789086
429555,0.4787286
429557,0.40949875
429567,0.4103533
429570,0.41012058
429576,0.20381485
429590,0.267468
429591,0.8225031
429597,0.46006662
429600,0.7155758
429602,0.25347558
429604,0.53874236
429623,0.26543018
429625,0.08502729
429626,0.24758004
429628,0.065405086
429634,0.35339344
429637,0.29679784
429666,0.40542507
429667,0.41476056
429670,0.25284782
429673,0.08894054
429678,0.32282132
429693,0.24449454
429702,0.22122015
429708,0.25052327
429737,0.25692832
429739,0.19985823
429740,0.284851
429750,0.53925765
429770,0.6390373
429774,0.38700336
429777,0.46928802
429780,0.14204694
429809,0.6582458
429810,0.16043699
429831,0.41629717
429835,0.6321738
429838,0.5151447
429846,0.12779674
429851,0.4022112
429852,0.1806031
429856,0.16266698
429857,0.34506586
429866,0.8220439
429871,0.37242267
429873,0.70242506
429879,0.7751504
429882,0.4099399
429885,0.22374703
429890,0.35165966
429897,0.18491869
429933,0.44123462
429936,0.14661275
429948,0.3293025
429952,0.6489233
429967,0.1975914
429982,0.110190086
429989,0.59337187
430000,0.1413554
430003,0.22251138
430011,0.45888174
430019,0.39853027
430035,0.14186619
430042,0.848617
430047,0.21789525
430048,0.24348196
430059,0.4613092
430060,0.6336755
430077,0.4854213
450768,0.29511234
430080,0.29838473
430083,0.77201927
430086,0.42407787
430090,0.4584543
430103,0.22708301
430107,0.52136594
430114,0.27382934
430116,0.38098103
430124,0.39764872
430129,0.3669409
430132,0.47347212
430146,0.2910726
430155,0.57831794
430156,0.16109197
430160,0.47055444
430168,0.27735934
430170,0.37417236
430176,0.5189911
430177,0.75021225
430186,0.5985956
430187,0.38284278
430195,0.6778648
430198,0.83468854
430204,0.64984065
430210,0.33432725
430211,0.7499863
430213,0.20819977
430216,0.7750369
430217,0.52303755
430227,0.19709055
430253,0.2453819
430266,0.517995
430274,0.21692085
430280,0.11733451
430300,0.016463798
430301,0.08895153
430309,0.6549021
430313,0.25526547
430316,0.5102548
430319,0.54201746
430332,0.42364427
430346,0.4210446
430357,0.61693436
430359,0.3619302
430368,0.20583038
430376,0.3138942
430383,0.4616527
430389,0.36258593
430393,0.7080256
430394,0.20841558
430404,0.523695
430405,0.2756156
430407,0.5053749
430433,0.45133665
430445,0.22598197
430446,0.42499214
430451,0.22888988
430452,0.13659874
430459,0.27335823
430466,0.27951616
430467,0.11639209
430473,0.7207281
430477,0.11661205
430483,0.49460676
430512,0.14590941
430521,0.09271038
430524,0.20820263
430529,0.6626543
430533,0.12349619
430536,0.20948556
430538,0.20153134
430540,0.48134372
430548,0.49838862
430549,0.15131362
430550,0.1826946
430566,0.50185233
430574,0.25149664
430576,0.32817158
430582,0.57242113
430585,0.35153314
430625,0.2411498
430627,0.24351597
430629,0.19815417
430637,0.5203677
430639,0.116799325
430641,0.50124216
430656,0.16982354
430659,0.1531403
430661,0.15267387
430671,0.53462625
430672,0.4865126
430673,0.4006259
430674,0.30394474
430676,0.20891468
430691,0.08211369
430698,0.3053765
430699,0.72673815
430708,0.41175932
430719,0.32767227
430726,0.20107798
430728,0.8773731
430730,0.83555377
430731,0.7006515
430732,0.312773
430738,0.46122444
430770,0.67458147
430782,0.6410204
430785,0.3697269
430786,0.27216944
430806,0.67790586
430818,0.76214886
430819,0.20670149
430820,0.41578716
430835,0.33260518
430836,0.31991085
430837,0.44688192
430838,0.22550307
430839,0.50206816
430847,0.6973299
430853,0.18398274
430856,0.05136723
430876,0.18121125
430886,0.110026956
430887,0.20166963
430889,0.260668
430927,0.08743951
430931,0.68028057
430939,0.1146764
430942,0.20830135
430949,0.19908121
430957,0.1123201
430960,0.12599961
430961,0.17286491
430962,0.7643905
430973,0.31627277
430975,0.15145737
430976,0.26404792
430981,0.14415856
430992,0.37249017
431007,0.5736929
431010,0.47349662
431013,0.2462966
431023,0.13214512
431027,0.34058785
431044,0.26414114
431056,0.081096664
431058,0.12823905
431065,0.31922135
431077,0.65515006
431080,0.5264015
431082,0.12857267
431088,0.75072664
431095,0.5772785
431100,0.3134483
431106,0.6084454
431107,0.35728005
431110,0.26480356
431114,0.5576592
431138,0.50914675
431144,0.039019298
431162,0.51792866
431170,0.84454983
431171,0.18574491
431176,0.39465407
431203,0.46347764
431211,0.2741956
431212,0.38332453
431215,0.30287716
431238,0.9042315
431241,0.45906398
431244,0.6151182
431254,0.29988453
431263,0.16682656
431278,0.059245974
431285,0.7557467
431286,0.49361792
431298,0.2426632
431305,0.099072285
431315,0.88007045
431323,0.43805447
431325,0.06977436
431334,0.16060768
431358,0.5746341
431372,0.44582
431373,0.07339945
431374,0.81661
431377,0.45929813
431386,0.59379566
431388,0.60580045
431395,0.12740119
431396,0.41302294
431413,0.0664069
431416,0.5410123
431418,0.50012255
431431,0.6249082
431444,0.37204677
431449,0.838241
431467,0.3301047
431469,0.11596092
431479,0.39274266
431480,0.28375155
431481,0.24374865
431488,0.22876152
431492,0.74690896
431496,0.3298615
431497,0.05713508
431508,0.6376004
431511,0.4842119
431517,0.25624183
431520,0.49322832
431538,0.46682572
431540,0.052570995
431543,0.88662356
431545,0.14300714
431560,0.2401925
431561,0.37854856
431584,0.82505053
431591,0.5719872
431593,0.49860343
431625,0.72107553
431630,0.5821531
431633,0.6033397
431635,0.3863521
431649,0.29185283
431650,0.6940599
431651,0.2678673
431652,0.12368553
431667,0.5826654
431668,0.603297
431672,0.39821497
431675,0.73984927
431680,0.8222568
431682,0.11455896
431683,0.12744053
431693,0.32492313
431697,0.26084986
431726,0.57653505
431731,0.5593118
431732,0.5402545
431744,0.046966143
431750,0.19304252
431755,0.37403092
431756,0.5824319
431757,0.5342686
431773,0.308466
431775,0.37411103
431777,0.7093713
431778,0.7435676
431801,0.4929242
431807,0.10325577
431810,0.18152809
431815,0.6190982
431816,0.3745341
431823,0.46927878
431831,0.13869134
431837,0.34404892
431841,0.28793263
431845,0.13494545
431854,0.5155554
431857,0.49539098
431865,0.29388943
431866,0.3906792
431867,0.1160361
431869,0.33654323
431889,0.5277183
431899,0.22226523
431903,0.5566599
431909,0.14061229
431914,0.37495133
431916,0.27857283
431918,0.8300226
431931,0.29528
431940,0.13344246
431948,0.6944809
431962,0.25541082
431965,0.26884338
431974,0.13540253
431976,0.14019373
431987,0.40109414
431988,0.14280851
431995,0.6486238
431999,0.5391246
432003,0.07253006
432005,0.7453224
432009,0.45077863
432011,0.14320295
432022,0.6526337
432028,0.49538192
432030,0.121269286
432037,0.32086936
432065,0.16919653
432070,0.1348548
432075,0.59680897
432078,0.65716404
432080,0.3534139
432085,0.2582452
432092,0.36187628
432111,0.5292844
432112,0.112324335
432115,0.23539516
432117,0.3459256
432118,0.51724684
432129,0.6010597
432132,0.73317814
432133,0.18359058
432145,0.5316462
432146,0.25550717
432148,0.29458547
432156,0.46481296
432167,0.2959693
432169,0.1835811
432188,0.19762036
432192,0.76113653
432221,0.40167323
432226,0.62316877
432231,0.11014532
432247,0.3153198
432252,0.24206467
432254,0.31774223
432263,0.2953949
432265,0.1734751
432271,0.50838476
432280,0.13924043
432282,0.29215118
432284,0.07356818
432291,0.7206622
432296,0.5248535
432298,0.58246744
432301,0.36517137
432309,0.5201725
432312,0.47457615
432320,0.32284278
432324,0.05118275
432330,0.39948124
432339,0.21847922
432356,0.26541
432357,0.15408249
432362,0.19316636
432365,0.303596
432366,0.37092105
432370,0.48075193
432377,0.6605991
432384,0.23064052
432391,0.44807273
432405,0.25510415
432406,0.6332365
432414,0.76469517
432415,0.052584697
432417,0.07629095
432419,0.30075908
432424,0.20536767
432425,0.41868448
432432,0.59412533
432438,0.39340115
432441,0.56139666
432444,0.79303443
432446,0.8719566
432452,0.48911992
432454,0.37484342
432473,0.76301754
432482,0.66558033
432489,0.41736132
432492,0.5915115
432495,0.10520389
432501,0.584877
432507,0.23463866
432509,0.8474193
432510,0.36700368
432522,0.1531846
432525,0.3059768
432526,0.3192045
432527,0.83162946
432532,0.20069501
432535,0.3553001
432544,0.1029855
432547,0.35123587
432551,0.49527907
432553,0.26457196
432555,0.18802403
432560,0.33769423
432569,0.6726885
432577,0.31903523
432585,0.29575086
432590,0.2376736
432591,0.5265805
432594,0.12970014
432607,0.2874101
432608,0.8343357
432609,0.46337944
432612,0.7223237
432613,0.12488968
432616,0.14084706
432618,0.86478937
432622,0.2657513
432626,0.10200933
432639,0.06373177
432640,0.2864384
432642,0.7349022
432648,0.13824017
432653,0.5200939
432661,0.501367
432668,0.13717324
432682,0.62627697
432686,0.4548632
432693,0.27605984
432695,0.7082949
432696,0.71338475
432698,0.59933597
432699,0.19948125
432702,0.4472437
432707,0.24704853
432712,0.09626975
432719,0.19503143
432724,0.09787908
432728,0.45407397
432737,0.39832893
432745,0.7021526
432746,0.271506
432749,0.5177345
432752,0.24354006
432758,0.20280087
432769,0.3269659
432770,0.3026724
432771,0.1940805
432788,0.12950929
432804,0.08417675
432807,0.7237635
432830,0.76097584
432831,0.45683894
432842,0.62025046
432849,0.8185851
432876,0.7518973
432886,0.23635429
432888,0.23403393
432897,0.097242095
432918,0.29906157
432919,0.3724269
432920,0.39983216
432921,0.34665295
432930,0.45152518
432932,0.25794056
432943,0.608449
432944,0.14773703
432951,0.40070966
432952,0.26625845
432965,0.61365336
432969,0.3829235
432981,0.2011362
432985,0.2743169
432986,0.28952238
432988,0.33705795
432991,0.19786696
432992,0.52562004
433002,0.19330119
433018,0.3245622
433019,0.38872918
433021,0.26858556
433024,0.08431053
433031,0.25599292
433035,0.67256916
433047,0.6260755
433050,0.10975725
433051,0.14030935
433055,0.22059429
433058,0.57307523
433069,0.3795321
433079,0.62567496
433098,0.6026284
433099,0.20517808
433104,0.33793867
433112,0.19669016
433117,0.22280428
433119,0.11659809
433130,0.12634243
433132,0.43161792
433158,0.7867054
433159,0.09802174
433162,0.11492467
433166,0.23852175
433169,0.30626285
433173,0.3032163
433174,0.33992767
433183,0.7145165
433184,0.20775455
433198,0.30762503
433205,0.44790393
433221,0.59612614
433271,0.744619
433274,0.15824279
433276,0.7067849
433281,0.26390126
433283,0.24021073
433296,0.30331564
433300,0.51954126
433304,0.29846674
433308,0.31958252
433312,0.3139693
433313,0.78271705
433319,0.11730661
433332,0.7501778
433342,0.17474382
433343,0.08641314
433344,0.3107498
433345,0.08519504
433347,0.41189757
433350,0.18139225
433355,0.7844063
433356,0.21842912
433359,0.27680448
433361,0.44298685
433363,0.5441551
433370,0.29544562
433371,0.20526117
433374,0.5264547
433384,0.30931142
433390,0.36852914
433392,0.1674352
433396,0.5830428
433403,0.59984076
433405,0.07768849
433408,0.79087925
433410,0.7739548
433411,0.3003311
433424,0.30646977
433431,0.2209893
433432,0.5949306
433440,0.38636875
433441,0.45141718
433451,0.3942711
433452,0.51041013
433459,0.17539491
433463,0.25332078
433464,0.33496535
433470,0.51892096
433480,0.4975108
433482,0.5869735
433485,0.39598387
433494,0.7202754
433495,0.3996811
433496,0.17642315
433505,0.2652577
433509,0.25567132
433515,0.393747
433518,0.18792175
433519,0.73199314
433527,0.47173962
433532,0.11814319
433535,0.257768
433539,0.5318299
433561,0.34993014
433564,0.86559516
433566,0.14033324
433574,0.2065379
433575,0.22478636
433584,0.5701486
433591,0.7759338
433596,0.6770504
433598,0.4870704
433602,0.29845572
433606,0.23540309
433611,0.38819656
433617,0.40932673
433620,0.674491
433628,0.3405807
433631,0.35377792
433651,0.2639633
433653,0.4269474
433657,0.2671637
433661,0.40745974
433662,0.47237718
433663,0.6355845
433668,0.2068533
433670,0.79626626
433680,0.5320473
433686,0.62688893
433709,0.22387092
433725,0.4146017
433731,0.44661847
433735,0.71468824
433745,0.21754892
433748,0.14073448
433754,0.48331743
433762,0.43157724
433766,0.16879377
433767,0.17719953
433779,0.5791536
433783,0.087312534
433785,0.5723626
433789,0.06337499
433794,0.65933
433799,0.5097966
433800,0.1256389
433804,0.45326725
433816,0.29091573
433820,0.5079298
433829,0.13180082
433837,0.15571094
433840,0.104983024
433842,0.24677347
433849,0.4483571
433853,0.07463758
433862,0.14689557
433872,0.14228942
433882,0.5924148
433892,0.3324367
433896,0.08347378
433906,0.2515873
433913,0.39126623
433914,0.15432847
433957,0.12465171
433958,0.34456408
433965,0.60610145
433976,0.31294057
433984,0.030744879
433995,0.35629216
433996,0.30334613
434006,0.6883077
434007,0.19959565
434009,0.4872439
434019,0.5550233
434024,0.6562315
434026,0.6744969
434027,0.08874804
434034,0.2797013
434036,0.13341548
434037,0.58183426
434046,0.5324057
434050,0.06070769
434051,0.13739367
434052,0.31190246
434055,0.41047314
434061,0.52284515
434064,0.23797086
434108,0.46798444
434109,0.6437987
434121,0.4923885
434122,0.109971635
434140,0.10760053
434151,0.31173027
434156,0.29055762
434157,0.13716781
434160,0.57920986
434164,0.21091917
434167,0.23975787
434169,0.4632196
434173,0.16095297
434176,0.3788374
434177,0.65883285
434179,0.61953837
434180,0.39687067
434183,0.48436204
434192,0.26906696
434205,0.42680213
434209,0.34406632
434212,0.5166501
434214,0.43702403
434216,0.41056785
434222,0.76163137
434223,0.51335657
434224,0.7667741
434259,0.70940197
434261,0.16001931
434263,0.16143842
434264,0.21039583
434282,0.2416966
434283,0.081207834
434293,0.81614393
434317,0.659449
434322,0.26890236
434326,0.45464346
434327,0.26951832
434328,0.120369606
434336,0.35955513
434340,0.3543635
434342,0.30826128
434350,0.6927351
434355,0.18396306
434375,0.19045325
434387,0.20678748
434390,0.4696684
434391,0.2534817
434408,0.07721989
434410,0.49005267
434423,0.45025012
434439,0.55010796
434442,0.21740122
434445,0.6517593
434448,0.35344064
434460,0.3097261
434465,0.12175395
434467,0.3723325
434468,0.44733217
434501,0.4044129
434504,0.5606188
434505,0.42397267
434507,0.11470187
434514,0.41632098
434535,0.41548124
434538,0.74327993
434542,0.655832
434545,0.52697706
434554,0.7748255
434556,0.54444927
434568,0.5722135
434569,0.6011585
434571,0.6925669
434574,0.5404058
434579,0.16620634
434599,0.55973715
434604,0.6383431
434606,0.15310529
434607,0.3067472
434608,0.09303053
434610,0.35987282
434615,0.7875601
434616,0.8246082
434619,0.54334694
434658,0.5631925
434669,0.32466444
434675,0.23259765
434678,0.32892656
434680,0.4418857
434690,0.7034895
434698,0.43584666
434702,0.70485693
434704,0.077528074
434722,0.07209633
434727,0.70503956
434730,0.2530573
434735,0.20947666
434739,0.510646
434765,0.19072716
434767,0.7811147
434784,0.7474387
434787,0.46157792
434788,0.6253961
434789,0.28782013
434790,0.37653798
434791,0.61848485
434802,0.4220696
434806,0.11403674
434807,0.35478604
434808,0.6859359
434815,0.6044708
434816,0.6348322
434817,0.32178003
434818,0.52408516
434830,0.58622926
434918,0.1016117
434920,0.31236717
434921,0.4469306
434922,0.82928306
434937,0.2069244
434948,0.22268443
434949,0.49131495
434952,0.22555052
434954,0.28156054
434957,0.48601156
434968,0.14652866
434974,0.29047975
434982,0.55894154
434986,0.26194224
434993,0.09995936
434995,0.5672604
435005,0.611448
435013,0.39663476
435027,0.21263267
435034,0.8613117
435056,0.7443765
435060,0.4027563
435062,0.738771
435068,0.19185507
435069,0.45887682
435071,0.65509045
435079,0.20771264
435086,0.6289176
435092,0.36445898
435099,0.150826
435100,0.41160545
435108,0.36687368
435118,0.52215856
435120,0.06728792
435129,0.2224588
435132,0.7385622
435138,0.15442108
435139,0.6889388
435142,0.7277377
435147,0.63652986
435148,0.5981393
435151,0.106380336
435153,0.13966008
435154,0.60497487
435164,0.6016223
435173,0.28592426
435174,0.33653075
435179,0.1160795
435199,0.330825
435202,0.34679958
435203,0.32583478
435214,0.4603551
435217,0.4296558
435222,0.35119438
435229,0.80811167
435239,0.28967166
435248,0.5837903
435259,0.1222159
435260,0.33933264
435263,0.5549705
435264,0.12020518
435267,0.14789593
435274,0.7647155
435286,0.039587554
435296,0.15665041
435308,0.31796834
435328,0.6785701
435333,0.24542636
435363,0.26678494
435366,0.1635979
435375,0.13546975
435378,0.6118074
435400,0.2780784
435408,0.6078745
435409,0.15943728
435415,0.14808425
435419,0.76678586
435422,0.22588047
435428,0.7007856
435432,0.6133471
435434,0.611786
435435,0.6147635
435440,0.4972209
435455,0.29076612
435464,0.41950247
435470,0.07194432
435475,0.71846277
435478,0.26664612
435480,0.5966105
435482,0.08805478
435490,0.3559577
435507,0.5308586
435509,0.3115191
435510,0.2584261
435519,0.3688329
435527,0.55602175
435533,0.29315054
435534,0.6201155
435535,0.46613374
435536,0.16538188
435540,0.35944438
435551,0.36234024
435562,0.91262865
435564,0.5442458
435585,0.3420625
435590,0.17514536
435609,0.12740524
435610,0.23754035
435611,0.13000807
435623,0.2611775
435681,0.29577273
435682,0.4826689
435683,0.22944222
435704,0.47046113
435711,0.42667586
435713,0.48353797
435714,0.4128763
435716,0.12609784
435717,0.75198996
435718,0.60659385
435719,0.23119676
435741,0.2566548
435765,0.55127615
435766,0.46095103
435767,0.12213008
435773,0.7111852
435802,0.16594078
435806,0.28576922
435807,0.69112265
435809,0.16227086
435811,0.6225536
435816,0.24630134
435823,0.351712
435835,0.5880769
435848,0.44961518
435849,0.8207297
435858,0.20628501
435870,0.59437406
435874,0.22067438
435890,0.7138129
435892,0.1576201
435911,0.42695123
435915,0.15155955
435924,0.5829431
435937,0.3070924
435943,0.70908886
435958,0.13218723
435962,0.13224734
435965,0.77769196
435968,0.7826271
435997,0.1693486
435998,0.76575637
435999,0.16759604
436009,0.26236847
436021,0.64199525
436022,0.28815377
436026,0.7759264
436032,0.09443637
436037,0.43483648
436049,0.5021702
436058,0.38227454
436059,0.44622895
436062,0.77464676
436068,0.15083085
436079,0.3876238
436082,0.485303
436083,0.48617548
436093,0.648813
436098,0.17444985
436113,0.32434654
436127,0.6319228
436148,0.30896726
436152,0.7797062
436159,0.08924484
436165,0.26208237
436170,0.19952442
436174,0.26175854
436176,0.38331372
436183,0.0980022
436194,0.2062026
436196,0.3195878
436204,0.26034284
436207,0.6402754
436210,0.26160488
436219,0.83663684
436227,0.4542977
436230,0.15229994
436233,0.240347
436235,0.78065145
436250,0.28094125
436260,0.6366575
436285,0.62777674
436291,0.3773916
436304,0.19863681
436307,0.59328336
436308,0.5390014
436311,0.3295824
436314,0.5947508
436322,0.30249456
436323,0.82256746
436339,0.11055334
436350,0.20043296
436358,0.39030558
436359,0.18002325
436363,0.17818645
436365,0.4339887
436369,0.16632028
436377,0.3138662
436378,0.547456
436387,0.31489065
436394,0.73040473
436397,0.19883819
436399,0.7936268
436401,0.22301349
436404,0.26052937
436421,0.3265731
436422,0.5532566
436426,0.25255206
436430,0.33055267
436464,0.18238835
436471,0.17631936
436476,0.2637756
436478,0.12733021
436486,0.13461277
436497,0.49133238
436508,0.16085719
436509,0.17417803
436510,0.46759507
436511,0.84147215
436528,0.4573198
436531,0.5334117
436534,0.6458332
436535,0.40331718
436536,0.08233598
436537,0.22143704
436560,0.18284814
436562,0.5042318
436563,0.5818068
436564,0.45892492
436598,0.3045774
436599,0.10925142
436600,0.48933196
436637,0.22813714
436674,0.27532378
436706,0.36276543
436721,0.41574037
436722,0.78640425
436735,0.18276261
436747,0.7720157
436748,0.21969108
436750,0.59294504
436757,0.8068448
436767,0.5545252
436771,0.098035865
436781,0.53773004
436786,0.30943134
436799,0.23080522
436807,0.60620415
436812,0.511217
436821,0.5652602
436835,0.32580394
436836,0.44177678
436846,0.57870656
436874,0.22482589
436880,0.73528326
436882,0.4984498
436885,0.063059844
436893,0.36088726
436894,0.056075063
436896,0.20884594
436902,0.27938792
436918,0.1685826
436921,0.31204116
436935,0.34750006
436955,0.13063575
436961,0.4478891
436963,0.52493024
436964,0.29866514
436970,0.29551366
436975,0.20258999
437005,0.39593685
437014,0.5280948
437020,0.33329678
437043,0.36586213
437045,0.14048277
437070,0.39389637
437078,0.09200917
437095,0.41415098
437097,0.42144185
437123,0.11130113
437127,0.26618704
437128,0.40144962
437130,0.26828808
437147,0.8246851
437156,0.25566345
437157,0.57614326
437160,0.4648205
437161,0.1092295
437169,0.11189923
437189,0.6928271
437196,0.5673936
437198,0.44473588
437200,0.18471533
437206,0.7004691
437211,0.1256206
437215,0.43935385
437218,0.32370654
437226,0.27173668
437229,0.56473535
437235,0.23544665
437244,0.18960544
437245,0.58014435
437246,0.36054906
437264,0.18203276
437266,0.18172519
437268,0.40975717
437269,0.4689858
437273,0.25373974
437275,0.7078407
437276,0.2905979
437302,0.19146857
437304,0.636478
437305,0.667249
437306,0.3623434
437334,0.25822917
437335,0.3668779
437336,0.26049063
437338,0.62971514
437343,0.94103724
437356,0.4398558
437357,0.23630355
437358,0.4817048
437359,0.13933559
437360,0.6396185
437393,0.027116321
437397,0.45820653
437403,0.46719044
437409,0.14036766
437426,0.64016753
437430,0.82215935
437446,0.85436785
437459,0.25528458
437461,0.3538367
437462,0.42663577
437463,0.11442672
437475,0.26235947
437478,0.20278706
437480,0.23867804
437482,0.40313917
437486,0.20275974
437491,0.6822098
437492,0.279357
437493,0.5245393
437496,0.4072509
437510,0.12940487
437515,0.13534817
437516,0.3887854
437519,0.19115879
437522,0.2592253
437524,0.3153486
437532,0.4253049
437538,0.15686718
437546,0.28490943
437551,0.54798126
437553,0.55178344
437556,0.50244343
437573,0.7152605
437575,0.18243614
437584,0.67554545
437591,0.6581773
437592,0.2288811
437595,0.33341697
437602,0.30816102
437610,0.16042033
437611,0.25511798
437621,0.7448576
437622,0.60597014
437624,0.25236508
437630,0.38760865
437631,0.64645267
437636,0.8367322
437666,0.20770483
437672,0.7116196
437676,0.38227046
437687,0.30405316
437689,0.6446621
437706,0.7297749
437712,0.7385629
437735,0.19901946
437757,0.3263916
437763,0.31401384
437790,0.14477617
437791,0.21369469
437795,0.5034524
437803,0.3277779
437810,0.37872744
437811,0.50848585
437813,0.1516801
437820,0.48064712
437823,0.37519217
437832,0.07125994
437841,0.22472145
437852,0.3131479
437858,0.35659543
437862,0.14261106
437892,0.25942302
437896,0.2239197
437903,0.8340981
437905,0.25236785
437911,0.76328796
437913,0.32333344
437918,0.09715193
437922,0.49546435
437933,0.18366434
437936,0.34934217
437945,0.20971188
437966,0.51477045
437967,0.6404077
437972,0.1293096
437977,0.6642434
437984,0.7435048
437996,0.115952335
437997,0.2514156
437999,0.1453213
438001,0.0747468
438004,0.63189733
438007,0.23679635
438029,0.19625264
438031,0.1860395
438034,0.59429514
438038,0.8229262
438054,0.3178214
438058,0.207964
438064,0.37644187
438065,0.5521331
438074,0.3269148
438084,0.40143147
438088,0.3524925
438089,0.06678572
438090,0.18419442
438117,0.47575292
438118,0.3219542
438151,0.68313736
438152,0.43336195
438153,0.62790805
438154,0.2798354
438167,0.40147293
438187,0.6749687
438192,0.7394437
438195,0.4447134
438196,0.5002561
438220,0.44781703
438223,0.62470335
438229,0.21723808
438256,0.23022324
438258,0.28486094
438260,0.49228585
438264,0.32236454
438273,0.41091985
438306,0.7821661
438307,0.31725332
438308,0.14257523
438309,0.18098159
438310,0.55458295
438341,0.66378593
438348,0.0650568
438349,0.506452
438364,0.0935753
438368,0.6007466
438380,0.6765995
438382,0.1403268
438402,0.35146233
438404,0.56520325
438408,0.71993005
438410,0.5873758
438429,0.31612167
438434,0.44457325
438435,0.32172835
438437,0.42640302
438438,0.4966353
438444,0.6003022
438471,0.1451327
438506,0.22854732
438521,0.37548444
438524,0.8194531
438525,0.4807914
438534,0.1591736
438541,0.18192485
438546,0.14418305
438547,0.31525078
438564,0.2475745
438568,0.12107022
438570,0.104512826
438578,0.11456564
438582,0.33809182
438587,0.46846023
438604,0.16478273
438620,0.34429678
438621,0.1501442
438624,0.37227347
438634,0.82531923
438644,0.2835857
438645,0.41573098
438651,0.5439376
438659,0.14952053
438660,0.0976841
438662,0.2529678
438668,0.055287
438673,0.45675576
438677,0.2235566
438683,0.69457865
438687,0.36272082
438700,0.528275
438713,0.6343007
438714,0.26014033
438715,0.18503627
438717,0.21803312
438721,0.47627795
438738,0.6844269
438749,0.2085983
438750,0.32928976
438756,0.41205746
438771,0.26001593
438777,0.13132577
438781,0.1713422
438783,0.47252098
438786,0.904864
438792,0.24166363
438802,0.34755608
438808,0.35221994
438814,0.30112985
438829,0.3952269
438846,0.39533505
438851,0.4948786
438856,0.9274949
438858,0.56225884
438861,0.105880305
438862,0.49371588
438876,0.7157145
438880,0.15789077
438891,0.54937893
438896,0.46246615
438898,0.329738
438904,0.10669348
438908,0.16446884
438921,0.5767717
438923,0.57139176
438929,0.38431007
438942,0.28605223
438950,0.66418153
438979,0.7549174
438994,0.41802892
438995,0.45176595
438996,0.17419302
439002,0.5221246
439013,0.13860768
439015,0.2860219
439017,0.19242929
439029,0.15558599
439047,0.71611315
439048,0.66949195
439049,0.69801736
439050,0.45878005
439061,0.59327793
439065,0.63858455
439069,0.67416036
439070,0.7635467
439071,0.45874885
439072,0.6647228
439073,0.5542082
439076,0.31542087
439077,0.15408486
439078,0.4067068
439089,0.32704112
439095,0.12123534
439113,0.21251315
439122,0.14768116
439127,0.36911428
439153,0.26440606
439154,0.5554564
439157,0.16167891
439197,0.077232175
439205,0.5776089
439207,0.62889814
439209,0.18621235
439213,0.16595812
439218,0.5414729
439222,0.2709032
439229,0.4602711
439233,0.20916404
439235,0.38786715
439236,0.37138236
439239,0.5164193
439248,0.37943342
439255,0.4254199
439265,0.17382334
439266,0.6199803
439268,0.29087648
439270,0.4046667
439276,0.48101956
439285,0.060865056
439294,0.2986113
439296,0.32605097
439299,0.6786744
439310,0.5318797
439319,0.3287522
439320,0.0661497
439325,0.47930762
439327,0.5179915
439328,0.19295466
439334,0.29860035
439335,0.554505
439339,0.52996916
439343,0.115751274
439353,0.52064466
439356,0.20010011
439374,0.24271104
439391,0.62964934
439400,0.28609216
439405,0.6942952
439413,0.44410956
439448,0.474665
439451,0.41383108
439455,0.52440524
439468,0.38388053
439472,0.37171328
439473,0.23003058
439477,0.14007145
439483,0.26005542
439484,0.16131617
439501,0.45972866
439505,0.23269588
439512,0.49710074
439515,0.42603505
439525,0.40528435
439535,0.4513758
439539,0.08058931
439548,0.6921139
439549,0.5862937
439550,0.31475565
439551,0.44262734
439558,0.28592008
439562,0.1909875
439566,0.24152999
439571,0.25379804
439587,0.1965014
439591,0.40590444
439595,0.42719343
439611,0.5242505
439614,0.6437301
439618,0.6727948
439620,0.33495346
439626,0.31443545
439633,0.24724041
439657,0.24601005
439660,0.44854933
439661,0.43032873
439666,0.29441828
439673,0.26683664
439675,0.42311963
439705,0.44656456
439707,0.56939703
439720,0.34261736
439727,0.3078469
439733,0.4212882
439736,0.2904119
439737,0.476586
439746,0.37711576
439755,0.46242827
439763,0.4826383
439765,0.22269545
439766,0.26755172
439768,0.5935714
439774,0.29368338
439779,0.22272487
439781,0.63235635
439784,0.7882518
439808,0.2718962
439816,0.32390088
439818,0.04319108
439820,0.21729763
439824,0.09841229
439830,0.39641577
439839,0.13916732
439841,0.7868558
439845,0.26848316
439874,0.16862947
439875,0.09355456
439879,0.48950598
439882,0.22837703
439883,0.430463
439900,0.41602919
439901,0.1273827
439906,0.3124535
439909,0.65039825
439911,0.783012
439914,0.19500507
439936,0.5462107
439937,0.25087196
439945,0.15899302
439950,0.24311505
439955,0.4088091
439956,0.32332718
439971,0.58661693
439977,0.29856974
439984,0.7700225
439985,0.31027278
439990,0.2242725
439994,0.4870701
440003,0.17815845
440030,0.46030077
440042,0.5688779
440048,0.59104866
440054,0.3983682
440073,0.6866866
440074,0.61407375
440080,0.27369648
440082,0.4457151
440085,0.61542803
440088,0.32734096
440091,0.16762209
440100,0.1839229
440103,0.26571894
440113,0.8648324
440119,0.2572079
440127,0.0969201
440130,0.1823206
440131,0.12170128
440135,0.6793756
440139,0.5099771
440147,0.48609543
440156,0.66362685
440158,0.35683239
440162,0.28519797
440163,0.50341934
440176,0.2259233
440181,0.057943523
440191,0.18003756
440192,0.3843866
440215,0.139997
440219,0.58177936
440222,0.27340472
440238,0.15927409
440239,0.16756974
440244,0.2155373
440245,0.27452913
440252,0.44832805
440266,0.41694197
440267,0.45596907
440281,0.6175283
440283,0.45300323
440292,0.5319853
440307,0.35032818
440309,0.13999403
440313,0.47692946
440315,0.4524068
440320,0.23774607
440332,0.08814787
440336,0.11790052
440338,0.4675872
440342,0.5522934
440350,0.5010631
440352,0.20717762
440356,0.24865872
440359,0.46445313
440384,0.21969585
440395,0.3490222
440396,0.1634598
440397,0.5781159
440401,0.1780408
440408,0.56420374
440411,0.40060952
440425,0.1431067
440439,0.30985278
440451,0.69942254
440460,0.7581168
440463,0.3712957
440473,0.109562695
440479,0.26927596
440497,0.63906026
440506,0.15896901
440509,0.34997067
440518,0.20102023
440528,0.56281847
440536,0.5889773
440543,0.6434596
440561,0.13349912
440562,0.518533
440566,0.45270815
440572,0.5351054
440574,0.66659504
440585,0.6150395
440592,0.25098264
440601,0.56525075
440606,0.3949262
440632,0.5766811
440643,0.27821484
440653,0.178284
440669,0.28152356
440682,0.22940157
440691,0.2516356
440701,0.076576225
440706,0.3026672
440708,0.33791098
440714,0.779921
440721,0.7890731
440723,0.824768
440750,0.3675436
440759,0.73305
440773,0.30286115
440792,0.8145108
440793,0.09093961
440798,0.85290575
440804,0.48934716
440819,0.3272825
440827,0.700108
440851,0.7006754
440861,0.20020697
440862,0.19371387
440868,0.36514503
440874,0.29119268
440877,0.5865768
440883,0.25597444
440884,0.65865636
440886,0.107528046
440900,0.5675997
440902,0.25542104
440904,0.649856
440910,0.6129248
440913,0.5174687
440915,0.706159
440923,0.42131358
440924,0.14526951
440927,0.1371562
440936,0.18739796
440968,0.45640963
440973,0.2894634
440975,0.26317233
440979,0.46108714
440986,0.5771902
440987,0.19719963
440995,0.2135485
440998,0.26635948
441000,0.100766964
441004,0.45662546
441007,0.7057266
441014,0.666929
441026,0.46600065
441032,0.6023301
441042,0.15158002
441051,0.78546137
441060,0.26386222
441061,0.23311894
441081,0.63615614
441082,0.46638387
441085,0.29556724
441087,0.28919142
441089,0.10571962
441091,0.12071259
441095,0.32028058
441114,0.3798822
441128,0.5064895
441138,0.52789444
441154,0.2306947
441156,0.5611998
441157,0.8617045
441175,0.31583813
441183,0.5092294
441189,0.15432478
441207,0.22572993
441209,0.57785296
441217,0.35295257
441228,0.24095795
441229,0.35824978
441239,0.12659656
441244,0.2931477
441256,0.4721029
441275,0.42300147
441278,0.21315564
441284,0.1081182
441288,0.35055742
441293,0.69903696
441294,0.72323036
441297,0.9359793
441298,0.26889402
441304,0.1895082
441316,0.1336934
441318,0.21408038
441351,0.63962394
441354,0.68823344
441363,0.50876886
441373,0.62734914
441375,0.12933831
441382,0.33632857
441385,0.26219004
441388,0.2724039
441392,0.782448
441402,0.64351434
441413,0.41995677
441417,0.63554204
441427,0.4211327
441437,0.4042853
441453,0.51696616
441458,0.50280684
441459,0.092962675
441463,0.11651924
441466,0.17107396
441475,0.18073481
441479,0.1642663
441497,0.36300787
441501,0.46611956
441509,0.10003453
441513,0.32083723
441546,0.4063297
441547,0.12578699
441563,0.73074543
441565,0.24696003
441567,0.4299319
441576,0.431788
441577,0.33840507
441578,0.5777494
441597,0.27974904
441607,0.24080406
441609,0.1083518
441611,0.2828299
441613,0.32017893
441622,0.23103504
441637,0.5050875
441638,0.17647748
441652,0.34478614
441660,0.45875436
441667,0.48600137
441671,0.40751696
441672,0.07772215
441675,0.47498846
441679,0.18597819
441700,0.13311386
441701,0.2805126
441711,0.1953585
441725,0.28274858
441732,0.4385912
441741,0.3795758
441743,0.28935373
441761,0.09312139
441763,0.21014039
441766,0.058541838
441778,0.64258796
441780,0.30015457
441782,0.3434005
441785,0.70916027
441796,0.18852149
441808,0.57738245
441809,0.59677374
441811,0.27973667
441825,0.38525793
441828,0.53245455
441835,0.59629595
441860,0.24919476
441865,0.4657867
441871,0.2557485
441874,0.1779197
441876,0.26196057
441885,0.21055955
441896,0.5222539
441908,0.23415883
441913,0.26185602
441921,0.49781248
441926,0.19753851
441936,0.3423886
441941,0.35842735
441947,0.24891469
441957,0.4283929
441961,0.13276204
441969,0.10761668
441979,0.45250475
441986,0.27548766
441987,0.15239541
441996,0.7599324
441997,0.13291985
441998,0.48393145
442001,0.33148208
442002,0.45062214
442003,0.67862165
442010,0.09156731
442013,0.2224386
442015,0.70199
442026,0.28895932
442030,0.4402966
442032,0.6718576
442033,0.8653082
442039,0.59683144
442049,0.27094117
442054,0.29433957
442060,0.33480752
442065,0.5695101
442067,0.532443
442074,0.10952555
442076,0.20342143
442080,0.4611147
442085,0.41794777
442093,0.26779678
442100,0.5374727
442123,0.7198248
442124,0.68473417
442128,0.4009706
442149,0.4218285
442151,0.6282597
442157,0.43369955
442158,0.28442746
442159,0.31485444
442161,0.2860789
442179,0.2557603
442187,0.43286166
442190,0.2761928
442195,0.29116693
442199,0.5011142
442233,0.21771745
442234,0.5925036
442235,0.08301344
442250,0.038303014
442256,0.18966058
442258,0.7673249
442264,0.7477613
442280,0.39304423
442288,0.10606074
442290,0.1730567
442293,0.59661466
442299,0.60468405
442303,0.77997994
442306,0.09001895
442308,0.12322429
442312,0.34911358
442315,0.25737652
442320,0.30480203
442321,0.41748896
442328,0.44276443
442331,0.8069344
442359,0.11687463
442361,0.110486805
442366,0.39784628
442368,0.435396
442372,0.6705147
442378,0.37626004
442392,0.5988288
442393,0.2094104
442399,0.43142265
442401,0.70625496
442404,0.17781287
442405,0.47770235
442438,0.54292554
442442,0.39752853
442451,0.6538451
442452,0.14859436
442458,0.48623434
442461,0.63114786
442464,0.15751082
442468,0.4236372
442479,0.6226487
442484,0.66981435
442504,0.36032444
442505,0.25295472
442513,0.23969021
442520,0.04325723
442527,0.3397538
442539,0.23324977
442540,0.58798224
442541,0.10055083
442555,0.28030267
442577,0.6022745
442586,0.2859413
442588,0.17658053
442613,0.6238772
442616,0.550453
442622,0.65304
442626,0.2709294
442627,0.44697934
442641,0.11294989
442647,0.2073607
442653,0.6755392
442656,0.33288908
442662,0.22634834
442672,0.046597775
442682,0.19346143
442684,0.40787292
442685,0.3069104
442698,0.62320405
442709,0.32787558
442716,0.33896992
442718,0.24871819
442723,0.5578181
442724,0.40025508
442737,0.20141315
442742,0.67628187
442743,0.21494918
442746,0.47383532
442766,0.29227984
442767,0.52968866
442769,0.15187857
442792,0.3218979
442797,0.54404724
442799,0.2813925
442804,0.25694093
442807,0.36135066
442816,0.4712521
442819,0.41946304
442826,0.6811675
442831,0.46535823
442846,0.22807807
442854,0.48515946
442861,0.10358046
442862,0.16351382
442870,0.3997852
442875,0.32240635
442890,0.0997779
442891,0.48572806
442896,0.54525125
442897,0.3579832
442902,0.3570306
442903,0.6549658
442905,0.15574513
442915,0.5811081
442937,0.35993138
442947,0.7862523
442949,0.35613465
442954,0.57881826
442972,0.37386146
443012,0.5915066
443018,0.58022565
443029,0.22156133
443031,0.15615219
443033,0.13244799
443035,0.35092533
443039,0.063259535
443040,0.54576725
443051,0.46053803
443062,0.228215
443069,0.5962372
443080,0.507196
443081,0.65671045
443090,0.6217501
443092,0.3045789
443106,0.40063354
443119,0.4388222
443134,0.18977043
443161,0.29704508
443170,0.40606195
443177,0.22199827
443189,0.30211818
443193,0.15257207
443199,0.5082849
443212,0.6377717
443226,0.7195364
443230,0.22682086
443239,0.58444005
443241,0.09706406
443244,0.051668454
443249,0.17075814
443253,0.2130142
443262,0.16034068
443264,0.8320319
443266,0.32232362
443274,0.21413459
443283,0.15482375
443295,0.1544735
443304,0.20650423
443313,0.3702935
443317,0.098632924
443324,0.22702782
443339,0.23247996
443344,0.5790723
443345,0.18770674
443352,0.28178403
443355,0.21112727
443356,0.60562825
443360,0.73543876
443364,0.77703094
443368,0.05704841
443375,0.5733418
443380,0.5457165
443391,0.5961176
443392,0.029275885
443397,0.20110026
443403,0.41411024
443406,0.64232796
443420,0.67037416
443431,0.24945462
443441,0.41679516
443456,0.5465937
443457,0.7467632
443459,0.46437863
443460,0.6004593
443471,0.36724174
443474,0.44692
443486,0.58656377
443487,0.3636976
443490,0.13648085
443492,0.6914752
443495,0.56488
443505,0.19262145
443512,0.55984765
443555,0.38640285
443576,0.5111247
443582,0.110417634
443583,0.18486238
443585,0.22694692
443588,0.1533415
443592,0.15740186
443596,0.39924437
443597,0.032283466
443606,0.196345
443607,0.45840842
443608,0.3434437
443611,0.5445291
443612,0.28767148
443618,0.77024466
443623,0.34103325
443632,0.210041
443633,0.5156273
443634,0.11977414
443637,0.15635026
443638,0.84256774
443669,0.2696293
443672,0.33587357
443685,0.24510604
443686,0.10044744
443694,0.19321926
443695,0.50136423
443697,0.7903008
443700,0.49571487
443734,0.524656
443738,0.29579434
443742,0.2743037
443759,0.49940372
443760,0.14846846
443770,0.2746275
443776,0.25213295
443788,0.3160686
443791,0.6637936
443792,0.19428375
443803,0.5063278
443808,0.29128176
443832,0.27510577
443842,0.10150202
443847,0.20812456
443853,0.28412998
443854,0.8788446
443868,0.20607202
443873,0.28732902
443879,0.15186824
443883,0.20952186
443891,0.44571823
443908,0.45285192
443910,0.64699596
443918,0.19531403
443927,0.22072701
443935,0.5911507
443965,0.7884322
443974,0.14652042
443984,0.25446525
443986,0.32205105
443991,0.11133772
443996,0.08237854
444008,0.16046636
444014,0.25526476
444015,0.21878324
444182,0.10888889
444183,0.40008634
444185,0.18455365
444213,0.3387147
444229,0.18281439
444231,0.20571955
444234,0.2552621
444240,0.36530408
444249,0.22508606
444265,0.3439037
444268,0.23377442
444271,0.27733785
444278,0.2413659
444279,0.7059838
444283,0.6435
444285,0.17426893
444291,0.5713448
444297,0.101191364
444313,0.27538788
444318,0.22946633
444322,0.04199529
444333,0.3165327
444334,0.16101792
444359,0.5678568
444367,0.34291512
444369,0.43824232
444370,0.5572627
444376,0.18365413
444384,0.12744175
444387,0.7255368
444406,0.118252724
444409,0.64274186
444412,0.21224746
444418,0.67604023
444420,0.56203145
444424,0.07789148
444429,0.14324705
444432,0.4348895
444434,0.22163865
444440,0.24283414
444444,0.2896262
444450,0.19030073
444456,0.22900933
444457,0.2759214
444461,0.6839033
444504,0.40241563
444515,0.6952322
444516,0.35597152
444517,0.104491286
444519,0.71725076
444540,0.2322895
444573,0.5262062
444581,0.24880157
444582,0.1818229
444602,0.7721729
444605,0.31490576
444611,0.22855593
444614,0.21135719
444622,0.48244494
444624,0.59345883
444625,0.31637183
444639,0.37170607
444658,0.41953143
444673,0.17999399
444696,0.33277482
444719,0.15781549
444729,0.35535282
444737,0.4193955
444743,0.3997772
444758,0.44344983
444764,0.2220522
444780,0.2920262
444789,0.43211228
444795,0.4869125
444811,0.30977374
444814,0.05297426
444825,0.30929825
444831,0.11572647
444832,0.08188361
444835,0.6860602
444840,0.41861364
444841,0.5512558
444842,0.4548247
444846,0.3544343
444849,0.5796028
444867,0.14060228
444876,0.32422695
444893,0.33874723
444896,0.56797785
444897,0.17780972
444907,0.4485661
444908,0.17098783
444932,0.35226542
444933,0.35933334
444936,0.26492363
444941,0.669669
444942,0.47528568
444950,0.24573505
444956,0.1620238
444965,0.33957696
444966,0.41533646
444970,0.08098345
444971,0.8228882
444978,0.16025795
444982,0.29556903
444984,0.22005723
444986,0.24657622
445001,0.17284755
445016,0.25135309
445027,0.5924009
445029,0.2457004
445032,0.17152792
445037,0.38459578
445043,0.34591836
445044,0.731287
445047,0.27076334
445052,0.7291974
445073,0.6192305
445075,0.054812238
445076,0.39525682
445092,0.4207642
445095,0.3906058
445106,0.3721788
445110,0.50413424
445123,0.273306
445124,0.11505921
445141,0.4490252
445151,0.11229949
445160,0.43424025
445161,0.27706912
445164,0.63450783
445165,0.22664617
445169,0.42631626
445175,0.7057496
445178,0.5313819
445182,0.43876618
445183,0.081570305
445192,0.082253404
445193,0.5032699
445200,0.10614597
445202,0.1929606
445203,0.06926025
445207,0.28479585
445245,0.43672493
445256,0.29044878
445282,0.53691983
445294,0.34589148
445300,0.82098114
445316,0.24086748
445331,0.3473409
445332,0.16210696
445343,0.308863
445345,0.33783937
445346,0.36616662
445354,0.633399
445355,0.8025848
445356,0.21679862
445366,0.7708771
445369,0.5230778
445390,0.26799002
445392,0.4835461
445398,0.19832806
445401,0.5803487
445417,0.29645714
445427,0.19395234
445465,0.60263133
445469,0.3354407
445472,0.23874176
445475,0.6582316
445483,0.24092585
445484,0.21781738
445493,0.7098317
445496,0.15283452
445504,0.13938266
445505,0.6105556
445507,0.22126824
445531,0.8304844
445536,0.42916414
445544,0.19382538
445559,0.07831707
445580,0.27721027
445589,0.18306018
445591,0.30702558
445595,0.108276285
445601,0.11289195
445612,0.3648222
445639,0.2951807
445656,0.7495228
445666,0.31259108
445682,0.81950116
445686,0.35627
445700,0.33379656
445713,0.46720874
445716,0.21484835
445725,0.15311722
445728,0.19328013
445731,0.08768503
445742,0.529948
445743,0.77316797
445755,0.21049306
445766,0.2417362
445781,0.82374847
445798,0.31275642
445799,0.43191162
445801,0.8169576
445810,0.41255176
445813,0.51445085
445822,0.10532643
445824,0.36873952
445826,0.52946377
445828,0.14218037
445829,0.19094835
445838,0.41632462
445840,0.15026368
445845,0.3422303
445847,0.36629722
445849,0.42956394
445852,0.56362265
445853,0.52434707
445856,0.38398108
445863,0.22445734
445864,0.5885951
445871,0.7352858
445907,0.5338366
445908,0.15526715
445917,0.2964304
445919,0.6583253
445925,0.33592257
445930,0.22177394
445938,0.1668047
445943,0.43299744
445946,0.08543902
445948,0.5739331
445970,0.33448082
445972,0.12910469
445974,0.8088725
445976,0.23224393
445979,0.5689141
445993,0.113069266
446001,0.627714
446004,0.48640546
446025,0.2652233
446026,0.5337167
446046,0.4708566
446048,0.26343772
446055,0.41911614
446064,0.58607936
446068,0.22718997
446078,0.16479874
446094,0.34387323
446096,0.79043347
446120,0.5117216
446131,0.37321195
446139,0.59471864
446157,0.5993025
446179,0.46346465
446180,0.48592559
446186,0.4949656
446189,0.8322102
446200,0.48549074
446208,0.6860688
446210,0.23358603
446214,0.43087247
446226,0.19552545
446229,0.20656304
446237,0.39867464
446247,0.27629802
446256,0.38762844
446273,0.6188349
446286,0.19588964
446296,0.09472918
446302,0.70301145
446310,0.34192485
446315,0.18551466
446319,0.84649634
446320,0.54456437
446322,0.3933448
446356,0.74304974
446374,0.46694088
446375,0.38553834
446406,0.31047183
446407,0.09091437
446426,0.6115179
446428,0.5126614
446431,0.737594
446433,0.2297418
446437,0.7160336
446441,0.4328414
446452,0.34700394
446464,0.6556365
446466,0.44829273
446468,0.51413876
446469,0.56194997
446472,0.93231845
446476,0.32335544
446478,0.12188308
446485,0.12902655
446499,0.17256539
446503,0.38267243
446504,0.18140526
446509,0.6825226
446512,0.70835924
446525,0.47611797
446534,0.22227585
446535,0.35126176
446543,0.6792426
446546,0.1343949
446550,0.70692235
446555,0.49333134
446560,0.22033939
446564,0.4366981
446572,0.20553133
446593,0.25743276
446616,0.6272215
446617,0.28783873
446625,0.22005989
446626,0.684945
446631,0.6196294
446643,0.5788514
446647,0.26307052
446652,0.28905773
446655,0.48925194
446657,0.70626855
446663,0.44282666
446665,0.4987337
446676,0.39286742
446684,0.54521954
446694,0.18267217
446699,0.19144168
446702,0.3031573
446713,0.30885154
446720,0.8148933
446724,0.49364358
446728,0.54627645
446730,0.3961476
446738,0.41339096
446742,0.13667683
446743,0.2553478
446744,0.3274431
446750,0.43154556
446759,0.22736998
446760,0.5187978
446772,0.08642057
446786,0.36989066
446799,0.2809294
446800,0.7029949
446803,0.6423068
446812,0.21208349
446813,0.38690144
446815,0.21266334
446816,0.18897319
446832,0.45912704
446845,0.4493956
446846,0.07373099
446847,0.1527472
446850,0.23604667
446851,0.48782757
446855,0.5394277
446856,0.2817032
446867,0.09025141
446877,0.8315755
446880,0.61767185
446885,0.14012896
446892,0.15399957
446905,0.4399881
446909,0.60297024
446924,0.0500353
446935,0.22084439
446944,0.33964488
446945,0.24322158
446949,0.052097697
446952,0.27990475
446957,0.24057788
446961,0.45458815
446979,0.36970195
446980,0.61696607
446987,0.67042017
446991,0.30966145
447001,0.10979068
447013,0.3460903
447014,0.3781992
447023,0.30025676
447062,0.09254901
447072,0.37196058
447082,0.44931835
447084,0.30398777
447087,0.034820613
447092,0.17120373
447106,0.29736182
447107,0.42877898
447112,0.35992917
447147,0.19128354
447160,0.5699545
447176,0.24403627
447184,0.2481092
447188,0.19088198
447190,0.5932921
447191,0.2127889
447198,0.49798167
447199,0.3730677
447200,0.42367956
447202,0.1988276
447209,0.6965023
447210,0.3363931
447228,0.8255943
447230,0.061349712
447235,0.4033146
447246,0.6742603
447248,0.39307365
447263,0.41521922
447265,0.39990863
447272,0.38891143
447285,0.36593118
447293,0.66155297
447305,0.37305123
447312,0.23264277
447326,0.3648293
447327,0.35628095
447361,0.13131586
447367,0.6602431
447381,0.4791809
447387,0.7042513
447390,0.7048832
447391,0.39273304
447416,0.55984414
447419,0.387441
447420,0.47296667
447422,0.1350176
447425,0.41590095
447444,0.19783269
447458,0.23764144
447460,0.14086407
447467,0.27732292
447479,0.64264154
447482,0.5549048
447496,0.34705585
447504,0.15256251
447507,0.21246354
447519,0.094136626
447522,0.2504306
447528,0.34882036
447529,0.13173217
447532,0.550316
447540,0.64092994
447543,0.5337691
447546,0.24362978
447554,0.14766663
447571,0.20209111
447575,0.14763966
447591,0.28438264
447599,0.7619673
447600,0.41470107
447601,0.18230838
447606,0.31439057
447607,0.41133934
447618,0.67387265
447621,0.2335839
447633,0.12945655
447638,0.16923384
447642,0.26879492
447644,0.4364637
447654,0.6179811
447670,0.23209806
447671,0.35102415
447672,0.58334434
447674,0.55388725
447676,0.5317641
447692,0.83818966
447696,0.5205227
447698,0.45636597
447704,0.20428944
447705,0.44905597
447708,0.32504725
447709,0.8118349
447715,0.3930693
447727,0.30314273
447736,0.44485182
447742,0.1561859
447743,0.5285762
447745,0.44850644
447748,0.69295496
447751,0.8500486
447752,0.18314853
447796,0.23395559
447810,0.31222406
447812,0.4426866
447814,0.8706556
447815,0.26527193
447816,0.50659823
447817,0.7299276
447835,0.2854189
447842,0.75994605
447844,0.062538534
447862,0.7776973
447865,0.6178433
447868,0.5135229
447873,0.098583676
447876,0.072636366
447881,0.40848744
447882,0.7478611
447883,0.23713163
447904,0.5561525
447907,0.58258265
447915,0.7824442
447931,0.22510804
447945,0.3064831
447947,0.5551821
447958,0.22712742
447967,0.07171038
447968,0.5308025
447972,0.8465247
447975,0.3820292
447976,0.42840138
447978,0.08685881
447983,0.3398475
447993,0.45088583
447998,0.52279204
448001,0.31601465
448005,0.50528127
448007,0.53415275
448011,0.51524186
448012,0.23367453
448016,0.3471094
448030,0.20160535
448039,0.51131237
448040,0.2754242
448045,0.67164826
448046,0.461136
448051,0.39718997
448084,0.403272
448091,0.56357455
448100,0.43695602
448125,0.6724104
448143,0.28168783
448146,0.39285067
448150,0.52492106
448160,0.63252467
448163,0.33481067
448165,0.53704333
448182,0.1537509
448185,0.2899238
448188,0.22319265
448189,0.14828508
448209,0.4281731
448210,0.41853866
448218,0.18011324
448224,0.78799886
448241,0.21821275
448243,0.08497181
448244,0.11855164
448245,0.4649291
448254,0.5093155
448278,0.62390107
448279,0.4704986
448282,0.322876
448284,0.25621673
448285,0.788046
448301,0.6601363
448302,0.8189707
448305,0.29306555
448317,0.32945126
448330,0.53955746
448335,0.11204571
448338,0.34902474
448340,0.17065294
448341,0.29584166
448347,0.6470088
448350,0.6104666
448353,0.29926276
448361,0.36654097
448370,0.38547564
448380,0.52503926
448400,0.7157798
448411,0.45259884
448412,0.665131
448417,0.44219458
448420,0.41454047
448422,0.27694654
448424,0.14391124
448447,0.46757245
448459,0.6061501
448464,0.11017118
448470,0.5837029
448490,0.16599369
448494,0.308174
448500,0.6797058
448515,0.05069515
448522,0.48027587
448526,0.15228729
448536,0.7848785
448548,0.103289604
448566,0.5298022
448573,0.15901981
448584,0.13013229
448585,0.24944557
448597,0.20918362
448599,0.29020292
448601,0.12422403
448604,0.2561335
448606,0.27356532
448610,0.4714002
448642,0.47092977
448660,0.19066894
448669,0.18914479
448674,0.4182777
448675,0.5877308
448678,0.37142333
448690,0.22255422
448693,0.11689107
448695,0.5505973
448700,0.32277346
448703,0.2388885
448704,0.65683985
448707,0.21131468
448720,0.74585575
448727,0.75657195
448728,0.49085346
448734,0.81210744
448746,0.20511624
448755,0.28656396
448760,0.77568126
448770,0.27740335
448778,0.24793908
448788,0.34764645
448790,0.6283737
448801,0.23647532
448805,0.5150438
448806,0.11565089
448812,0.19001564
448817,0.7888531
448834,0.16525142
448837,0.76281625
448838,0.19040592
448853,0.5408333
448856,0.32880622
448868,0.50637746
448876,0.12522833
448909,0.7909813
448917,0.578503
448919,0.42327425
448922,0.2932857
448931,0.4477909
448935,0.30814445
448937,0.22826993
448940,0.21060593
448948,0.6163494
448958,0.43940607
448967,0.58508384
448968,0.21533258
448973,0.544525
448993,0.29367125
449000,0.73429775
449011,0.7327688
449015,0.036414552
449030,0.4469743
449035,0.28782278
449040,0.11150333
449045,0.19198133
449060,0.20884463
449081,0.46583253
449082,0.1740613
449087,0.7066502
449095,0.26568696
449105,0.6222534
449110,0.3493603
449117,0.3704138
449126,0.30401582
449134,0.25714353
449141,0.23986973
449148,0.644162
449155,0.12657574
449158,0.6471373
449160,0.26416388
449178,0.68172646
449180,0.7449782
449183,0.43404892
449186,0.44565687
449193,0.24913977
449196,0.23631404
449203,0.072034396
449213,0.23370546
449214,0.09781479
449215,0.23019028
449216,0.3546921
449224,0.4473322
449227,0.54472363
449230,0.09624621
449233,0.5595024
449253,0.40446767
449254,0.51142913
449264,0.8818603
449289,0.7015758
449302,0.14616379
449308,0.5705118
449314,0.10237101
449322,0.4360464
449323,0.21623038
449364,0.30673978
449368,0.22960098
449391,0.2527894
449403,0.57031935
449408,0.46985844
449409,0.18588553
449412,0.15155378
449424,0.50357854
449427,0.31228492
449462,0.11832889
449465,0.24137746
449469,0.18380506
449475,0.1760573
449476,0.41332215
449483,0.11191343
449484,0.440501
449487,0.18801758
449492,0.17568415
449499,0.5347863
449502,0.12048742
449506,0.061870687
449508,0.37357077
449514,0.2007445
449517,0.3622377
449534,0.45785275
449540,0.29755184
449543,0.44929582
449545,0.30216235
449548,0.6158878
449555,0.41678208
449556,0.651492
449558,0.23954305
449566,0.30353358
449574,0.5028628
449576,0.39183566
449578,0.09561839
449581,0.23325697
449586,0.3846259
449591,0.37248844
449594,0.36770132
449599,0.46618062
449606,0.21356127
449615,0.1851201
449616,0.33595702
449625,0.2486053
449633,0.20633242
449636,0.7844789
449637,0.77371436
449642,0.1802724
449683,0.6934811
449684,0.10267809
449711,0.090812825
449713,0.2675998
449716,0.68556887
449741,0.32030284
449745,0.22143519
449747,0.33166665
449756,0.36165386
449759,0.21993251
449760,0.6865134
449768,0.21453072
449773,0.40100142
449775,0.33652183
449780,0.059226643
449788,0.3881692
449792,0.40178373
449802,0.34138635
449812,0.6735981
449815,0.5624214
449818,0.279509
449820,0.32542074
449821,0.18740797
449822,0.7709023
449831,0.28946275
449837,0.23349106
449855,0.73089004
449857,0.47577086
449865,0.53067005
449866,0.32564375
449871,0.41134128
449873,0.4610418
449874,0.26845628
449877,0.12481134
449881,0.26185173
449889,0.43423945
449893,0.18217193
449894,0.4283284
449897,0.4648075
449900,0.20071383
449910,0.34227353
449924,0.6120963
449928,0.35478187
449932,0.8215718
449942,0.24381746
449947,0.44206885
449955,0.5072657
449972,0.06076283
449984,0.64897156
450004,0.10530334
450027,0.41428947
450029,0.21396227
450035,0.47633266
450038,0.138555
450042,0.8697433
450044,0.3367168
450060,0.42676648
450065,0.2098515
450076,0.22866324
450081,0.7642194
450083,0.5318558
450096,0.6264752
450102,0.19602437
450107,0.6633976
450109,0.31056476
450110,0.14776058
450111,0.31282827
450114,0.1919301
450117,0.43907607
450118,0.6526922
450124,0.7012355
450141,0.6846079
450145,0.25198025
450148,0.3616086
450169,0.27949467
450172,0.7349358
450173,0.28870314
450180,0.31877407
450182,0.0636521
450190,0.4533914
450200,0.44352296
450216,0.17388763
450221,0.36436534
450227,0.83324176
450229,0.09969834
450233,0.31799048
450244,0.5392646
450251,0.81600505
450260,0.18066299
450266,0.59777075
450267,0.40795234
450272,0.11105819
450280,0.53449935
450287,0.19300549
450290,0.31777158
450291,0.6226033
450303,0.27461287
450310,0.3213265
450311,0.3602196
450358,0.35164282
450373,0.50015676
450376,0.3584249
450383,0.29074603
450395,0.4921836
450398,0.7889722
450412,0.68362755
450415,0.6869043
450420,0.34374484
450421,0.7276241
450427,0.2731519
450428,0.29479462
450429,0.44878468
450433,0.26447156
450443,0.2773356
450453,0.13252577
450454,0.19248703
450458,0.58781415
450464,0.15924007
450469,0.55254763
450475,0.14082412
450478,0.7941034
450498,0.27837
450501,0.58620125
450503,0.21190956
450513,0.82190233
450523,0.32248488
450530,0.60417324
450537,0.34548584
450543,0.23298407
450554,0.35780036
450555,0.3650003
450558,0.46181652
450568,0.16123524
450569,0.3664031
450580,0.18906336
450581,0.2002275
450588,0.19566555
450589,0.3448335
450602,0.5240548
450603,0.1314521
450621,0.2678047
450626,0.8319417
450640,0.2203969
450641,0.13805786
450644,0.7676089
450658,0.720408
450672,0.7333852
450772,0.22444353
450778,0.18835628
450781,0.34380162
450788,0.1428446
450792,0.6462852
450817,0.16222459
450820,0.090496644
450835,0.6285364
450848,0.7643319
450853,0.7909933
450865,0.2653942
450878,0.12228808
450883,0.092249535
450885,0.39086512
450896,0.13546303
450897,0.40547466
450898,0.44523534
450904,0.46357396
450908,0.6244562
450917,0.16680016
450921,0.10566371
450923,0.71420795
450926,0.5565391
450929,0.40461135
450937,0.408211
450963,0.63646454
450971,0.59122133
450973,0.46836916
450978,0.7994954
450982,0.043184754
450995,0.57637
450997,0.22774133
451033,0.09141767
451035,0.17589755
451037,0.5228617
451039,0.19403806
451063,0.11578957
451079,0.27073342
451081,0.102159105
451083,0.32388452
451100,0.51440287
451101,0.13155645
451104,0.2444367
451109,0.28165814
451119,0.4098195
451124,0.29880393
451126,0.23298818
451146,0.5434
451155,0.1297591
451156,0.24035269
451160,0.5894868
451163,0.12889872
451168,0.46066144
451175,0.2996349
451184,0.25949705
451189,0.46541613
451206,0.3342634
451208,0.33944368
451225,0.124321766
451226,0.22048977
451228,0.8422469
451230,0.515043
451235,0.2064711
451239,0.1598345
451242,0.1875752
451247,0.32362095
451248,0.46686834
451255,0.4578669
451261,0.20115088
451270,0.5256842
451277,0.13634597
451278,0.622699
451282,0.43422437
451283,0.42739373
451302,0.40538973
451310,0.36124662
451315,0.47530475
451328,0.29063132
451330,0.5074552
451331,0.7849964
451338,0.22560608
451342,0.5963325
451347,0.13341527
451350,0.57901376
451351,0.33275327
451354,0.19825543
451358,0.41253984
451370,0.15739064
451379,0.7447031
451383,0.3264951
451390,0.53815955
451391,0.3614452
451392,0.78458625
451412,0.3854975
451422,0.18217038
451429,0.1257991
451432,0.40232778
451437,0.3633808
451442,0.38128027
451455,0.38403326
451457,0.32743528
451464,0.45875928
451472,0.3900665
451474,0.43536276
451488,0.4313145
451512,0.20035683
451516,0.59778464
451519,0.8359222
451528,0.15833873
451531,0.22397348
451551,0.38197786
451564,0.41586602
451570,0.67834103
451571,0.2597428
451575,0.62177104
451576,0.47662458
451582,0.6288228
451586,0.28169176
451587,0.67532057
451594,0.58430994
451596,0.19013856
451600,0.65412086
451615,0.26764807
451616,0.3459844
451646,0.6535457
451648,0.4979126
451650,0.21357505
451651,0.6189023
451662,0.49818408
451675,0.06810042
451680,0.23572731
451682,0.52946407
451688,0.22142327
451691,0.29138485
451698,0.42568526
451703,0.34769103
451709,0.37294763
451714,0.48651922
451716,0.5783512
451719,0.5715768
451724,0.37592936
451726,0.38509467
451733,0.08523255
451743,0.2989929
451747,0.3163147
451756,0.13091286
451761,0.5071417
451762,0.55069023
451768,0.13961716
451785,0.14275089
451805,0.040542666
451811,0.81760055
451817,0.06032642
451823,0.6044749
451831,0.15333864
451840,0.4048373
451845,0.19307204
451852,0.47329378
451855,0.31232032
451856,0.19305104
451871,0.28496432
451873,0.4837757
451897,0.48598057
451907,0.44152474
451908,0.47822425
451919,0.289806
451932,0.25862047
451934,0.33728445
451935,0.45890298
451936,0.6618621
451938,0.122600205
451954,0.1630839
451958,0.38656664
451976,0.6655049
451977,0.3969462
451983,0.5798097
452000,0.30544987
452023,0.288229
452024,0.10194024
452028,0.1857315
452039,0.23820883
452043,0.49256235
452047,0.31595728
452067,0.5742421
452069,0.16386561
452071,0.23810449
452096,0.7220541
452101,0.6633497
452107,0.60302365
452108,0.23169515
452109,0.7446843
452123,0.25792837
452127,0.21182087
452131,0.4593125
452133,0.20521025
452136,0.70003444
452137,0.4179312
452142,0.19769982
452147,0.5972796
452158,0.36999598
452172,0.5110847
452190,0.5693834
452191,0.27096164
452192,0.12841852
452195,0.42433873
452209,0.44323525
452237,0.27799687
452239,0.20390244
452242,0.5210234
452246,0.0732547
452249,0.6763119
452263,0.37418714
452267,0.2565255
452273,0.5206512
452274,0.5124637
452291,0.6810745
452310,0.6012572
452319,0.29589868
452325,0.20306726
452328,0.6303171
452330,0.59340376
452332,0.40861127
452337,0.21005194
452353,0.7761287
452356,0.85891783
452368,0.10238124
452379,0.7529828
452380,0.830715
452396,0.5032166
452398,0.5843159
452401,0.27820545
452408,0.29501697
452409,0.35022086
452414,0.47366318
452418,0.56303716
452422,0.3510034
452430,0.64428395
452432,0.20493497
452451,0.36688212
452455,0.46085393
452495,0.27750438
452497,0.7220485
452511,0.43643272
452514,0.080028884
452522,0.6069668
452529,0.314074
452530,0.7376814
452542,0.2782505
452545,0.19305034
452558,0.20200896
452592,0.6479544
452604,0.04758316
452616,0.22506262
452619,0.17700802
452620,0.27563637
452630,0.31788677
452644,0.44810137
452658,0.07592112
452663,0.38627765
452668,0.2732913
452672,0.6035328
452679,0.35116452
452685,0.53199905
452690,0.49075702
452701,0.6826643
452702,0.6270104
452708,0.38421997
452714,0.31065702
452718,0.3416457
452731,0.11457633
452733,0.50433844
452741,0.27232343
452748,0.7836018
452750,0.11372057
452753,0.40817538
452759,0.11599279
452767,0.7661635
452768,0.87861127
452788,0.14093332
452802,0.16346577
452807,0.41958866
452819,0.3405958
452820,0.14500427
452821,0.2705751
452840,0.775539
452851,0.30925396
452861,0.28369102
452865,0.2372807
452871,0.48996943
452882,0.41999167
452903,0.2511018
452906,0.5971626
452907,0.672285
452914,0.4762226
452929,0.46185806
452931,0.5754644
452932,0.45119712
452948,0.36311594
452950,0.3187822
452963,0.19973959
452974,0.24921066
452982,0.40263823
452984,0.607759
452994,0.17640603
452995,0.42111757
452998,0.25569183
453003,0.6303302
453021,0.19967413
453040,0.49913806
453042,0.47025046
453052,0.4973215
453056,0.14077602
453066,0.20752001
453067,0.137825
453072,0.12928814
453085,0.3045348
453093,0.3589871
453094,0.32047212
453100,0.07156433
453101,0.37910178
453107,0.4998025
453110,0.47565642
453111,0.6868435
453113,0.13995145
453114,0.0731507
453124,0.08410041
453129,0.24075618
453142,0.7010513
453145,0.5664298
453152,0.4611565
453159,0.4054983
453168,0.36739442
453196,0.4040384
453212,0.5356693
453214,0.3403726
453215,0.40152696
453220,0.13326116
453230,0.8646964
453233,0.6983374
453235,0.24953939
453244,0.6726106
453248,0.7385795
453262,0.12703043
453268,0.3317253
453283,0.22493541
453284,0.25238848
453287,0.24029317
453299,0.45159888
453314,0.19796506
453322,0.431992
453349,0.864145
453354,0.6413756
453356,0.5137373
453359,0.5995862
453366,0.41155848
453367,0.39951387
453372,0.10026755
453378,0.83620584
453390,0.17153741
453397,0.5592781
453403,0.17045704
453406,0.7421421
453412,0.6631594
453415,0.82196194
453428,0.45788535
453431,0.24528234
453442,0.27556962
453449,0.091928616
453465,0.2495407
453473,0.8166543
453476,0.25156793
453479,0.20932284
453480,0.221149
453481,0.39502087
453493,0.15658003
453494,0.2732988
453507,0.5735887
453509,0.41916206
453514,0.69254947
453524,0.41329134
453534,0.22489402
453538,0.41550055
453544,0.55162996
453549,0.06904373
453550,0.7270673
453551,0.06531187
453556,0.3891548
453560,0.7008186
453566,0.54703194
453569,0.4872011
453579,0.21277775
453582,0.20289831
453586,0.67892087
453618,0.22377104
453620,0.43096074
453655,0.6741731
453659,0.26694998
453668,0.38715813
453681,0.1578901
453686,0.5711942
453687,0.35595506
453704,0.08073383
453707,0.48928183
453708,0.16261572
453709,0.52241236
453715,0.25845975
453721,0.37985444
453725,0.32292
453727,0.23483826
453747,0.82203645
453753,0.52407444
453755,0.20770326
453761,0.12941027
453763,0.10921177
453766,0.1188465
453774,0.12533581
453781,0.7994211
453790,0.30643547
453797,0.81505316
453808,0.47292125
453814,0.34053648
453836,0.3945385
453837,0.113812976
453843,0.29228938
453844,0.085009485
453871,0.100608744
453881,0.6288802
453892,0.8052829
453893,0.35035592
453894,0.26750436
453895,0.2867074
453903,0.49632388
453906,0.55928284
453918,0.41002363
453924,0.36161995
453930,0.6747955
453940,0.08645315
453944,0.58805513
453947,0.84356487
453949,0.42868808
453952,0.50442505
453959,0.32639834
453971,0.3974451
453986,0.7713242
453988,0.28488848
453989,0.5970498
453999,0.53406155
454007,0.5413883
454021,0.12963226
454023,0.7456954
454036,0.27415267
454046,0.12560509
454052,0.54562914
454066,0.34037492
454070,0.68371004
454071,0.3262432
454075,0.4222503
454080,0.116164684
454085,0.3387162
454097,0.6583105
454103,0.33972126
454105,0.42594686
454108,0.3699724
454109,0.43241212
454137,0.63900673
454150,0.06142944
454155,0.19826637
454164,0.49159276
454165,0.17941375
454170,0.7133603
454173,0.20225163
454181,0.045055397
454183,0.6649623
454188,0.767064
454192,0.13968065
454198,0.8283846
454200,0.17874448
454209,0.07669489
454211,0.7892457
454212,0.100300334
454218,0.79971117
454220,0.45287848
454231,0.19946767
454242,0.1465823
454245,0.12158071
454261,0.18847284
454269,0.5537873
454271,0.27938512
454287,0.42465717
454293,0.60141844
454296,0.33545336
454304,0.46786088
454313,0.5858977
454315,0.55561304
454321,0.24878387
454333,0.59511226
454334,0.44265705
454345,0.10196331
454347,0.45106223
454361,0.5974833
454380,0.3466586
454382,0.5623327
454386,0.49138728
454390,0.45536706
454396,0.37375766
454398,0.6614797
454403,0.2151339
454405,0.23871632
454406,0.45652616
454412,0.4393582
454418,0.46043712
454436,0.1529588
454443,0.49922776
454449,0.43702817
454457,0.7332353
454466,0.12306027
454471,0.7599253
454476,0.7649902
454489,0.65576106
454493,0.58160615
454495,0.2559036
454497,0.051465794
454522,0.17983416
454554,0.49675533
454557,0.19746664
454560,0.22455645
454561,0.31233868
454563,0.29457244
454565,0.2746292
454566,0.4430481
454578,0.5659089
454605,0.43478906
454608,0.2464147
454612,0.114314705
454618,0.46973318
454622,0.29856962
454631,0.5395704
454638,0.20662546
454639,0.7139669
454640,0.5568285
454653,0.5259113
454663,0.24844632
454664,0.657507
454674,0.84293807
454678,0.76919824
454680,0.16897702
454687,0.34195793
454690,0.23999278
454698,0.7003007
454700,0.60729706
454707,0.16164513
454714,0.21662806
454722,0.5258199
454723,0.22639376
454739,0.47561854
454745,0.3297051
454763,0.57245666
454765,0.2554845
454774,0.26651493
454778,0.22140387
454780,0.45038763
454781,0.6040704
454789,0.10132897
454801,0.246275
454802,0.26158512
454835,0.3131
454837,0.26717696
454841,0.05497864
454872,0.42146465
454878,0.24192818
454884,0.13843943
454891,0.41031376
454897,0.45742834
454908,0.37811887
454912,0.25820872
454922,0.26333097
454929,0.44700173
454935,0.2805971
454946,0.7433826
454959,0.36634552
454970,0.1848378
454991,0.2981335
455002,0.6933871
455005,0.70010924
455016,0.6806347
455021,0.03531461
455022,0.42349955
455024,0.6587859
455044,0.73975307
455050,0.22141509
455055,0.7836906
455056,0.4905138
455067,0.17600623
455069,0.15906891
455082,0.2844869
455087,0.1410797
455088,0.34331217
455112,0.48375055
455126,0.40777296
455132,0.2451362
455135,0.62044764
455148,0.17252752
455156,0.35911018
455161,0.663533
455162,0.56419545
455164,0.6967862
455171,0.5123963
455174,0.0346018
455175,0.4649123
455184,0.747753
455188,0.37843463
455200,0.6951393
455209,0.7729244
455212,0.62866616
455217,0.37391648
455222,0.3397703
455223,0.48506302
455228,0.3889298
455243,0.1490614
455246,0.101557486
455255,0.7528846
455262,0.55065036
455268,0.45883977
455277,0.7249941
455281,0.576367
455296,0.23181772
455297,0.18664351
455322,0.094179474
455326,0.81124175
455327,0.75591516
455328,0.33807933
455368,0.12097673
455374,0.7663626
455377,0.069048256
455378,0.07512959
455379,0.30392408
455395,0.21979514
455424,0.54969937
455425,0.20812707
455429,0.076384015
455434,0.5685011
455436,0.1963766
455438,0.3155529
455439,0.42839944
455440,0.1587252
455441,0.23090033
455481,0.14668365
455482,0.14394635
455483,0.081086606
455484,0.72742486
455489,0.5028649
455490,0.3860598
455513,0.8886308
455515,0.6424456
455536,0.26367918
455537,0.26888123
455538,0.19396046
455539,0.49997818
455567,0.673775
455583,0.24137685
455607,0.349403
455636,0.7057703
455638,0.2534476
455640,0.7251129
455644,0.19055232
455645,0.21830618
455648,0.3307794
455650,0.11231625
455658,0.62585795
455694,0.2540813
455695,0.31861654
455696,0.3445991
455703,0.70558906
455742,0.11668742
455748,0.70255643
455749,0.46018907
455750,0.745597
455751,0.21885768
455752,0.60249215
455787,0.36480817
455798,0.29981384
455802,0.57879746
455803,0.43761897
455804,0.40781283
455805,0.19863117
455829,0.1117745
455840,0.4683656
455849,0.43763044
455850,0.51997966
455852,0.40799114
455854,0.65013987
455863,0.30199787
455897,0.28618652
455902,0.24932718
455907,0.12815982
455908,0.43821076
455909,0.3426308
455940,0.19320987
455955,0.537345
455958,0.33089012
455959,0.5155632
455960,0.13346675
455961,0.7250397
455962,0.3647163
455963,0.29634732
455965,0.205934
456007,0.84782916
456008,0.20066097
456009,0.34133878
456010,0.52645445
456011,0.27510014
456013,0.60888344
456028,0.6042153
456058,0.68639964
456111,0.57753664
456114,0.35152763
456115,0.5606002
456116,0.15439692
456119,0.22359079
456120,0.42786813
456122,0.46172383
456123,0.2704339
456166,0.5224587
456167,0.31117743
456168,0.37900838
456169,0.39085937
456170,0.17685248
456189,0.5479044
456202,0.67588896
456221,0.26693133
456222,0.54855204
456223,0.23951903
456224,0.294457
456250,0.68802136
